area_sqft,bhk,property_type,lat,lon,price_inr
2250,3,Apartment,23.1008171,72.4946672,11270000.0
1674,3,Apartment,23.092529,72.561323,7328000.0
1080,2,Apartment,22.9821021,72.4975186,4245000.0
2320,3,Apartment,23.0516973,72.535169,16700000.0
4410,4,Apartment,23.057541,72.5435085,14500000.0
1215,2,Apartment,22.9729765,72.5895984,3000000.0
3726,4,Apartment,23.0967876,72.5966689,13799999.999999998
3798,4,Villa,22.8927975,72.4910926,13500000.0
1800,3,Apartment,23.021803,72.4747707,5200000.0
3877,4,Apartment,23.0169268,72.5204317,20000000.0
3384,5,Villa,22.8927975,72.4910926,18100000.0
1850,3,Apartment,23.021803,72.4747707,8650000.0
918,3,Apartment,23.0967876,72.5966689,7400000.0
1800,3,Apartment,23.081994,72.5519258,6300000.0
2610,3,Apartment,23.0774129,72.4943545,14700000.0
2237,4,Apartment,23.0417971,72.4911758,36490000.0
3240,4,Apartment,23.0181819,72.4681909,16210000.0
1080,2,Apartment,22.9821021,72.4975186,4245000.0
4410,4,Apartment,23.057541,72.5435085,14500000.0
1215,2,Apartment,22.9729765,72.5895984,3000000.0
3726,4,Apartment,23.0967876,72.5966689,13799999.999999998
3798,4,Villa,22.8927975,72.4910926,13500000.0
1800,3,Apartment,23.021803,72.4747707,5200000.0
3384,5,Villa,22.8927975,72.4910926,18100000.0
1850,3,Apartment,23.021803,72.4747707,8650000.0
918,3,Apartment,23.0967876,72.5966689,7400000.0
1800,3,Apartment,23.081994,72.5519258,6300000.0
2610,3,Apartment,23.0774129,72.4943545,14700000.0
4075,4,Apartment,23.0107147,72.4429208,7600000.0
841,3,Apartment,23.0107147,72.4429208,7306000.0
1890,3,Apartment,23.107121,72.5848584,8500000.0
10201,5,Apartment,23.0485393,72.511742,43000000.0
6912,6,Apartment,23.1589328,72.5380315,48500000.0
3406,5,Apartment,23.1360943,72.5425805,25500000.0
3121,5,Apartment,23.021803,72.4747707,15100000.0
866,3,Apartment,23.0107147,72.4429208,6575000.0
1980,3,Apartment,23.096244,72.4657337,8800000.0
1104,3,Apartment,23.1589328,72.5380315,8800000.0
2365,4,Apartment,23.1589328,72.5380315,14100000.0
970,3,Apartment,23.2770506,72.0875893,10200000.0
2160,4,Apartment,23.0445921,72.517344,24000000.0
3346,5,Apartment,23.0417971,72.4911758,54500000.0
1421,3,Apartment,23.119848,72.5152135,9900000.0
1760,3,Apartment,23.0544372,72.4720756,8700000.0
869,3,Apartment,23.021803,72.4747707,8100000.000000001
10920,5,Apartment,23.057541,72.5435085,15200000.0
875,3,Apartment,23.0107147,72.4429208,9500000.0
2879,5,Apartment,22.996342,72.5043085,20600000.0
871,3,Apartment,23.1358111,72.5818846,6881000.0
1985,3,Apartment,23.0796581,72.4947377,16500000.0
1593,4,Apartment,23.119848,72.5152135,12500000.0
6326,5,Apartment,23.0107147,72.4429208,26800000.0
699,2,Apartment,23.1283467,72.558657,6000000.0
3170,4,Apartment,23.0535306,72.4934085,16299999.999999998
979,3,Apartment,22.9317728,72.5749418,3700000.0
1154,3,Apartment,23.1646919,72.5821046,4575000.0
4059,4,Apartment,23.0774129,72.4943545,16200000.000000002
7288,5,Apartment,23.0535306,72.4934085,89600000.00000001
1377,2,Apartment,23.0556364,72.5965538,10800000.0
931,3,Apartment,23.0107147,72.4429208,7392000.0
1422,2,Apartment,23.1360943,72.5425805,6162000.0
860,3,Apartment,23.0732586,72.6508299,8199999.999999999
4393,5,Apartment,23.1701591,72.526586,61000000.0
3000,3,Apartment,23.0445921,72.517344,33500000.0
3843,4,Apartment,23.0774129,72.4943545,18200000.0
3906,4,Apartment,23.057541,72.5435085,25700000.0
3400,4,Apartment,23.0485393,72.511742,35000000.0
11090,6,Apartment,23.0796581,72.4947377,45800000.0
1845,3,Apartment,23.1358111,72.5818846,6662000.0
2376,3,Apartment,23.1360943,72.5425805,13500000.0
986,3,Apartment,23.021803,72.4747707,7200000.0
1750,3,Apartment,23.0544372,72.4720756,8225000.0
3785,5,Apartment,23.0544372,72.4720756,25000000.0
933,3,Apartment,23.1283467,72.558657,5200000.0
948,3,Apartment,23.1283467,72.558657,7100000.0
850,3,Apartment,23.1358111,72.5818846,7500000.0
1730,3,Apartment,23.1043633,72.5493536,12500000.0
5615,4,Apartment,22.9992107,72.5599564,69800000.0
853,3,Apartment,23.0980012,72.7096941,8500000.0
1700,3,Apartment,23.1143235,72.5587865,9500000.0
2015,4,Apartment,23.1010002,72.5408363,12800000.0
746,3,Apartment,22.9993547,72.6137203,5400000.0
2475,4,Apartment,23.0445921,72.517344,39600000.0
1200,4,Villa,22.9969634,72.633455,11000000.0
1750,3,Apartment,23.0544372,72.4720756,8225000.0
1066,3,Apartment,23.081994,72.5519258,12500000.0
2105,4,Apartment,23.0232163,72.4708784,31000000.0
1663,3,Apartment,23.3254747,72.0554467,9300000.0
765,2,Apartment,23.0787426,72.6681866,9500000.0
899,3,Apartment,23.0232163,72.4708784,8199999.999999999
2340,4,Apartment,23.1201139,72.6251307,13000000.0
3120,4,Apartment,23.0567133,72.5508575,17100000.0
650,2,Apartment,23.1283467,72.558657,6000000.0
1258,3,Apartment,23.0145531,72.5635432,15400000.0
861,3,Apartment,23.0544372,72.4720756,9767000.0
2610,4,Villa,23.0063315,72.536517,12000000.0
882,3,Apartment,22.9969634,72.633455,4739000.0
4833,5,Apartment,23.0544372,72.4720756,45000000.0
1437,3,Apartment,22.9948656,72.6624431,12600000.0
1566,4,Apartment,23.081994,72.5519258,11900000.0
1117,3,Apartment,23.081994,72.5519258,12000000.0
3240,4,Apartment,23.1143235,72.5587865,32500000.0
1135,3,Apartment,23.2467926,72.4855418,15100000.0
2367,3,Villa,22.9645191,72.4704112,19500000.0
3060,5,Apartment,22.7233653,72.4382809,20000000.0
1800,3,Villa,23.2770506,72.0875893,41100000.0
1725,3,Apartment,23.0107147,72.4429208,8400000.0
945,2,Apartment,23.0847978,72.5512141,3500000.0
820,3,Apartment,23.0232163,72.4708784,5300000.0
2731,4,Apartment,22.996342,72.5043085,9900000.0
3897,4,Apartment,23.107121,72.5848584,12700000.0
1500,3,Apartment,23.217789,72.667326,7500000.0
999,2,Apartment,23.0682646,72.5624497,7500000.0
811,3,Apartment,23.0107147,72.4429208,5130000.0
1458,2,Apartment,23.1100643,72.5811205,6550000.0
2160,3,Apartment,23.1646919,72.5821046,7900000.0
1291,3,Villa,23.1100643,72.5811205,53500000.0
1827,4,Villa,23.0283548,72.4972944,29000000.0
1080,2,Apartment,22.9948656,72.6624431,4099999.9999999995
4690,4,Villa,23.0012666,72.5877721,34000000.0
859,3,Apartment,23.1360943,72.5425805,11000000.0
1475,3,Apartment,23.017704,72.4696021,8500000.0
1470,3,Apartment,23.0907373,72.5906069,6000000.0
5850,5,Apartment,23.0399395,72.5020526,25000000.0
1500,3,Apartment,22.983483,72.5007203,3990000.0
8318,5,Villa,22.8927975,72.4910926,22900000.0
1341,2,Apartment,23.2145657,72.6856816,6500000.0
700,2,Apartment,22.8278859,72.3684741,4400000.0
1294,3,Apartment,23.0535306,72.4934085,17100000.0
741,2,Apartment,23.2145657,72.6856816,5975000.0
557,2,Apartment,22.9948656,72.6624431,3851000.0
672,2,Apartment,23.0057574,72.6269822,9500000.0
1737,3,Apartment,23.0176555,72.5180484,20000000.0
1350,2,Apartment,23.0456662,72.6409989,5500000.0
1080,2,Apartment,23.1143235,72.5587865,6990000.0
1746,3,Apartment,23.0672116,72.6429212,11500000.0
2500,3,Apartment,23.2952507,72.3367265,11500000.0
4215,5,Apartment,23.0535306,72.4934085,89000000.0
1144,2,Apartment,23.038676,72.5596366,6100000.0
1845,3,Apartment,23.1360943,72.5425805,9500000.0
1540,3,Apartment,23.1360943,72.5425805,11000000.0
10500,6,Villa,23.1589328,72.5380315,80000000.0
1100,3,Apartment,23.0058027,72.4574061,8500000.0
880,3,Apartment,23.1378296,72.5334863,7500000.0
1584,3,Apartment,23.0516973,72.535169,11500000.0
1053,3,Apartment,23.0232163,72.4708784,9072000.0
2601,3,Apartment,23.057541,72.5435085,52500000.0
1980,2,Apartment,23.107121,72.5848584,9500000.0
846,3,Apartment,23.1110532,72.5619714,7128000.0
802,3,Apartment,23.0232163,72.4708784,6000000.0
2415,3,Apartment,23.0310611,72.4763874,17500000.0
2295,3,Apartment,23.1100643,72.5811205,11500000.0
834,3,Apartment,23.0406995,72.6822689,6400000.0
1603,2,Apartment,23.1183825,72.6213211,7000000.0
3000,3,Apartment,23.0485393,72.511742,16500000.0
1800,5,Apartment,23.0111491,72.5132562,15000000.0
1340,3,Apartment,23.0012666,72.5877721,7250000.0
720,4,Apartment,23.0716125,72.6367479,10000000.0
420,4,Villa,23.0676665,72.5721746,7000000.0
768,3,Apartment,23.1360943,72.5425805,8000000.0
1674,3,Apartment,23.092529,72.561323,7328000.0
856,3,Apartment,22.9969634,72.633455,9000000.0
2763,3,Apartment,23.039243,72.5551154,21800000.0
756,1,Apartment,23.0901711,72.6504536,3600000.0
1161,2,Apartment,23.2169318,72.6678423,4099999.9999999995
850,3,Apartment,23.1358111,72.5818846,7900000.0
1305,1,Villa,23.0434823,72.6810611,16000000.0
893,3,Apartment,23.1100643,72.5811205,6200000.0
2395,3,Apartment,23.0107147,72.4429208,13500000.0
1540,4,Apartment,23.0271267,72.5226289,15300000.0
909,3,Apartment,22.9969634,72.633455,6100000.0
5500,8,Apartment,23.0226117,72.5490834,25099999.999999996
1287,2,Apartment,23.1153559,72.5366513,8500000.0
1273,4,Apartment,23.0215374,72.5800568,16900000.0
810,4,Apartment,22.9811295,72.6012948,5300000.0
6156,5,Apartment,23.1360943,72.5425805,11500000.0
862,3,Apartment,23.0232163,72.4708784,5625000.0
2142,3,Apartment,23.081994,72.5519258,6751000.0
853,3,Apartment,23.107121,72.5848584,6200000.0
1710,3,Apartment,23.0451612,72.6051665,8000000.0
1500,4,Apartment,23.2072732,72.6361499,17000000.0
1505,3,Apartment,23.0107147,72.4429208,5400000.0
1195,2,Apartment,23.190072,72.626936,7200000.0
2250,4,Apartment,23.0232163,72.4708784,28500000.0
3229,5,Apartment,23.0650046,72.5390686,43000000.0
1602,4,Apartment,23.0544372,72.4720756,26000000.0
1484,3,Apartment,23.0215374,72.5800568,7800000.0
1376,3,Apartment,23.0326231,72.5709891,8500000.0
1035,2,Apartment,23.1109557,72.5539974,3650000.0
1170,2,Apartment,23.107121,72.5848584,5500000.0
900,2,Apartment,23.0687402,72.6734956,3500000.0
1275,4,Apartment,23.0434823,72.6810611,25000000.0
1440,3,Apartment,23.2120774,72.6859769,7200000.0
1782,3,Apartment,23.0967876,72.5966689,8500000.0
1665,3,Apartment,23.0439009,72.4820111,6200000.0
866,3,Apartment,23.0111491,72.5132562,5200000.0
191,1,Apartment,23.0787426,72.6681866,850000.0000000001
1170,2,Apartment,23.2397411,72.5008647,5699999.999999999
867,3,Apartment,23.1358111,72.5818846,6500000.0
1008,3,Apartment,23.1360943,72.5425805,8580000.0
1242,2,Apartment,23.0918606,72.597227,6100000.0
1420,3,Apartment,23.1201139,72.6251307,6500000.0
810,2,Apartment,23.2662572,72.6436353,4800000.0
945,2,Apartment,23.062275,72.571217,2500000.0
3562,5,Apartment,23.0796581,72.4947377,35900000.0
1840,3,Apartment,23.0000258,72.5051405,11500000.0
1989,4,Apartment,23.0226117,72.5490834,13500000.0
2335,3,Apartment,23.2125309,72.684767,17800000.0
3447,4,Apartment,23.0225299,72.5416944,31100000.0
852,3,Apartment,22.9969634,72.633455,9500000.0
1710,3,Apartment,23.0406632,72.5567409,7000000.0
836,3,Apartment,23.1358111,72.5818846,7000000.0
635,2,Apartment,23.1360943,72.5425805,7800000.0
1710,3,Apartment,23.1010002,72.5408363,9000000.0
1917,3,Apartment,23.081994,72.5519258,12000000.0
1214,2,Apartment,23.0940395,72.5449519,6500000.0
2401,4,Apartment,23.0868734,72.4835036,31400000.0
2141,3,Apartment,23.1010002,72.5408363,11500000.0
834,2,Apartment,23.0232163,72.4708784,11000000.0
1080,2,Apartment,23.0347368,72.5346755,7500000.0
697,2,Apartment,23.1589328,72.5380315,7000000.0
2250,4,Apartment,23.2478221,72.4852775,31500000.0
967,3,Apartment,23.0854097,72.6580946,7500000.0
1620,3,Apartment,23.2327276,72.494053,6700000.0
1458,2,Apartment,23.0434823,72.6810611,4900000.0
1936,3,Apartment,23.0366663,72.5492165,12000000.0
2094,4,Apartment,23.0107147,72.4429208,11000000.0
1260,2,Apartment,23.2525119,72.4837832,5600000.000000001
990,2,Apartment,23.0111491,72.5132562,7500000.0
1530,3,Apartment,23.013039,72.5637853,8800000.0
2740,3,Apartment,23.0107147,72.4429208,18500000.0
1440,3,Apartment,23.0295113,72.4506006,7500000.0
3311,4,Apartment,23.0445921,72.517344,28000000.0
3170,4,Apartment,23.0111491,72.5132562,20000000.0
2400,3,Apartment,23.0111491,72.5132562,15600000.0
3200,4,Apartment,23.0215374,72.5800568,40000000.0
1980,3,Apartment,23.0854097,72.6580946,5230000.0
3720,4,Apartment,23.0485393,72.511742,33500000.0
2150,3,Apartment,23.1123884,72.5515273,12000000.0
1813,3,Apartment,23.1153559,72.5366513,12500000.0
1850,4,Apartment,23.0485393,72.511742,26000000.0
2141,3,Apartment,23.1010002,72.5408363,13100000.0
4254,5,Apartment,22.9935397,72.470143,28000000.0
6750,4,Villa,23.0485393,72.511742,95100000.0
2700,4,Villa,23.0232163,72.4708784,35000000.0
1750,3,Apartment,23.1283467,72.558657,11500000.0
1760,3,Apartment,23.0232163,72.4708784,8000000.0
3677,4,Apartment,23.0485393,72.511742,30000000.0
2100,3,Apartment,23.0967876,72.5966689,11000000.0
13455,5,Apartment,23.0544372,72.4720756,102500000.0
1480,3,Apartment,23.0172779,72.4709076,7400000.0
2585,3,Apartment,23.0360509,72.5611735,19500000.0
2322,3,Apartment,23.1709715,72.5325602,12000000.0
2598,3,Apartment,23.0107147,72.4429208,18000000.0
2740,3,Apartment,23.0012666,72.5877721,15100000.0
2778,3,Apartment,23.0107147,72.4429208,15300000.0
2052,3,Apartment,23.1634079,72.6888935,12900000.0
2000,3,Apartment,23.0458191,72.5523558,18000000.0
1485,2,Apartment,23.0591062,72.5227898,9000000.0
2103,3,Apartment,23.1080196,72.5915248,10000000.0
977,3,Apartment,23.0145531,72.5635432,13000000.0
3170,4,Apartment,23.0366663,72.5492165,21600000.0
1800,5,Apartment,23.0069624,72.5440056,36000000.0
4400,4,Apartment,23.0079064,72.5174367,45000000.0
3291,4,Apartment,23.0012666,72.5877721,19400000.0
1435,3,Apartment,23.0232163,72.4708784,7500000.0
2118,3,Apartment,23.1010002,72.5408363,11700000.0
1341,2,Apartment,23.1010002,72.5408363,6511000.0
1510,3,Apartment,23.0215374,72.5800568,6800000.000000001
2115,3,Apartment,23.107121,72.5848584,12500000.0
8100,4,Villa,22.9728548,72.4587201,71000000.0
1215,2,Apartment,23.0012666,72.5877721,5600000.000000001
3105,4,Apartment,23.0366663,72.5492165,32500000.0
1250,2,Apartment,23.0215374,72.5800568,6400000.0
1850,3,Apartment,23.0232163,72.4708784,9500000.0
1210,2,Apartment,23.1043633,72.5493536,5800000.0
2512,4,Apartment,23.081994,72.5519258,16000000.0
810,4,Villa,23.0847978,72.5512141,20000000.0
856,3,Apartment,23.107121,72.5848584,7500000.0
2775,4,Apartment,23.0366663,72.5492165,22000000.0
1440,3,Apartment,23.0232163,72.4708784,7200000.0
1485,3,Apartment,23.0012666,72.5877721,19800000.0
1133,3,Apartment,23.1123884,72.5515273,10000000.0
1215,2,Apartment,23.107121,72.5848584,5500000.0
1470,3,Apartment,23.0232163,72.4708784,10500000.0
1700,3,Apartment,23.0295113,72.4506006,7700000.0
615,2,Apartment,22.9977135,72.6067174,11000000.0
2548,3,Apartment,23.0485393,72.511742,24100000.0
4494,4,Villa,23.0107147,72.4429208,34000000.0
4500,4,Apartment,23.2145657,72.6856816,49500000.0
1550,3,Apartment,23.0366663,72.5492165,7500000.0
3125,4,Apartment,23.0232163,72.4708784,17100000.0
9900,4,Apartment,22.9642542,72.6506601,87500000.0
3550,5,Apartment,23.0445921,72.517344,66000000.0
2385,3,Apartment,23.0535306,72.4934085,42500000.0
877,3,Apartment,23.0810804,72.6819875,7400000.0
917,3,Apartment,22.9948656,72.6624431,6100000.0
1950,4,Apartment,23.0796581,72.4947377,23000000.0
3942,4,Apartment,23.0366663,72.5492165,51500000.0
371,1,Apartment,23.0672116,72.6429212,2100000.0
2248,3,Apartment,23.0631171,72.5255748,12500000.0
1386,2,Villa,23.0485393,72.511742,22500000.0
1989,3,Apartment,23.1010002,72.5408363,9600000.0
1440,3,Apartment,23.0232163,72.4708784,7000000.0
3291,4,Apartment,23.0107147,72.4429208,18100000.0
1100,2,Apartment,23.1109557,72.5539974,5400000.0
1725,3,Apartment,23.0107147,72.4429208,11500000.0
3060,3,Apartment,23.0366663,72.5492165,10000000.0
3774,4,Villa,23.0687402,72.6734956,43000000.0
1296,2,Apartment,23.0687402,72.6734956,5000000.0
1755,3,Apartment,23.1358111,72.5818846,8300000.0
1485,3,Apartment,23.1378296,72.5334863,6200000.0
1936,3,Apartment,23.081994,72.5519258,13000000.0
1125,2,Apartment,23.0839289,72.6785883,4500000.0
1620,3,Apartment,23.0215374,72.5800568,8000000.0
3291,4,Apartment,23.0107147,72.4429208,22000000.0
1130,5,Villa,23.021803,72.4747707,15000000.0
1100,2,Apartment,23.1109557,72.5539974,5200000.0
4341,4,Apartment,23.0445921,72.517344,37000000.0
1440,3,Apartment,23.0295113,72.4506006,7000000.0
1510,3,Apartment,23.0366663,72.5492165,8000000.0
850,2,Apartment,23.0366663,72.5492165,6100000.0
3024,4,Apartment,23.096244,72.4657337,20000000.0
2070,3,Apartment,23.0227526,72.5383118,19000000.0
750,2,Apartment,23.0111491,72.5132562,6700000.0
3402,3,Villa,23.0716125,72.6367479,28000000.0
2412,3,Apartment,23.0215374,72.5800568,16100000.000000002
3775,4,Apartment,23.0079064,72.5174367,38500000.0
2610,4,Apartment,23.0226117,72.5490834,27500000.0
1503,2,Apartment,23.0840822,72.6493157,6200000.0
2512,4,Apartment,23.0215374,72.5800568,18500000.0
2800,4,Apartment,23.0232163,72.4708784,18600000.0
1750,3,Apartment,23.0232163,72.4708784,8900000.0
3228,4,Apartment,23.0232163,72.4708784,16600000.0
2540,3,Apartment,23.0145531,72.5635432,20500000.0
2310,3,Apartment,23.0232163,72.4708784,14500000.0
3125,4,Apartment,23.0716125,72.6367479,17000000.0
6421,4,Apartment,23.087526,72.536757,46000000.0
2763,4,Villa,23.0232163,72.4708784,34100000.0
1400,4,Villa,23.0069624,72.5440056,13000000.0
1260,2,Apartment,23.107121,72.5848584,7100000.0
1914,4,Apartment,23.107121,72.5848584,23000000.0
1620,3,Apartment,23.0110669,72.5137432,8250000.0
1300,2,Apartment,23.1360943,72.5425805,6400000.0
2340,3,Apartment,23.0145531,72.5635432,16299999.999999998
1899,3,Apartment,23.107121,72.5848584,8000000.0
720,1,Apartment,22.9729765,72.5895984,2100000.0
2700,2,Apartment,23.1153559,72.5366513,10000000.0
3006,4,Apartment,23.0868734,72.4835036,20700000.0
3852,2,Apartment,23.0271267,72.5226289,45000000.0
1710,3,Villa,23.0485393,72.511742,33000000.0
1030,3,Apartment,23.107121,72.5848584,8300000.0
1980,3,Apartment,23.0000258,72.5051405,17000000.0
7695,4,Villa,23.0107147,72.4429208,90000000.0
6124,4,Apartment,23.0544372,72.4720756,55100000.0
1544,3,Apartment,23.107121,72.5848584,6899999.999999999
2118,3,Apartment,23.1010002,72.5408363,11700000.0
3265,4,Apartment,23.0967876,72.5966689,17500000.0
2250,3,Apartment,23.107121,72.5848584,14500000.0
4800,4,Villa,23.0968937,72.6135747,24000000.0
4752,5,Apartment,23.0968937,72.6135747,25500000.0
2500,3,Villa,22.99061,72.6367664,28000000.0
1755,3,Apartment,23.107121,72.5848584,8000000.0
2680,3,Apartment,23.107121,72.5848584,14000000.0
3920,4,Apartment,23.0485393,72.511742,29400000.0
1420,2,Apartment,23.1360943,72.5425805,7500000.0
990,2,Apartment,23.1360943,72.5425805,5200000.0
747,1,Apartment,23.0604301,72.6537943,3200000.0
2043,3,Apartment,23.0084483,72.5684667,16000000.0
5004,5,Apartment,23.0107147,72.4429208,75000000.0
931,3,Apartment,23.0107147,72.4429208,8000000.0
1170,2,Apartment,23.1010002,72.5408363,6500000.0
917,3,Apartment,23.1153559,72.5366513,8199999.999999999
1650,3,Apartment,23.1123884,72.5515273,8500000.0
650,1,Apartment,23.0069372,72.5208415,3100000.0
1592,3,Apartment,23.1010002,72.5408363,8484000.0
1800,3,Apartment,23.1010002,72.5408363,9797000.0
1810,4,Apartment,23.0107147,72.4429208,22500000.0
2211,3,Apartment,23.1109557,72.5539974,12000000.0
1265,2,Apartment,23.1109557,72.5539974,6500000.0
1122,3,Apartment,23.1010002,72.5408363,14000000.0
699,2,Apartment,23.0069624,72.5440056,6500000.0
1053,2,Apartment,22.9729765,72.5895984,2350000.0
1700,3,Apartment,23.0232163,72.4708784,7600000.0
2808,4,Apartment,22.9977135,72.6067174,37500000.0
1999,3,Apartment,23.006527,72.583296,19000000.0
1413,2,Apartment,23.1010002,72.5408363,6949999.999999999
1350,2,Apartment,23.0975425,72.547552,6800000.000000001
1089,5,Villa,23.0063315,72.536517,16500000.0
1512,3,Apartment,23.1010002,72.5408363,8500000.0
697,2,Apartment,23.1360943,72.5425805,7000000.0
1260,2,Apartment,23.1654228,72.8180267,12500000.0
2300,4,Apartment,22.9945745,72.467571,16500000.0
4230,4,Villa,23.0215374,72.5800568,64000000.0
1550,3,Apartment,23.2145657,72.6856816,7200000.0
2050,3,Apartment,23.0000258,72.5051405,15000000.0
729,1,Apartment,23.0901711,72.6504536,3600000.0
1936,3,Apartment,23.081994,72.5519258,14500000.0
1770,3,Apartment,23.0232163,72.4708784,7500000.0
3915,4,Apartment,23.0176555,72.5180484,48900000.0
1250,2,Apartment,23.062275,72.571217,9000000.0
1905,3,Apartment,23.0232163,72.4708784,12000000.0
1890,3,Apartment,23.0232163,72.4708784,10500000.0
3291,4,Apartment,23.0012666,72.5877721,20500000.0
2778,3,Apartment,23.0215374,72.5800568,18500000.0
2835,4,Apartment,23.1010002,72.5408363,18000000.0
1270,2,Apartment,23.081994,72.5519258,6711000.0
2141,3,Apartment,23.1010002,72.5408363,13500000.0
1800,3,Apartment,23.1153559,72.5366513,9050000.0
1737,3,Apartment,23.1010002,72.5408363,10500000.0
2250,3,Apartment,23.1008171,72.4946672,11100000.000000002
2382,3,Apartment,23.2145657,72.6856816,14000000.0
1630,3,Apartment,23.0232163,72.4708784,8300000.0
1750,3,Apartment,23.0544372,72.4720756,10000000.0
1413,2,Apartment,23.1010002,72.5408363,6850000.000000001
1800,3,Apartment,23.011445,72.5864365,13500000.0
1760,3,Apartment,23.0544372,72.4720756,9500000.0
2460,4,Apartment,23.0107147,72.4429208,15000000.0
1440,3,Apartment,23.0154354,72.4680379,7500000.0
4508,5,Apartment,23.0107147,72.4429208,37500000.0
1215,2,Apartment,23.0866321,72.6148095,6000000.0
3291,4,Apartment,23.0215374,72.5800568,21500000.0
1490,3,Apartment,23.0172779,72.4709076,7300000.0
1621,3,Apartment,23.0069624,72.5440056,12400000.0
6408,3,Apartment,23.0145531,72.5635432,61200000.0
1503,3,Apartment,23.0366663,72.5492165,6200000.0
2907,3,Villa,23.0215374,72.5800568,35100000.0
1210,2,Apartment,23.1043633,72.5493536,6000000.0
2000,3,Apartment,23.006527,72.583296,18500000.0
1575,3,Apartment,23.0000258,72.5051405,16000000.0
2070,3,Villa,23.0097167,72.5076274,10000000.0
968,3,Apartment,23.0544372,72.4720756,9900000.0
1761,3,Apartment,23.0544372,72.4720756,10100000.0
1750,3,Apartment,23.0544372,72.4720756,10100000.0
2384,4,Apartment,23.0510656,72.6436615,53000000.0
1778,4,Apartment,23.0535306,72.4934085,35000000.0
3170,4,Apartment,23.0111491,72.5132562,26800000.0
2825,5,Apartment,22.9992107,72.5599564,62000000.0
3962,4,Apartment,23.0215374,72.5800568,53000000.0
2121,4,Apartment,23.0535306,72.4934085,42000000.0
2150,3,Villa,23.038676,72.5596366,12500000.0
2700,4,Villa,23.0967876,72.5966689,35000000.0
1745,3,Apartment,23.295656,72.326769,10000000.0
912,3,Apartment,23.0544372,72.4720756,8800000.0
1710,3,Apartment,23.1010002,72.5408363,8800000.0
1100,2,Apartment,23.2145657,72.6856816,4750000.0
1729,3,Apartment,23.1153559,72.5366513,10000000.0
1971,3,Apartment,23.2145657,72.6856816,11500000.0
1359,2,Apartment,22.9884742,72.3357236,7200000.0
1755,3,Apartment,23.017704,72.4696021,9200000.0
2000,3,Apartment,22.9979199,72.5595221,11000000.0
1215,2,Apartment,23.1010002,72.5408363,5711000.000000001
1305,2,Apartment,23.1010002,72.5408363,5790999.999999999
2610,3,Apartment,23.1100643,72.5811205,13500000.0
1935,3,Apartment,23.1358111,72.5818846,8260000.0
2900,4,Apartment,23.0232163,72.4708784,21000000.0
1248,2,Apartment,23.1360943,72.5425805,7500000.0
3200,4,Villa,23.0232163,72.4708784,27500000.0
1710,3,Apartment,23.0237416,72.5117592,11000000.0
4015,4,Apartment,23.0000258,72.5051405,47500000.0
1845,3,Apartment,23.0000258,72.5051405,16000000.0
1730,3,Apartment,23.1043633,72.5493536,8000000.0
1935,3,Apartment,23.1010002,72.5408363,10500000.0
1305,2,Apartment,23.1010002,72.5408363,6500000.0
1782,3,Apartment,23.1010002,72.5408363,8500000.0
1305,2,Apartment,22.9884742,72.3357236,6250000.0
2118,3,Apartment,23.1010002,72.5408363,13000000.0
3480,4,Apartment,23.0485393,72.511742,29600000.0
1100,2,Apartment,23.1109557,72.5539974,5290000.0
2520,3,Apartment,23.003723,72.5538743,17100000.0
3555,4,Apartment,23.0145531,72.5635432,25700000.0
1710,3,Apartment,23.0145531,72.5635432,13000000.0
2115,3,Apartment,23.016842,72.5909654,14500000.0
1845,4,Apartment,23.021803,72.4747707,30500000.0
1340,3,Apartment,23.0012666,72.5877721,6200000.0
3291,4,Apartment,23.0215374,72.5800568,18100000.0
2740,3,Apartment,23.0107147,72.4429208,15100000.0
5407,5,Apartment,23.0012666,72.5877721,32400000.000000004
1700,3,Apartment,23.0368587,72.5699511,7200000.0
2799,4,Apartment,23.0485393,72.511742,25000000.0
1440,3,Apartment,23.0154354,72.4680379,7300000.0
1845,4,Villa,23.1429051,72.5392248,30000000.0
2142,3,Apartment,23.0181819,72.4681909,13500000.0
3024,4,Apartment,23.0181819,72.4681909,19000000.0
2270,2,Apartment,23.1153559,72.5366513,9990000.0
5881,4,Apartment,23.027383,72.4893505,63500000.0
3291,4,Apartment,23.0012666,72.5877721,20400000.0
1683,3,Apartment,23.081994,72.5519258,7600000.0
1700,3,Apartment,23.2145657,72.6856816,8500000.0
3291,4,Apartment,23.0012666,72.5877721,20000000.0
4384,4,Apartment,23.0535306,72.4934085,41600000.0
1359,2,Apartment,23.2109753,72.6430352,7000000.0
2025,3,Apartment,23.2109753,72.6430352,12000000.0
1485,3,Apartment,23.0232163,72.4708784,7400000.0
1615,3,Apartment,23.0232163,72.4708784,10000000.0
1700,3,Apartment,23.0232163,72.4708784,8500000.0
1520,3,Apartment,23.0366663,72.5492165,7200000.0
1500,3,Apartment,23.0295113,72.4506006,9000000.0
1250,2,Apartment,23.0295113,72.4506006,5800000.0
1330,3,Apartment,23.2109753,72.6430352,6500000.0
1800,3,Apartment,23.1100643,72.5811205,6800000.000000001
2025,3,Apartment,23.1632457,72.6500247,12500000.0
2268,3,Apartment,23.0242849,72.5313961,20700000.0
1215,2,Apartment,23.011445,72.5864365,7100000.0
1745,3,Apartment,23.0544372,72.4720756,13200000.0
2419,4,Apartment,23.1662912,72.5370072,27500000.0
1284,3,Apartment,23.2125309,72.684767,16000000.0
715,2,Apartment,23.1109557,72.5539974,4800000.0
690,2,Apartment,23.0686992,72.6185497,6800000.000000001
826,3,Apartment,23.011445,72.5864365,9000000.0
632,2,Apartment,23.1123884,72.5515273,4800000.0
1729,3,Apartment,23.1153559,72.5366513,10000000.0
1800,3,Apartment,23.081994,72.5519258,9051000.0
1917,3,Apartment,23.0792126,72.5652149,12700000.0
4322,4,Apartment,23.0366663,72.5492165,42100000.0
1125,2,Apartment,22.9986596,72.6114013,7000000.0
1062,2,Apartment,23.107121,72.5848584,5500000.0
1629,3,Apartment,23.081994,72.5519258,7350000.0
2623,4,Apartment,23.0215374,72.5800568,16000000.0
1098,3,Apartment,23.0145531,72.5635432,11500000.0
1350,3,Apartment,22.9785228,72.6101796,7000000.0
1485,4,Villa,23.0967876,72.5966689,25000000.0
300,3,Apartment,23.1646919,72.5821046,27500000.0
1400,3,Apartment,23.0232163,72.4708784,7500000.0
1100,2,Apartment,23.1109557,72.5539974,5400000.0
1304,2,Apartment,23.0366663,72.5492165,6500000.0
3200,4,Apartment,23.0087873,72.5981672,23500000.0
3465,5,Villa,23.187962,72.5737728,48500000.0
1850,3,Apartment,23.1360943,72.5425805,9300000.0
4500,4,Apartment,23.0227526,72.5383118,75000000.0
1989,3,Apartment,23.1010002,72.5408363,9500000.0
1710,3,Apartment,23.1010002,72.5408363,8791000.0
1845,3,Apartment,23.0111491,72.5132562,11900000.0
1800,3,Apartment,23.2145657,72.6856816,11500000.0
1760,3,Apartment,23.0544372,72.4720756,9300000.0
3300,4,Apartment,23.0445921,72.517344,30000000.0
873,3,Apartment,23.1213946,72.5404102,11000000.0
2511,3,Apartment,23.0851841,72.5224248,16200000.000000002
4689,4,Apartment,23.057541,72.5435085,33900000.0
4419,4,Apartment,23.0215374,72.5800568,31900000.0
5400,5,Apartment,23.1153559,72.5366513,34000000.0
1710,3,Apartment,23.0839289,72.6785883,8800000.0
2520,3,Apartment,23.0968937,72.6135747,12600000.0
1122,3,Apartment,23.1010002,72.5408363,14500000.0
4500,4,Villa,23.0215374,72.5800568,67000000.0
4130,4,Apartment,23.0232163,72.4708784,23000000.0
1440,3,Apartment,22.9977135,72.6067174,5200000.0
1980,3,Apartment,23.0499206,72.5253741,14000000.0
1980,3,Apartment,23.0499206,72.5253741,14900000.0
1737,3,Apartment,23.1010002,72.5408363,10500000.0
2250,3,Apartment,23.1008171,72.4946672,11200000.000000002
1210,2,Apartment,23.1043633,72.5493536,5995000.0
1845,3,Apartment,23.0980012,72.7096941,7250000.0
4518,3,Apartment,23.0107147,72.4429208,26200000.0
1340,3,Apartment,22.8118046,72.7490972,5699999.999999999
1410,3,Apartment,23.0215374,72.5800568,18600000.0
1935,3,Apartment,23.0145531,72.5635432,11500000.0
1341,2,Apartment,23.1010002,72.5408363,7200000.0
1692,3,Apartment,23.0738754,72.5111892,8800000.0
2246,3,Apartment,23.1081937,72.5328119,20000000.0
1413,2,Apartment,23.1010002,72.5408363,6800000.000000001
2141,3,Apartment,23.1010002,72.5408363,13500000.0
1620,3,Apartment,23.1010002,72.5408363,9800000.0
1750,3,Apartment,23.0232163,72.4708784,8199999.999999999
4050,5,Villa,23.2478221,72.4852775,52000000.0
1945,3,Apartment,23.0485393,72.511742,17500000.0
1323,3,Apartment,23.0544372,72.4720756,6500000.0
1215,2,Apartment,23.0363265,72.5650744,6200000.0
2100,3,Apartment,23.1010002,72.5408363,11000000.0
1242,2,Apartment,23.0799461,72.4936472,7200000.0
1850,3,Apartment,23.1360943,72.5425805,9450000.0
3960,4,Apartment,23.0485393,72.511742,24600000.0
1800,3,Apartment,23.1153559,72.5366513,11000000.0
1737,3,Apartment,23.062275,72.571217,8000000.0
1800,3,Villa,22.9667708,72.5840823,24000000.0
1270,2,Apartment,23.1109557,72.5539974,6100000.0
2041,3,Apartment,23.0107147,72.4429208,14000000.0
1440,3,Apartment,23.0232163,72.4708784,7300000.0
1750,3,Apartment,23.0232163,72.4708784,8000000.0
1530,3,Apartment,23.0360509,72.5611735,7500000.0
1049,2,Apartment,22.9962826,72.516429,5200000.0
2550,4,Apartment,23.0227526,72.5383118,18600000.0
3185,4,Apartment,23.2145657,72.6856816,20099999.999999996
1620,4,Villa,23.298153,72.3397926,17000000.0
1210,2,Apartment,23.1043633,72.5493536,5850000.0
1729,3,Apartment,23.1153559,72.5366513,9800000.0
2160,3,Apartment,23.1010002,72.5408363,13200000.0
1890,3,Apartment,23.1358111,72.5818846,6500000.0
3538,4,Apartment,23.04711,72.527537,32000000.0
1683,3,Apartment,22.9948656,72.6624431,7000000.0
3339,3,Apartment,23.0494863,72.5672615,43500000.0
1269,2,Apartment,23.1360943,72.5425805,6100000.0
3015,4,Apartment,23.057541,72.5435085,22500000.0
1215,2,Apartment,23.0485393,72.511742,9300000.0
1118,2,Apartment,23.1123884,72.5515273,5500000.0
3150,4,Apartment,23.0445921,72.517344,36500000.0
1510,3,Apartment,23.0546669,72.6392596,6800000.000000001
2507,3,Apartment,23.2467926,72.4855418,6800000.000000001
1150,2,Apartment,23.1123884,72.5515273,5000000.0
2295,3,Apartment,23.107121,72.5848584,9500000.0
2043,4,Villa,23.0232163,72.4708784,25000000.0
1260,2,Apartment,23.0069624,72.5440056,7500000.0
1545,3,Apartment,23.0172779,72.4709076,8500000.0
1474,3,Apartment,23.0232163,72.4708784,7700000.0
1950,3,Apartment,23.0232163,72.4708784,10500000.0
3900,4,Apartment,23.1109557,72.5539974,19500000.0
1755,3,Apartment,23.1010002,72.5408363,7980000.0
3375,5,Villa,23.0271267,72.5226289,39000000.0
1372,3,Apartment,23.0215374,72.5800568,6800000.000000001
1827,3,Apartment,23.0145531,72.5635432,13000000.0
2502,3,Apartment,23.0145531,72.5635432,22500000.0
1900,3,Apartment,23.1143235,72.5587865,9500000.0
1269,2,Apartment,23.1010002,72.5408363,6500000.0
2376,4,Villa,23.0295113,72.4506006,30000000.0
1701,3,Apartment,23.0232163,72.4708784,7800000.0
3069,4,Apartment,23.0069624,72.5440056,30700000.0
1287,4,Apartment,23.0854097,72.6580946,16000000.0
1674,3,Apartment,22.9811295,72.6012948,8500000.0
1700,3,Apartment,23.081994,72.5519258,8500000.0
1197,2,Apartment,23.0485393,72.511742,7500000.0
2800,4,Villa,23.0069624,72.5440056,55100000.0
2040,3,Apartment,23.0195503,72.4687169,12000000.0
1107,2,Apartment,23.0012666,72.5877721,5200000.0
1791,3,Apartment,22.9790982,72.4584095,21000000.0
1188,2,Apartment,23.1655503,72.8133323,9200000.0
1760,3,Apartment,23.0546669,72.6392596,8976000.0
1053,2,Apartment,23.0111491,72.5132562,3500000.0
914,1,Apartment,23.0732586,72.6508299,3500000.0
1125,2,Apartment,23.0539511,72.595426,2600000.0
441,1,Apartment,23.0485393,72.511742,3500000.0
1125,2,Apartment,23.0084483,72.5684667,3800000.0
648,2,Apartment,23.010711,72.5056222,5500000.0
812,3,Apartment,23.0329263,72.4259729,5850000.0
918,2,Apartment,23.0839289,72.6785883,3050000.0
1477,3,Apartment,23.0839289,72.6785883,9000000.0
778,1,Apartment,23.0016439,72.5130469,2551000.0
1035,3,Apartment,23.2478221,72.4852775,18000000.0
585,1,Apartment,23.2423011,72.4987971,1500000.0
2253,4,Apartment,23.1109557,72.5539974,17500000.0
1350,3,Apartment,22.9790982,72.4584095,8500000.0
1665,4,Apartment,23.0111491,72.5132562,15100000.0
775,2,Apartment,23.0271267,72.5226289,4099999.9999999995
855,6,Apartment,23.0231798,72.5889516,16000000.0
1260,2,Apartment,23.0839289,72.6785883,7000000.0
1332,2,Apartment,23.0604301,72.6537943,5600000.000000001
1080,2,Apartment,23.1647995,72.6491597,4200000.0
932,3,Apartment,23.0319636,72.4561622,8199999.999999999
1080,2,Apartment,23.2354226,72.4922037,5300000.0
500,2,Apartment,22.9930034,72.6098246,5000000.0
300,1,Apartment,23.074439,72.5209967,3500000.0
950,3,Apartment,23.107121,72.5848584,9700000.0
989,2,Apartment,23.0302148,72.622926,2800000.0000000005
765,1,Apartment,22.9785228,72.6101796,3800000.0
1700,4,Apartment,22.9811295,72.6012948,8000000.0
1200,3,Apartment,23.0810804,72.6819875,13500000.0
1665,3,Apartment,23.0787426,72.6681866,15000000.0
2000,3,Apartment,23.2952507,72.3367265,11500000.0
990,5,Apartment,23.298153,72.3397926,7500000.0
516,2,Apartment,23.0111491,72.5132562,6500000.0
1000,2,Apartment,23.2560241,72.4798036,7000000.0
1700,3,Apartment,22.9884742,72.3357236,7300000.0
2000,5,Apartment,23.0111491,72.5132562,18000000.0
1170,2,Apartment,22.7476765,73.152612,3500000.0
990,2,Apartment,23.1134254,72.5414761,3000000.0
1305,2,Apartment,23.092529,72.561323,5500000.0
1700,3,Apartment,23.0295113,72.4506006,7500000.0
1560,3,Apartment,23.022616,72.5819947,7500000.0
1246,2,Apartment,23.2990325,72.4371042,6000000.0
684,1,Apartment,23.0097167,72.5076274,2200000.0
1100,3,Apartment,22.9978398,72.6073978,6500000.0
774,1,Apartment,23.0839289,72.6785883,1500000.0
1224,3,Apartment,22.9884742,72.3357236,7800000.0
800,2,Apartment,22.8278859,72.3684741,1749000.0
1166,2,Apartment,23.0054726,72.531336,4550000.0
3200,3,Apartment,23.0111491,72.5132562,15500000.0
2430,3,Apartment,23.2145657,72.6856816,15500000.0
900,2,Apartment,23.0451788,72.4615643,5000000.0
1800,1,Apartment,23.298153,72.3397926,15000000.0
2700,8,Villa,23.0265739,72.5489628,52500000.0
776,3,Apartment,23.0854097,72.6580946,8500000.0
1035,2,Apartment,23.2105495,72.6850067,6501000.0
1313,3,Apartment,23.107121,72.5848584,23500000.0
1350,2,Apartment,23.0839289,72.6785883,5590000.000000001
1260,3,Apartment,23.0063315,72.536517,6500000.0
1035,2,Apartment,23.2408258,72.5031982,5500000.0
2002,9,Apartment,23.038742,72.6401062,6500000.0
720,1,Apartment,23.1743872,72.8270334,3100000.0
880,2,Apartment,23.0485393,72.511742,8500000.0
622,2,Apartment,23.0069624,72.5440056,5300000.0
1080,2,Apartment,23.086171,72.534872,6000000.0
1539,3,Apartment,23.1360943,72.5425805,7800000.0
1405,3,Apartment,23.0483226,72.5265885,25000000.0
1350,4,Apartment,23.0859807,72.6342743,14500000.0
2850,3,Villa,23.082039,72.6073556,13000000.0
3300,3,Villa,23.0227526,72.5383118,43099999.99999999
1134,3,Villa,22.9948656,72.6624431,18100000.0
1033,2,Apartment,23.0278561,72.5119986,5500000.0
635,1,Apartment,23.0111491,72.5132562,1400000.0000000002
1200,2,Apartment,23.0366663,72.5492165,5500000.0
2079,3,Apartment,23.1010002,72.5408363,12800000.0
3276,3,Apartment,23.0086264,72.5479912,5500000.0
1700,3,Apartment,22.9946911,72.6151513,14400000.0
612,2,Villa,23.0069372,72.5208415,5000000.0
750,2,Apartment,23.0097167,72.5076274,4200000.0
1440,3,Apartment,23.002498,72.5610944,6000000.0
510,1,Apartment,22.8205966,72.7595968,2200000.0
1600,3,Apartment,23.0738754,72.5111892,9500000.0
1277,2,Apartment,23.0686992,72.6185497,6800000.000000001
864,2,Villa,23.0835832,72.6248611,5000000.0
1197,2,Apartment,23.0837834,72.5889122,5500000.0
1170,5,Villa,22.9834932,72.622654,11500000.0
1975,3,Apartment,23.0359998,72.5643429,16000000.0
1179,2,Apartment,23.0069624,72.5440056,4600000.0
765,1,Apartment,23.0839289,72.6785883,3200000.0
1179,2,Apartment,23.3254747,72.0554467,4400000.0
3042,5,Apartment,23.062275,72.571217,12000000.0
578,2,Apartment,23.0423379,72.549193,4500000.0
3600,4,Apartment,22.9645191,72.4704112,37500000.0
527,2,Apartment,23.1109557,72.5539974,5100000.0
1140,2,Villa,23.0107627,72.5029102,4800000.0
678,2,Apartment,23.0271267,72.5226289,5500000.0
1800,3,Apartment,23.2990325,72.4371042,9000000.0
981,2,Apartment,22.9979479,72.6109077,4099999.9999999995
1000,2,Apartment,23.1221233,72.5825561,5500000.0
484,2,Apartment,23.0839289,72.6785883,1950000.0
1680,3,Apartment,23.0048808,72.6367199,10500000.0
2889,3,Villa,23.2420572,72.4880711,37500000.0
2300,4,Apartment,22.9945745,72.467571,14000000.0
530,1,Apartment,23.2420572,72.4880711,4200000.0
850,2,Apartment,22.9796534,72.4560834,2849999.9999999995
685,1,Apartment,23.2236704,72.6641938,2300000.0
252,1,Apartment,23.2145657,72.6856816,2300000.0
753,1,Apartment,23.0546669,72.6392596,3900000.0
882,2,Apartment,22.9977135,72.6067174,3100000.0
1215,2,Apartment,23.0766234,72.5764197,5000000.0
1701,3,Apartment,23.0162473,72.4517298,7250000.0
540,2,Apartment,23.0839289,72.6785883,3000000.0
2889,3,Villa,23.2420572,72.4880711,40000000.0
1260,3,Apartment,23.1223913,72.5733728,6500000.0
1500,4,Villa,23.064488,72.5261406,30000000.0
1520,3,Apartment,22.9916549,72.4725923,7200000.0
1152,2,Apartment,23.0111491,72.5132562,5500000.0
920,2,Apartment,23.013976,72.5296525,5400000.0
1665,3,Apartment,23.0787426,72.6681866,14000000.0
1850,3,Apartment,23.0172327,72.4752984,7800000.0
1370,2,Apartment,23.0271267,72.5226289,6000000.0
1269,2,Apartment,22.9986596,72.6114013,6500000.0
765,1,Apartment,23.1450085,72.5333041,3600000.0
1485,3,Apartment,22.8927975,72.4910926,11000000.0
735,3,Villa,23.0063315,72.536517,7500000.0
1750,3,Apartment,23.0544372,72.4720756,7875000.0
2540,4,Apartment,23.1450085,72.5333041,12000000.0
1260,2,Apartment,23.0232163,72.4708784,7200000.0
1620,3,Apartment,23.0399922,72.5778602,11000000.0
768,3,Apartment,22.7856059,72.2077612,7600000.0
1270,2,Apartment,23.2125309,72.684767,5500000.0
995,2,Apartment,23.0713445,72.6773842,4600000.0
1179,2,Apartment,23.0398447,72.6298154,6800000.000000001
996,2,Apartment,23.0687402,72.6734956,2500000.0
1485,3,Apartment,23.0111491,72.5132562,11500000.0
990,2,Apartment,23.0631171,72.5255748,5500000.0
1035,2,Apartment,23.0839289,72.6785883,4200000.0
1350,4,Apartment,22.9986596,72.6114013,13000000.0
1900,3,Apartment,23.0284731,72.5590087,11500000.0
1161,2,Apartment,23.2478221,72.4852775,4500000.0
963,3,Villa,22.9948656,72.6624431,17100000.0
1179,2,Apartment,23.0839289,72.6785883,4500000.0
1791,3,Villa,22.9790982,72.4584095,18000000.0
1320,3,Apartment,23.0111491,72.5132562,10500000.0
2160,4,Villa,23.0774129,72.4943545,45100000.0
1650,3,Apartment,23.0713102,72.539578,9900000.0
500,1,Apartment,23.0215374,72.5800568,2200000.0
1215,3,Villa,23.0111491,72.5132562,9500000.0
990,2,Apartment,23.0111491,72.5132562,3950000.0
1376,3,Apartment,23.0111491,72.5132562,8300000.0
1800,3,Apartment,23.017704,72.4696021,15000000.0
990,2,Apartment,23.2145657,72.6856816,4500000.0
3358,6,Apartment,23.0556364,72.5965538,15000000.0
270,1,Apartment,23.0839289,72.6785883,2500000.0
2025,3,Apartment,23.298153,72.3397926,12500000.0
4500,6,Villa,22.9811295,72.6012948,20000000.0
1665,4,Apartment,23.0069624,72.5440056,17000000.0
1206,2,Apartment,23.0111491,72.5132562,6500000.0
1150,2,Apartment,23.1109557,72.5539974,5000000.0
2133,3,Apartment,23.1010002,72.5408363,17000000.0
1200,2,Apartment,23.0017632,72.5940885,3700000.0
1750,3,Apartment,23.0107147,72.4429208,8000000.0
1395,6,Villa,22.9986596,72.6114013,19500000.0
1464,3,Apartment,23.0012666,72.5877721,19500000.0
1450,3,Apartment,23.0220639,72.5281684,9500000.0
810,2,Apartment,23.0366663,72.5492165,3651000.0
1085,2,Apartment,23.0328924,72.5604427,4900000.0
927,1,Villa,22.9948656,72.6624431,6500000.0
1305,2,Apartment,23.1278925,72.0515473,6500000.0
1500,4,Villa,23.0111491,72.5132562,11000000.0
900,2,Apartment,23.0111491,72.5132562,3651000.0
1485,3,Apartment,23.06384,72.5430733,8100000.000000001
765,1,Apartment,23.0016439,72.5130469,3551000.0000000005
542,2,Villa,23.0236445,72.590012,5200000.0
560,1,Apartment,23.0471713,72.5582439,2100000.0
1008,2,Apartment,23.1010002,72.5408363,4300000.0
1260,2,Apartment,23.0232163,72.4708784,6300000.0
747,1,Apartment,23.0111491,72.5132562,2500000.0
1150,2,Apartment,23.0107147,72.4429208,5000000.0
2385,4,Apartment,23.0389131,72.5269244,15000000.0
560,2,Apartment,23.1743872,72.8270334,2950000.0
540,1,Villa,23.0271267,72.5226289,2650000.0
1215,3,Apartment,23.30045,72.33757,4556000.0
1188,2,Apartment,23.1134254,72.5414761,5200000.0
765,1,Apartment,23.2066044,72.6305153,4200000.0
620,2,Apartment,23.2848545,72.4400144,4300000.0
2115,4,Villa,23.2478221,72.4852775,20000000.0
1188,2,Apartment,22.9979199,72.5595221,5100000.0
700,2,Apartment,23.0111491,72.5132562,5500000.0
1125,2,Apartment,23.0839289,72.6785883,6200000.0
1125,2,Apartment,23.0434823,72.6810611,5500000.0
585,1,Apartment,23.2236704,72.6641938,1900000.0
1224,4,Villa,23.0781097,72.5317105,15000000.0
666,2,Villa,23.0111491,72.5132562,6500000.0
900,1,Apartment,23.1358111,72.5818846,7500000.0
1125,2,Apartment,23.0539511,72.595426,3000000.0
1092,2,Apartment,23.0544372,72.4720756,5800000.0
1500,3,Apartment,23.0544372,72.4720756,6600000.0
873,2,Apartment,23.0295113,72.4506006,4200000.0
1237,2,Apartment,23.0305837,72.5069909,5600000.000000001
522,1,Apartment,23.0069372,72.5208415,2575000.0
1782,3,Apartment,22.9948656,72.6624431,7200000.0
1863,3,Apartment,23.0604301,72.6537943,10000000.0
2430,4,Apartment,23.1429051,72.5392248,13500000.0
2700,3,Apartment,22.9986596,72.6114013,26000000.0
2450,4,Apartment,23.0069531,72.5055345,18000000.0
3240,3,Villa,23.0111491,72.5132562,13500000.0
1500,2,Apartment,23.2145657,72.6856816,6000000.0
645,2,Apartment,23.0716125,72.6367479,4400000.0
2538,2,Villa,23.1010002,72.5408363,8851000.0
720,2,Apartment,23.1743872,72.8270334,5500000.0
1323,3,Apartment,23.0106847,72.5099278,7500000.0
1080,2,Apartment,23.0732586,72.6508299,4200000.0
1575,3,Apartment,23.2473027,72.6343322,8199999.999999999
1557,3,Apartment,23.2473027,72.6343322,8000000.0
1356,2,Apartment,23.0326231,72.5709891,5100000.0
675,2,Apartment,23.0069624,72.5440056,8500000.0
540,2,Villa,23.0162208,72.5231883,4000000.0
1200,2,Apartment,23.0232163,72.4708784,5300000.0
1100,2,Apartment,22.9811295,72.6012948,4400000.0
900,1,Apartment,23.2770506,72.0875893,9000000.0
1200,2,Apartment,23.062275,72.571217,2600000.0
3222,4,Apartment,23.0139583,72.5287561,17800000.0
864,1,Apartment,22.726607,72.4411863,2100000.0
1602,4,Villa,23.0215374,72.5800568,15000000.0
1638,3,Apartment,23.0163064,72.5235575,11200000.000000002
1305,2,Apartment,23.1857862,72.6217901,7500000.0
1200,3,Villa,22.9924509,72.3825613,8000000.0
650,2,Apartment,23.0069624,72.5440056,7500000.0
1260,2,Apartment,23.0111491,72.5132562,6000000.0
700,1,Villa,23.0838316,72.6488435,3300000.0
1300,2,Apartment,23.1358111,72.5818846,5699999.999999999
486,1,Apartment,22.9796534,72.4560834,3200000.0
700,1,Apartment,23.0434823,72.6810611,7200000.0
783,2,Apartment,23.0398447,72.6298154,6000000.0
1350,4,Villa,23.0854097,72.6580946,14000000.0
5850,6,Villa,23.0359998,72.5643429,95000000.0
2400,1,Apartment,23.0111491,72.5132562,13000000.0
1053,4,Apartment,23.1326018,72.2528002,32500000.0
2250,3,Apartment,23.1279171,72.5487314,15000000.0
462,1,Apartment,23.075569,72.549728,3800000.0
762,3,Apartment,23.1192889,72.5656408,8000000.0
1340,3,Apartment,23.0012666,72.5877721,8500000.0
1242,2,Apartment,23.0434823,72.6810611,5350000.0
2610,5,Apartment,23.0069624,72.5440056,42500000.0
565,2,Apartment,23.0295113,72.4506006,5800000.0
1845,3,Apartment,23.1360943,72.5425805,7574999.999999999
1340,3,Apartment,23.0012666,72.5877721,6000000.0
1248,4,Villa,23.0716125,72.6367479,10500000.0
1575,3,Apartment,23.0813667,72.6280913,5800000.0
1008,2,Apartment,23.1655503,72.8133323,3500000.0
1900,3,Apartment,23.0111491,72.5132562,13000000.0
1242,2,Apartment,23.1429051,72.5392248,4751000.0
1170,2,Apartment,23.0376135,72.5497906,6000000.0
1905,3,Apartment,23.0057574,72.6269822,15000000.0
1430,3,Apartment,23.0012666,72.5877721,18000000.0
1431,4,Apartment,23.1632457,72.6500247,22500000.0
765,1,Apartment,23.0891617,72.5597109,2250000.0
1098,2,Apartment,23.2358085,72.4908671,4200000.0
900,1,Apartment,22.9614247,72.6081233,1550000.0
1260,2,Apartment,23.0546669,72.6392596,8800000.0
1368,2,Apartment,23.0162208,72.5231883,10500000.0
1050,4,Apartment,23.0546669,72.6392596,9000000.0
550,2,Apartment,23.2770506,72.0875893,5500000.0
1755,3,Apartment,23.017704,72.4696021,9000000.0
640,2,Apartment,23.0787426,72.6681866,8500000.0
1700,3,Apartment,23.0839289,72.6785883,7500000.0
870,1,Apartment,23.0637665,72.555444,3800000.0
1350,2,Apartment,23.2144352,72.6861381,5100000.0
1602,3,Apartment,22.9729765,72.5895984,5500000.0
980,2,Apartment,23.0499206,72.5253741,7400000.0
1395,3,Apartment,23.217789,72.667326,16500000.0
1413,2,Apartment,23.0069624,72.5440056,9000000.0
715,4,Villa,23.0215374,72.5800568,13000000.0
1151,2,Apartment,23.1198532,72.6234496,4500000.0
1170,2,Apartment,23.0097167,72.5076274,6500000.0
1750,3,Apartment,23.0366663,72.5492165,8000000.0
2800,3,Apartment,23.0366663,72.5492165,7900000.0
1161,2,Apartment,22.9948656,72.6624431,3500000.0
1440,3,Apartment,23.2145657,72.6856816,8500000.0
1140,3,Apartment,23.0017465,72.6183012,6500000.0
2438,2,Villa,23.0147236,72.4708066,8851000.0
1215,2,Apartment,23.0631171,72.5255748,7200000.0
1278,2,Apartment,22.9948656,72.6624431,5000000.0
2250,3,Villa,22.9952152,72.5890862,22500000.0
675,2,Apartment,23.2358085,72.4908671,5699999.999999999
1075,2,Apartment,23.1683691,72.81696,5200000.0
1035,2,Apartment,23.2358085,72.4908671,3600000.0
1400,2,Apartment,23.0224971,72.5557563,5000000.0
810,2,Apartment,23.0063315,72.536517,4500000.0
1428,2,Apartment,23.0066176,72.4857773,7000000.0
1035,2,Apartment,23.0111491,72.5132562,5600000.000000001
700,2,Apartment,23.0546669,72.6392596,6000000.0
1010,5,Villa,23.0813667,72.6280913,12100000.0
1965,3,Apartment,23.0000258,72.5051405,15500000.0
1350,2,Apartment,23.0227526,72.5383118,9600000.0
1260,3,Apartment,22.9667708,72.5840823,5200000.0
995,2,Apartment,23.012914,72.5710792,4000000.0
1085,2,Apartment,23.0328924,72.5604427,5500000.0
2250,3,Apartment,23.0295113,72.4506006,25000000.0
2845,6,Apartment,23.0106847,72.5099278,15000000.0
1650,3,Apartment,23.0451788,72.4615643,6800000.000000001
2025,3,Apartment,23.0193275,72.4697102,12500000.0
1350,3,Apartment,23.0111491,72.5132562,4500000.0
2970,4,Apartment,23.1429051,72.5392248,48500000.0
387,1,Villa,23.0434823,72.6810611,10000000.0
1980,5,Villa,23.0017632,72.5940885,20000000.0
1260,2,Apartment,22.9943045,72.5781979,7500000.0
1340,3,Apartment,23.0012666,72.5877721,6300000.0
387,1,Apartment,23.0434823,72.6810611,10000000.0
1224,2,Apartment,23.0107679,72.5382694,4800000.0
2825,4,Apartment,23.0107147,72.4429208,13000000.0
585,1,Apartment,23.0111491,72.5132562,3000000.0
2808,4,Villa,23.1109557,72.5539974,42500000.0
1400,2,Apartment,23.252596,72.4840781,7000000.0
440,1,Apartment,23.0839289,72.6785883,2490000.0
1125,3,Villa,23.0069624,72.5440056,11000000.0
1215,2,Apartment,23.0434823,72.6810611,4099999.9999999995
1359,3,Apartment,23.0839289,72.6785883,7500000.0
1800,4,Apartment,22.9986596,72.6114013,17500000.0
600,1,Apartment,22.9948656,72.6624431,2049999.9999999998
916,3,Apartment,23.2990325,72.4371042,7500000.0
1827,3,Apartment,23.2413205,72.501346,7200000.0
1755,3,Apartment,23.1632457,72.6500247,13500000.0
1720,3,Apartment,23.107121,72.5848584,7800000.0
484,1,Apartment,23.0839289,72.6785883,2500000.0
658,2,Apartment,23.0483226,72.5265885,5500000.0
900,2,Apartment,23.0111491,72.5132562,6500000.0
3000,3,Apartment,23.1201139,72.6251307,14000000.0
1512,2,Apartment,23.0156527,72.5301088,6200000.0
1179,2,Apartment,23.1647995,72.6491597,6100000.0
965,3,Apartment,23.0232163,72.4708784,9000000.0
360,1,Apartment,23.2770506,72.0875893,2000000.0
840,3,Apartment,23.0284731,72.5590087,7100000.0
1440,2,Apartment,23.1134254,72.5414761,5510000.0
1080,3,Apartment,22.9948656,72.6624431,22000000.0
1278,2,Apartment,23.2358085,72.4908671,6200000.0
1200,3,Apartment,23.0215374,72.5800568,4500000.0
1908,3,Apartment,23.0716125,72.6367479,7200000.0
900,4,Villa,22.9948656,72.6624431,9500000.0
900,3,Apartment,23.1071309,72.5856397,4200000.0
1125,2,Apartment,23.2393412,72.4962124,5800000.0
810,3,Apartment,23.10644,72.5774989,6500000.0
1200,2,Apartment,23.0713445,72.6773842,6000000.0
1710,3,Apartment,23.062275,72.571217,11500000.0
990,2,Apartment,23.2098893,72.662021,6000000.0
1098,2,Apartment,23.1647995,72.6491597,4500000.0
1142,2,Apartment,23.0016439,72.5130469,5200000.0
1440,3,Apartment,23.0232163,72.4708784,10500000.0
1085,3,Apartment,23.1659253,72.6503243,15500000.0
1800,3,Apartment,23.0967876,72.5966689,7200000.0
990,2,Apartment,23.178689,72.6368721,6500000.0
1053,2,Apartment,23.227398,72.6186173,2300000.0
1260,2,Apartment,23.1109557,72.5539974,4800000.0
1800,3,Apartment,23.0366663,72.5492165,10000000.0
1130,2,Apartment,23.0245633,72.5408759,7500000.0
1440,1,Apartment,23.0035894,72.58384,4600000.0
1926,3,Apartment,23.1579315,72.6575495,20000000.0
1152,2,Apartment,23.0111491,72.5132562,5500000.0
1575,3,Apartment,23.0839289,72.6785883,6500000.0
1305,3,Apartment,23.0063315,72.536517,8250000.0
581,2,Apartment,23.0111491,72.5132562,6200000.0
576,1,Apartment,23.2524609,72.4843063,3100000.0
1656,3,Apartment,23.2327276,72.494053,5800000.0
1400,3,Villa,23.0111491,72.5132562,9000000.0
1950,3,Apartment,23.017704,72.4696021,11000000.0
1100,2,Apartment,23.0839289,72.6785883,4500000.0
1918,3,Apartment,23.1010002,72.5408363,14500000.0
1260,2,Apartment,22.9992107,72.5599564,3850000.0
1800,3,Apartment,23.0446346,72.5724932,20099999.999999996
2500,2,Apartment,23.0839289,72.6785883,4099999.9999999995
1170,2,Apartment,23.0306499,72.5101971,6000000.0
3100,4,Villa,23.0063315,72.536517,16000000.0
981,2,Apartment,23.0847978,72.5512141,6000000.0
3735,5,Apartment,23.0839289,72.6785883,23000000.0
1980,5,Apartment,23.0687402,72.6734956,28000000.0
1485,3,Apartment,23.0255831,72.5691076,9500000.0
1476,4,Apartment,23.0485393,72.511742,7000000.0
614,2,Apartment,23.0225057,72.5561771,3500000.0
1750,3,Apartment,23.1683691,72.81696,8350000.0
1278,2,Apartment,23.0839289,72.6785883,7500000.0
800,2,Villa,23.0839289,72.6785883,8500000.0
1530,3,Apartment,23.1589328,72.5380315,10000000.0
1890,3,Apartment,23.022616,72.5819947,17000000.0
500,2,Apartment,23.107121,72.5848584,4350000.0
1206,3,Apartment,23.0231795,72.4711881,7800000.0
594,2,Apartment,23.0279444,72.4956755,4099999.9999999995
678,2,Apartment,23.0287779,72.6282364,4850000.0
1720,3,Apartment,23.0329263,72.4259729,7900000.0
1035,2,Apartment,23.2408258,72.5031982,5800000.0
765,1,Apartment,23.2935817,72.3290988,1900000.0
990,2,Apartment,23.0302148,72.622926,2800000.0000000005
2988,4,Apartment,23.0839289,72.6785883,19000000.0
4050,6,Villa,23.0516973,72.535169,35000000.0
734,3,Apartment,23.0012666,72.5877721,6800000.000000001
2205,3,Apartment,22.9790982,72.4584095,17500000.0
1215,4,Apartment,23.0130948,72.5694038,24000000.0
1079,2,Apartment,23.0284731,72.5590087,6500000.0
1100,2,Apartment,23.1620692,72.6824632,4000000.0
1262,2,Apartment,23.1109557,72.5539974,6500000.0
1850,3,Apartment,23.0232163,72.4708784,8300000.0
1503,3,Apartment,23.0069624,72.5440056,7000000.0
650,1,Apartment,23.0446346,72.5724932,2300000.0
1665,3,Apartment,22.9924509,72.3825613,7500000.0
1215,2,Apartment,22.9884742,72.3357236,7200000.0
1548,3,Apartment,23.0232163,72.4708784,20000000.0
800,5,Apartment,23.1073373,72.4916916,10000000.0
1620,3,Apartment,23.1010002,72.5408363,15000000.0
1170,2,Apartment,22.9948656,72.6624431,5000000.0
1170,2,Apartment,23.0232163,72.4708784,6300000.0
2043,3,Apartment,23.0233639,72.5691565,7300000.0
1143,2,Apartment,23.0635608,72.5959508,3800000.0
810,5,Villa,23.06384,72.5430733,6500000.0
4500,4,Apartment,23.0281153,72.55801,40500000.0
2925,5,Villa,22.9948656,72.6624431,55000000.0
1020,2,Apartment,23.1109557,72.5539974,7000000.0
1260,2,Apartment,23.1632457,72.6500247,3600000.0
285,1,Apartment,23.0315816,72.6342417,1850000.0
416,1,Apartment,23.0839289,72.6785883,4000000.0
1665,2,Apartment,23.0255831,72.5691076,6000000.0
886,3,Apartment,23.0063315,72.536517,9500000.0
2700,4,Apartment,23.0162473,72.4517298,13300000.0
2232,3,Apartment,23.017704,72.4696021,14000000.0
1278,2,Apartment,23.0713102,72.539578,7000000.0
1665,3,Apartment,23.107121,72.5848584,7000000.0
1377,3,Apartment,23.0110669,72.5137432,7000000.0
750,2,Apartment,23.0398447,72.6298154,1900000.0
1080,2,Apartment,23.0227526,72.5383118,7000000.0
1024,2,Apartment,23.2145657,72.6856816,5600000.000000001
1800,3,Apartment,23.0577155,72.5343367,7500000.0
1080,2,Apartment,23.107121,72.5848584,4775000.0
699,2,Villa,23.0031192,72.6335677,4900000.0
950,2,Apartment,23.0445921,72.517344,7000000.0
1215,2,Apartment,23.1589328,72.5380315,6850000.000000001
1665,3,Apartment,23.031029,72.5623938,9000000.0
1386,2,Villa,23.0111491,72.5132562,8300000.0
1008,2,Apartment,22.9948656,72.6624431,4500000.0
1350,2,Apartment,23.2990325,72.4371042,4400000.0
1080,2,Apartment,23.0063315,72.536517,5500000.0
630,1,Apartment,22.9884742,72.3357236,2000000.0
1242,2,Apartment,23.1429051,72.5392248,4800000.0
360,1,Apartment,23.038676,72.5596366,2049999.9999999998
3355,2,Apartment,23.2294787,72.7273294,4000000.0
700,4,Villa,23.0472488,72.6088046,7100000.0
1032,3,Apartment,23.0069624,72.5440056,18000000.0
990,2,Apartment,23.0017632,72.5940885,5200000.0
678,2,Apartment,23.2770506,72.0875893,6500000.0
1510,3,Apartment,23.0328924,72.5604427,7500000.0
945,2,Apartment,23.062275,72.571217,3000000.0
765,1,Apartment,23.3353493,72.7168598,3550000.0
1188,3,Apartment,23.1153559,72.5366513,9500000.0
612,1,Apartment,23.0546669,72.6392596,3200000.0
1503,3,Apartment,23.092529,72.561323,6800000.000000001
1728,3,Apartment,23.1143235,72.5587865,8800000.0
2332,3,Apartment,22.996342,72.5043085,16000000.0
700,1,Apartment,22.9589978,72.6297981,1700000.0000000002
1467,3,Apartment,23.0792126,72.5652149,12500000.0
1332,3,Apartment,23.1109557,72.5539974,13000000.0
868,1,Apartment,23.1632457,72.6500247,4000000.0
629,2,Apartment,23.0095427,72.5095448,3150000.0
2316,3,Apartment,22.9844824,72.4604009,14000000.0
2205,3,Apartment,23.1183825,72.6213211,10500000.0
1810,4,Villa,23.0873325,72.5490547,18500000.0
909,2,Apartment,22.9924509,72.3825613,7700000.0
1800,3,Apartment,23.2424869,72.4956214,8300000.0
740,3,Apartment,23.0236445,72.590012,7500000.0
990,2,Apartment,23.0967876,72.5966689,4000000.0
601,3,Apartment,23.0111491,72.5132562,4800000.0
882,2,Apartment,23.0097167,72.5076274,4500000.0
1515,3,Apartment,23.0546669,72.6392596,7500000.0
5490,6,Apartment,22.9986596,72.6114013,78000000.0
1179,2,Apartment,23.178689,72.6368721,5400000.0
4950,4,Villa,23.2358085,72.4908671,82500000.0
3380,4,Apartment,23.0328924,72.5604427,30000000.0
2050,3,Apartment,23.0328924,72.5604427,14000000.0
837,1,Apartment,23.0434823,72.6810611,3200000.0
400,1,Apartment,23.0215374,72.5800568,2500000.0
880,3,Apartment,23.2125309,72.684767,11000000.0
2700,4,Apartment,23.0813667,72.6280913,21000000.0
3735,4,Apartment,23.0813667,72.6280913,28000000.0
3925,4,Apartment,23.2353537,72.6662414,19500000.0
1350,3,Apartment,22.9948656,72.6624431,5500000.0
770,2,Apartment,23.2145657,72.6856816,5500000.0
810,3,Apartment,23.1360943,72.5425805,7500000.0
2880,3,Apartment,23.187962,72.5737728,16000000.0
1584,4,Apartment,23.0859807,72.6342743,15100000.0
1125,2,Apartment,23.0110669,72.5137432,6500000.0
1215,2,Apartment,23.0205008,72.4694523,5600000.000000001
1296,2,Apartment,23.0839289,72.6785883,6500000.0
1170,3,Apartment,23.0594578,72.6180264,9800000.0
1044,2,Apartment,22.9979199,72.5595221,4300000.0
3000,2,Villa,23.1109557,72.5539974,6500000.0
1280,2,Apartment,23.1109557,72.5539974,7000000.0
1350,2,Apartment,23.0111491,72.5132562,7000000.0
1350,2,Apartment,23.0813667,72.6280913,5478000.0
1265,2,Apartment,23.0295113,72.4506006,7300000.0
954,2,Apartment,23.0635608,72.5959508,4500000.0
2952,3,Apartment,23.0544298,72.5958726,8800000.0
1592,3,Apartment,23.1134254,72.5414761,8500000.0
1180,2,Apartment,23.0839289,72.6785883,4500000.0
3099,3,Villa,23.1283467,72.558657,8800000.0
1000,1,Apartment,23.0787426,72.6681866,2300000.0
1450,2,Apartment,23.1201139,72.6251307,5200000.0
1130,2,Apartment,23.0366663,72.5492165,5850000.0
1566,3,Apartment,23.022616,72.5819947,7600000.0
890,2,Apartment,23.0631171,72.5255748,7600000.0
1215,2,Apartment,23.0024361,72.5204272,6300000.0
1134,2,Apartment,23.0054726,72.531336,4150000.0
1106,2,Apartment,23.0544298,72.5958726,4300000.0
1377,3,Apartment,23.2848545,72.4400144,5800000.0
1210,2,Apartment,23.0686992,72.6185497,7500000.0
1845,3,Apartment,23.1100643,72.5811205,8500000.0
1125,2,Apartment,23.1010002,72.5408363,6400000.0
500,2,Apartment,23.0328924,72.5604427,5100000.0
1698,3,Apartment,23.0544372,72.4720756,8500000.0
1215,2,Apartment,23.0839289,72.6785883,4550000.0
236,2,Apartment,23.0799461,72.4936472,6500000.0
945,2,Apartment,23.0839289,72.6785883,6000000.0
2351,3,Apartment,23.0713102,72.539578,18000000.0
300,1,Apartment,23.0287794,72.586749,3000000.0
1485,3,Apartment,23.1358111,72.5818846,6500000.0
1775,3,Apartment,22.9790982,72.4584095,11500000.0
1215,2,Apartment,23.2408258,72.5031982,7100000.0
1800,4,Apartment,23.054759,72.5442061,18000000.0
1242,2,Apartment,23.0451612,72.6051665,6000000.0
1530,3,Apartment,23.017704,72.4696021,12000000.0
4671,7,Apartment,23.0513889,72.6418538,76500000.0
1422,3,Apartment,22.9504545,72.6221998,6700000.0
657,2,Apartment,23.0713102,72.539578,7000000.0
1260,2,Apartment,23.0398447,72.6298154,5000000.0
2313,3,Apartment,22.9979199,72.5595221,14900000.0
1000,6,Apartment,23.038742,72.6401062,8000000.0
2000,5,Villa,23.0434823,72.6810611,8000000.0
1205,2,Apartment,23.1589328,72.5380315,6899999.999999999
1620,4,Villa,23.0839289,72.6785883,19500000.0
1450,3,Apartment,23.017704,72.4696021,7500000.0
1530,3,Apartment,22.9979199,72.5595221,6500000.0
1791,3,Apartment,23.0227526,72.5383118,17500000.0
2089,3,Villa,23.2125309,72.684767,15100000.0
816,3,Apartment,23.0107147,72.4429208,7500000.0
1520,3,Apartment,23.0107147,72.4429208,6800000.000000001
1050,2,Apartment,23.0107147,72.4429208,5200000.0
1470,3,Apartment,23.0107147,72.4429208,7200000.0
900,2,Apartment,23.0556364,72.5965538,6500000.0
1782,3,Apartment,23.0785597,72.6533332,8000000.0
2250,4,Apartment,23.0544372,72.4720756,31100000.0
1755,3,Apartment,22.9884523,72.615313,6500000.0
1200,2,Apartment,23.0439009,72.4820111,4800000.0
2043,3,Apartment,23.0681554,72.5428774,16000000.0
2360,3,Apartment,23.0328924,72.5604427,14500000.0
1620,3,Villa,23.0255831,72.5691076,9900000.0
1759,4,Apartment,22.8863839,72.203952,24000000.0
1215,2,Apartment,23.1589328,72.5380315,9200000.0
1395,2,Apartment,23.0095427,72.5095448,4500000.0
510,2,Apartment,22.9317728,72.5749418,3200000.0
765,5,Apartment,23.2420572,72.4880711,6500000.0
1341,2,Apartment,23.0975425,72.547552,7700000.0
1278,2,Apartment,23.2990325,72.4371042,6600000.0
2835,4,Apartment,23.0716125,72.6367479,32500000.0
1504,3,Apartment,23.0546669,72.6392596,6500000.0
1035,4,Apartment,23.0419569,72.4575053,19500000.0
1100,2,Apartment,23.1109557,72.5539974,4800000.0
1150,2,Apartment,23.1109557,72.5539974,4900000.0
2385,3,Villa,23.1097883,72.590667,20000000.0
2250,4,Apartment,23.2098893,72.662021,13000000.0
693,1,Apartment,23.0857612,72.6301401,2950000.0
1740,4,Apartment,22.915314,72.5910498,12500000.0
2079,3,Apartment,23.1852929,72.573897,17500000.0
1200,3,Apartment,23.295656,72.326769,7500000.0
724,3,Apartment,22.9483926,72.5977854,6500000.0
2610,3,Apartment,23.0110669,72.5137432,12100000.0
2800,4,Apartment,22.9943045,72.5781979,24800000.0
1000,2,Villa,23.227398,72.6186173,4300000.0
837,3,Apartment,23.3061466,72.3393616,10000000.0
1260,4,Villa,23.0056298,72.5231013,18500000.0
460,1,Apartment,23.0849901,72.5646659,2000000.0
2214,4,Apartment,23.0839289,72.6785883,6000000.0
1800,5,Apartment,23.0227526,72.5383118,15100000.0
818,2,Apartment,23.1589328,72.5380315,5100000.0
2250,4,Villa,22.9729765,72.5895984,13600000.000000002
1170,2,Apartment,23.2478221,72.4852775,5200000.0
1125,2,Apartment,23.069237,72.5111307,6800000.000000001
1575,3,Apartment,23.1743872,72.8270334,8000000.0
1163,2,Apartment,23.2840623,72.4400098,3651000.0
1240,2,Apartment,23.0232163,72.4708784,6200000.0
1134,2,Apartment,23.1183825,72.6213211,7500000.0
630,1,Apartment,23.2942714,72.3310286,1800000.0
1904,3,Apartment,23.04711,72.527537,13500000.0
1218,2,Apartment,23.0839289,72.6785883,6300000.0
1080,2,Apartment,23.0839289,72.6785883,4000000.0
1026,2,Apartment,23.2798133,72.4416517,3000000.0
1125,2,Apartment,23.0111491,72.5132562,4500000.0
1385,3,Apartment,23.1183825,72.6213211,7800000.0
1027,2,Apartment,22.8118046,72.7490972,4600000.0
1143,1,Apartment,23.0111491,72.5132562,10500000.0
1206,2,Apartment,23.1326018,72.2528002,3850000.0
1280,3,Apartment,22.9399896,72.5961418,7000000.0
900,2,Apartment,23.0649034,72.5268918,2900000.0
1530,3,Apartment,23.0145531,72.5635432,12500000.0
711,1,Apartment,23.0635608,72.5959508,1600000.0
1413,2,Apartment,23.0774129,72.4943545,9000000.0
536,2,Apartment,23.1655503,72.8133323,6000000.0
961,3,Apartment,23.0064903,72.5081047,7800000.0
1840,3,Apartment,22.9943045,72.5781979,8000000.0
1232,2,Apartment,23.0086507,72.5485202,5500000.0
1189,2,Apartment,23.0054726,72.531336,4200000.0
873,2,Apartment,23.0111491,72.5132562,6300000.0
1376,3,Apartment,23.0232163,72.4708784,7200000.0
1800,3,Apartment,23.0157768,72.5132008,9199000.0
1115,3,Apartment,23.0604301,72.6537943,8500000.0
1030,2,Apartment,23.0099875,72.5479719,5800000.0
1210,2,Apartment,23.2125309,72.684767,5500000.0
900,3,Apartment,23.0156794,72.5644623,9100000.0
1422,3,Apartment,23.0839289,72.6785883,5800000.0
495,2,Apartment,23.1632457,72.6500247,2000000.0
1085,3,Apartment,23.2524609,72.4843063,12000000.0
1431,3,Apartment,23.0264847,72.5821262,12500000.0
1270,2,Apartment,23.1153559,72.5366513,6200000.0
2250,4,Villa,23.021803,72.4747707,16200000.000000002
1100,2,Apartment,23.1109557,72.5539974,5200000.0
604,2,Apartment,23.0172272,72.4715026,5500000.0
1674,4,Apartment,23.2072732,72.6361499,15000000.0
150,1,Villa,23.0244661,72.6863241,1800000.0
2115,2,Apartment,23.217789,72.667326,27000000.0
500,1,Apartment,23.107121,72.5848584,2800000.0000000005
864,2,Apartment,23.0604301,72.6537943,4000000.0
585,2,Villa,23.0069624,72.5440056,11000000.0
1000,3,Apartment,23.092529,72.561323,7300000.0
1150,2,Apartment,23.1123884,72.5515273,5200000.0
803,3,Apartment,23.038676,72.5596366,7100000.0
4194,3,Apartment,23.2172456,72.6491326,12000000.0
1350,2,Apartment,23.0011144,72.5168855,40000000.0
661,2,Apartment,22.9811295,72.6012948,4000000.0
2800,4,Apartment,23.0232163,72.4708784,18500000.0
1575,3,Apartment,23.0015561,72.5132033,8000000.0
801,2,Apartment,23.0111491,72.5132562,5500000.0
801,2,Apartment,23.0111491,72.5132562,5500000.0
2000,4,Apartment,22.9785228,72.6101796,28000000.0
690,2,Apartment,23.1589328,72.5380315,6800000.000000001
1620,3,Apartment,22.9504545,72.6221998,5500000.0
1290,2,Apartment,23.2524609,72.4843063,4000000.0
1683,3,Apartment,23.0810804,72.6819875,7500000.0
1935,3,Apartment,23.021803,72.4747707,23000000.0
1224,2,Apartment,23.1213946,72.5404102,7200000.0
697,2,Apartment,23.1589328,72.5380315,6899999.999999999
1350,2,Apartment,23.2294787,72.7273294,4400000.0
2970,3,Apartment,23.1358111,72.5818846,10200000.0
1935,3,Apartment,23.1358111,72.5818846,10000000.0
810,1,Apartment,22.9993349,72.6245126,1700000.0000000002
1349,2,Apartment,22.9993547,72.6137203,5200000.0
1080,2,Apartment,23.0682238,72.5640995,6899999.999999999
918,3,Apartment,23.1634079,72.6888935,17000000.0
1215,3,Apartment,23.0111491,72.5132562,8000000.0
1210,2,Apartment,23.1043633,72.5493536,5800000.0
1890,3,Apartment,23.0439009,72.4820111,7000000.0
1170,2,Apartment,23.0110669,72.5137432,2700000.0
1210,2,Apartment,23.1589328,72.5380315,7200000.0
1530,2,Apartment,23.1109557,72.5539974,4400000.0
1484,3,Apartment,23.252596,72.4840781,12500000.0
1350,2,Apartment,23.107121,72.5848584,6200000.0
1071,2,Apartment,23.0732586,72.6508299,3700000.0
1750,3,Apartment,23.295656,72.326769,9500000.0
1450,2,Apartment,23.0069372,72.5208415,6250000.0
627,2,Apartment,23.1326018,72.2528002,3600000.0
1071,2,Apartment,23.2169318,72.6678423,3200000.0
1233,3,Apartment,23.0284731,72.5590087,8500000.0
1170,2,Apartment,23.0839289,72.6785883,6000000.0
1100,2,Apartment,23.0271651,72.5188421,5400000.0
3600,7,Apartment,22.992195,72.6116113,40000000.0
2000,3,Apartment,23.0485393,72.511742,17500000.0
3170,4,Apartment,23.0111491,72.5132562,20500000.0
2335,3,Apartment,23.2125309,72.684767,16000000.0
3230,4,Apartment,23.1589328,72.5380315,26500000.0
2623,4,Apartment,23.0244466,72.5589826,17600000.0
3400,4,Apartment,23.1360869,72.5520801,19500000.0
1300,3,Apartment,23.2125309,72.684767,9200000.0
945,2,Apartment,22.9977135,72.6067174,3600000.0
809,3,Apartment,23.017704,72.4696021,7900000.0
1215,2,Apartment,23.0901711,72.6504536,5699999.999999999
1620,5,Villa,23.0854097,72.6580946,14000000.0
1764,3,Apartment,23.2848545,72.4400144,7999000.000000001
1435,3,Apartment,23.0107147,72.4429208,7150000.0
1701,3,Apartment,23.0162473,72.4517298,9000000.0
864,2,Apartment,23.0295113,72.4506006,3600000.0
2200,3,Apartment,23.0232163,72.4708784,14000000.0
300,1,Apartment,23.1811021,72.6290196,1200000.0
968,3,Apartment,23.1852929,72.573897,9700000.0
2160,3,Apartment,23.0716125,72.6367479,25000000.0
3123,3,Villa,23.0107147,72.4429208,26500000.0
1458,3,Apartment,23.107121,72.5848584,7000000.0
1683,3,Apartment,23.031029,72.5623938,7500000.0
1300,2,Apartment,23.0232163,72.4708784,5000000.0
1135,2,Apartment,22.8630501,72.5335038,5800000.0
1348,2,Apartment,23.2990325,72.4371042,5200000.0
685,1,Apartment,23.2976084,72.3384089,1800000.0
1035,2,Apartment,23.0111491,72.5132562,4800000.0
2268,3,Apartment,23.3254747,72.0554467,9100000.0
1377,5,Apartment,22.9798797,72.572712,15500000.0
600,1,Villa,23.0854097,72.6580946,4000000.0
1890,3,Villa,23.2125309,72.684767,12000000.0
1100,2,Apartment,23.1109557,72.5539974,6250000.0
925,5,Villa,23.0733482,72.6414952,5800000.0
1350,3,Apartment,23.0195503,72.4687169,11000000.0
1494,2,Apartment,23.0907373,72.5906069,4800000.0
1000,2,Apartment,23.062275,72.571217,3500000.0
1620,4,Apartment,23.0215374,72.5800568,12100000.0
1620,3,Apartment,23.0839289,72.6785883,6400000.0
516,2,Apartment,23.0560952,72.6156604,4600000.0
1305,2,Apartment,22.9884742,72.3357236,5500000.0
1005,3,Apartment,23.0781985,72.4929937,8800000.0
1260,3,Apartment,23.0732586,72.6508299,5100000.0
1750,3,Apartment,23.2105495,72.6850067,6600000.0
1080,2,Apartment,23.0839289,72.6785883,3800000.0
3600,3,Villa,23.0544372,72.4720756,32500000.0
2310,3,Apartment,23.0716125,72.6367479,12000000.0
4980,4,Apartment,23.1201139,72.6251307,25000000.0
590,2,Apartment,22.981225,72.598839,5699999.999999999
1980,3,Apartment,23.1100643,72.5811205,12800000.0
1300,5,Apartment,23.1023628,72.5702646,26000000.0
700,1,Apartment,22.9168572,72.6551837,1250000.0
1215,2,Apartment,23.1761355,72.6367501,3100000.0
915,2,Apartment,23.0195503,72.4687169,7000000.0
981,2,Apartment,23.0302148,72.622926,2800000.0000000005
2300,2,Apartment,23.0839289,72.6785883,4800000.0
1800,3,Apartment,23.0111491,72.5132562,5600000.000000001
1422,4,Apartment,23.0069624,72.5440056,30000000.0
1089,2,Apartment,23.0271285,72.5815218,4200000.0
1000,3,Apartment,23.1660204,72.816262,2200000.0
1680,3,Apartment,23.011445,72.5864365,9300000.0
3663,6,Apartment,23.1137378,72.5416295,17000000.0
765,2,Apartment,23.0306499,72.5101971,4500000.0
1937,7,Apartment,22.9519183,72.6113595,7000000.0
1213,2,Apartment,23.0012666,72.5877721,5699999.999999999
495,1,Apartment,23.0546669,72.6392596,2900000.0
3538,4,Apartment,23.04711,72.527537,31500000.0
1230,2,Apartment,23.017704,72.4696021,6200000.0
1500,3,Apartment,23.1589328,72.5380315,9251000.0
875,4,Villa,22.9969634,72.633455,6500000.0
1125,2,Apartment,23.163288,72.8142282,5100000.0
990,2,Apartment,22.9975921,72.6046587,4300000.0
1179,2,Apartment,23.0086264,72.5479912,5500000.0
1150,2,Apartment,23.0295113,72.4506006,6500000.0
1140,3,Apartment,23.0631171,72.5255748,25000000.0
1260,5,Villa,22.99061,72.6367664,26500000.0
1345,2,Apartment,23.0839289,72.6785883,6000000.0
2304,3,Apartment,23.0145531,72.5635432,15300000.0
1260,4,Apartment,23.0069624,72.5440056,17500000.0
1024,3,Apartment,23.1201139,72.6251307,6020000.0
1783,3,Apartment,23.0181819,72.4681909,9000000.0
1179,2,Apartment,23.1134254,72.5414761,5800000.0
290,1,Apartment,22.9461238,72.5972209,1300000.0
1350,2,Apartment,23.057541,72.5435085,7600000.0
1527,2,Villa,23.0510656,72.6436615,6500000.0
1575,3,Apartment,23.0111491,72.5132562,6500000.0
1575,3,Apartment,23.0434823,72.6810611,6500000.0
3500,5,Apartment,23.0399395,72.5020526,20099999.999999996
1215,2,Apartment,23.0097167,72.5076274,5100000.0
1254,2,Apartment,23.1123884,72.5515273,5400000.0
1510,3,Apartment,23.0328924,72.5604427,6500000.0
1750,3,Apartment,23.0232163,72.4708784,8300000.0
1850,3,Apartment,22.9790982,72.4584095,11500000.0
1134,2,Apartment,23.092529,72.561323,5825000.0
837,5,Apartment,23.0854097,72.6580946,9500000.0
990,2,Apartment,23.10644,72.5774989,6600000.0
600,1,Apartment,23.0363265,72.5650744,3750000.0
11340,5,Apartment,23.0215374,72.5800568,13000000.0
675,2,Apartment,23.1886152,72.633268,6000000.0
1675,3,Apartment,23.0069624,72.5440056,18000000.0
1100,2,Apartment,22.996342,72.5043085,6200000.0
1161,2,Apartment,22.9666916,72.5893488,5900000.0
3267,4,Apartment,23.0271267,72.5226289,43600000.0
6084,6,Apartment,23.0215374,72.5800568,74400000.0
900,3,Apartment,22.9948656,72.6624431,6300000.0
2250,4,Villa,23.036861,72.521212,13400000.0
1490,3,Apartment,23.0172779,72.4709076,7400000.0
4500,3,Apartment,22.9993547,72.6137203,28000000.0
1800,3,Apartment,23.1010002,72.5408363,9500000.0
690,2,Apartment,23.1589328,72.5380315,6800000.000000001
858,3,Apartment,23.1360943,72.5425805,7000000.0
1179,2,Apartment,23.0063315,72.536517,6000000.0
1962,3,Apartment,23.3226944,72.423167,16500000.0
652,2,Apartment,23.1201139,72.6251307,4500000.0
1510,3,Apartment,23.0328924,72.5604427,6800000.000000001
900,2,Apartment,23.062275,72.571217,4500000.0
2583,4,Villa,23.166292,72.8125255,33500000.0
1224,2,Apartment,23.0604301,72.6537943,4099999.9999999995
1098,2,Apartment,23.062275,72.571217,3000000.0
1436,3,Apartment,23.0244466,72.5589826,8500000.0
1431,3,Apartment,23.0604301,72.6537943,6400000.0
5499,5,Apartment,23.2840623,72.4400098,21000000.0
2640,3,Apartment,23.0107147,72.4429208,20000000.0
1650,3,Apartment,22.9979199,72.5595221,6500000.0
225,1,Apartment,23.0111491,72.5132562,4000000.0
1332,2,Apartment,23.107121,72.5848584,6000000.0
536,1,Apartment,22.9168572,72.6551837,1200000.0
857,3,Apartment,23.0495869,72.5928806,6500000.0
1872,4,Apartment,23.0215374,72.5800568,10000000.0
800,1,Apartment,23.0111491,72.5132562,5500000.0
1962,5,Villa,23.0227526,72.5383118,37500000.0
1500,3,Apartment,23.1360943,72.5425805,7500000.0
1150,2,Apartment,23.0107147,72.4429208,5300000.0
661,2,Apartment,23.0854097,72.6580946,5000000.0
873,1,Apartment,23.0839289,72.6785883,3000000.0
1530,3,Apartment,23.2524609,72.4843063,6000000.0
1152,2,Apartment,23.0111491,72.5132562,7000000.0
814,3,Apartment,23.017704,72.4696021,8500000.0
1665,3,Apartment,23.1634079,72.6888935,8500000.0
1180,2,Apartment,22.9979199,72.5595221,3300000.0
1170,2,Apartment,22.9589978,72.6297981,2800000.0000000005
2970,4,Apartment,23.0716125,72.6367479,29000000.0
2750,4,Apartment,22.9824283,72.4590034,24500000.0
1200,2,Apartment,23.1153559,72.5366513,6000000.0
1215,2,Apartment,23.0205008,72.4694523,6800000.000000001
1323,3,Apartment,23.0063315,72.536517,12500000.0
1230,2,Apartment,22.9504545,72.6221998,8500000.0
1350,2,Apartment,23.0839289,72.6785883,6000000.0
2625,4,Apartment,23.0107147,72.4429208,18000000.0
2000,4,Apartment,23.0360509,72.5611735,30000000.0
1200,2,Apartment,23.062275,72.571217,4800000.0
954,2,Apartment,23.2935817,72.3290988,3300000.0
3312,2,Apartment,23.0271267,72.5226289,33500000.0
2367,3,Apartment,23.2125309,72.684767,9500000.0
2871,4,Apartment,23.038676,72.5596366,17000000.0
1080,2,Apartment,23.0409123,72.5140989,4500000.0
2000,3,Apartment,23.006527,72.583296,19000000.0
1305,2,Apartment,23.119713,72.6051136,8700000.0
960,3,Apartment,23.1283467,72.558657,8500000.0
1620,3,Apartment,23.0161011,72.4656001,18000000.0
1260,3,Apartment,23.0215374,72.5800568,13000000.0
1035,2,Apartment,22.9948656,72.6624431,3700000.0
5225,4,Apartment,23.2145657,72.6856816,47000000.0
1575,2,Apartment,23.0434823,72.6810611,6600000.0
1111,3,Apartment,23.0215374,72.5800568,8800000.0
600,2,Apartment,22.9033238,72.4554029,2800000.0000000005
3600,4,Apartment,23.0171175,72.589927,29900000.000000004
1700,3,Apartment,23.0295113,72.4506006,8700000.0
2340,3,Apartment,23.0839289,72.6785883,8700000.0
873,2,Apartment,22.9884742,72.3357236,3000000.0
972,2,Apartment,23.0111491,72.5132562,15000000.0
1203,2,Apartment,23.0686992,72.6185497,7400000.0
1206,2,Apartment,23.0839289,72.6785883,3650000.0
550,2,Apartment,23.0839289,72.6785883,4099999.9999999995
2152,3,Apartment,23.0111491,72.5132562,5400000.0
1125,2,Apartment,23.1569347,72.8003947,5500000.0
700,3,Apartment,23.0839289,72.6785883,3800000.0
1845,3,Apartment,23.2522871,72.4840233,9000000.0
900,2,Apartment,23.1123884,72.5515273,5500000.0
1125,2,Apartment,23.0839289,72.6785883,5500000.0
1500,2,Apartment,23.0111491,72.5132562,3700000.0
1170,4,Apartment,22.9317728,72.5749418,9900000.0
1485,2,Apartment,23.2522871,72.4840233,6200000.0
1286,2,Apartment,23.1244438,72.6142157,9500000.0
1049,3,Apartment,23.0766234,72.5764197,8000000.0
1305,2,Apartment,23.0291729,72.54137,8900000.0
4950,4,Apartment,23.164603,72.6506473,25000000.0
1152,2,Apartment,23.0839289,72.6785883,5400000.0
1080,2,Apartment,22.9977135,72.6067174,6500000.0
9000,2,Apartment,23.0111491,72.5132562,6000000.0
1355,2,Apartment,23.0024361,72.5204272,7000000.0
800,2,Apartment,22.9504545,72.6221998,6000000.0
2475,5,Villa,22.9986596,72.6114013,26500000.0
925,3,Villa,23.2294787,72.7273294,9000000.0
3600,5,Apartment,23.0056298,72.5231013,50000000.0
1710,3,Apartment,23.0485393,72.511742,12500000.0
949,3,Apartment,22.9978637,72.5601122,15000000.0
1251,2,Apartment,23.0259222,72.5496698,6800000.000000001
1000,3,Apartment,23.0264639,72.5607382,10000000.0
966,3,Apartment,23.1223913,72.5733728,12000000.0
2610,5,Apartment,23.0564338,72.5622541,25500000.0
565,2,Apartment,23.2125309,72.684767,5600000.000000001
3800,3,Apartment,23.0445921,72.517344,19000000.0
905,2,Apartment,23.0839289,72.6785883,6000000.0
1351,3,Apartment,23.0165432,72.5128364,13600000.000000002
1503,3,Apartment,23.2990325,72.4371042,8500000.0
1125,2,Apartment,23.0847978,72.5512141,5200000.0
1026,2,Apartment,23.1201139,72.6251307,2800000.0000000005
945,2,Apartment,23.0363265,72.5650744,7500000.0
1890,3,Apartment,23.0839289,72.6785883,11500000.0
954,2,Apartment,23.1010002,72.5408363,6000000.0
635,2,Apartment,23.0262109,72.4823051,6200000.0
1215,2,Apartment,22.9924509,72.3825613,5200000.0
1206,2,Apartment,23.1326018,72.2528002,4700000.0
1350,2,Apartment,23.0159755,72.5136414,5800000.0
1368,3,Apartment,23.0159516,72.5669759,8000000.0
1872,5,Villa,23.0227526,72.5383118,37500000.0
1350,2,Apartment,22.9790982,72.4584095,10000000.0
1845,3,Apartment,23.1201139,72.6251307,11000000.0
1510,3,Apartment,23.1840636,72.647924,7500000.0
1548,2,Apartment,23.062275,72.571217,6200000.0
1152,2,Apartment,23.0434823,72.6810611,5100000.0
2385,3,Apartment,23.0139583,72.5287561,13200000.0
877,1,Apartment,23.1143235,72.5587865,4000000.0
2448,3,Apartment,23.0856343,72.5646439,20000000.0
653,2,Apartment,23.038676,72.5596366,6100000.0
1400,2,Apartment,23.0054726,72.531336,4500000.0
1260,2,Apartment,23.0839289,72.6785883,4200000.0
800,2,Apartment,23.062275,72.571217,2700000.0
871,2,Apartment,23.0360509,72.5611735,4950000.0
688,2,Apartment,23.0043253,72.5520748,5000000.0
1065,2,Villa,23.0069624,72.5440056,7500000.0
1125,2,Apartment,22.9811933,72.6319432,3200000.0
1517,3,Apartment,22.9797925,72.4548655,14000000.0
1305,2,Apartment,23.0839289,72.6785883,6300000.0
1665,3,Apartment,23.0439009,72.4820111,5800000.0
945,2,Apartment,23.0111491,72.5132562,1900000.0
2810,4,Apartment,23.0217679,72.5074434,32500000.0
1170,3,Apartment,23.0787426,72.6681866,11000000.0
730,1,Apartment,22.9916559,72.6062149,3500000.0
725,2,Apartment,23.0399922,72.5778602,6800000.000000001
576,3,Apartment,23.0285662,72.5051111,3000000.0
1215,2,Apartment,23.2525119,72.4837832,5699999.999999999
1215,2,Apartment,23.1358111,72.5818846,6500000.0
5850,6,Villa,23.0650046,72.5390686,58000000.0
450,1,Apartment,23.0069624,72.5440056,4000000.0
600,1,Apartment,23.2770506,72.0875893,3500000.0
1440,3,Apartment,22.9979199,72.5595221,7000000.0
810,1,Apartment,23.0901491,72.6505239,4500000.0
1000,2,Apartment,23.0813667,72.6280913,12000000.0
1350,2,Apartment,23.0838316,72.6488435,6000000.0
252,1,Apartment,23.0069624,72.5440056,3000000.0
648,2,Apartment,22.8118046,72.7490972,5500000.0
1929,3,Apartment,23.0366663,72.5492165,14500000.0
1134,2,Apartment,23.030038,72.5138178,4700000.0
675,2,Apartment,23.2770506,72.0875893,7000000.0
1575,3,Apartment,23.0111491,72.5132562,7800000.0
609,2,Apartment,23.0730267,72.6528769,3800000.0
900,1,Apartment,22.9519183,72.6113595,1850000.0
1050,2,Apartment,22.9878599,72.4928926,3850000.0
936,2,Apartment,23.0271267,72.5226289,5800000.0
1080,2,Apartment,23.1743872,72.8270334,2800000.0000000005
1413,3,Apartment,23.137604,72.44412,15500000.0
1700,3,Apartment,23.0245389,72.579428,5000000.0
1179,2,Apartment,23.1198532,72.6234496,5000000.0
1360,3,Apartment,23.038676,72.5596366,6850000.000000001
1764,3,Apartment,23.1360943,72.5425805,8050000.000000001
690,2,Apartment,23.0686992,72.6185497,8800000.0
2313,3,Apartment,23.1010002,72.5408363,15000000.0
1440,3,Apartment,23.0232163,72.4708784,7000000.0
1455,3,Apartment,23.1743872,72.8270334,7500000.0
980,2,Apartment,23.1153559,72.5366513,6100000.0
1750,3,Apartment,22.9677692,72.3056957,9900000.0
912,3,Apartment,22.9677692,72.3056957,10700000.0
1260,3,Apartment,23.0111491,72.5132562,6500000.0
2357,3,Apartment,22.9844824,72.4604009,14000000.0
1630,3,Apartment,23.0232163,72.4708784,8199999.999999999
945,2,Apartment,23.0839289,72.6785883,3150000.0
900,2,Apartment,23.0111491,72.5132562,3500000.0
1845,6,Apartment,23.0770712,72.5890677,16000000.0
1620,3,Apartment,23.0069624,72.5440056,9000000.0
2223,3,Apartment,23.0084683,72.5388507,17000000.0
1260,2,Apartment,23.0891843,72.5415308,5595000.0
594,1,Apartment,23.1964319,72.6328106,1500000.0
477,2,Apartment,22.9867206,72.6458765,3200000.0
1215,3,Apartment,23.0111491,72.5132562,7500000.0
570,2,Apartment,22.9977135,72.6067174,6500000.0
1530,4,Apartment,22.9742764,72.5865341,17500000.0
650,2,Apartment,23.252596,72.4840781,7800000.0
600,3,Apartment,23.0069624,72.5440056,8000000.0
1080,2,Apartment,23.0839289,72.6785883,4500000.0
880,2,Apartment,23.0111491,72.5132562,2700000.0
900,2,Apartment,23.0057574,72.6269822,3500000.0
1485,2,Apartment,23.0232163,72.4708784,6500000.0
4560,3,Apartment,23.0398447,72.6298154,6200000.0
6750,4,Villa,23.0676665,72.5721746,52500000.0
1800,4,Apartment,23.1429051,72.5392248,35000000.0
1080,2,Apartment,23.0839803,72.5536541,5500000.0
1000,2,Apartment,23.0839289,72.6785883,3500000.0
1971,4,Apartment,23.0408279,72.5048295,22000000.0
1062,2,Apartment,22.9729765,72.5895984,2800000.0000000005
1725,3,Apartment,23.0162473,72.4517298,8199999.999999999
1334,4,Apartment,23.1634079,72.6888935,18000000.0
1250,2,Apartment,23.0839289,72.6785883,3950000.0
1143,2,Apartment,23.0839289,72.6785883,6800000.000000001
1386,3,Apartment,23.0839289,72.6785883,7500000.0
1980,2,Apartment,23.0271267,72.5226289,12500000.0
1305,2,Apartment,23.1201139,72.6251307,4500000.0
979,4,Apartment,23.0215374,72.5800568,6000000.0
1125,2,Apartment,23.0111491,72.5132562,5800000.0
630,1,Apartment,22.9867206,72.6458765,1800000.0
1340,3,Apartment,23.0107147,72.4429208,6500000.0
1233,2,Apartment,23.0839289,72.6785883,6500000.0
1701,3,Apartment,23.0295113,72.4506006,8500000.0
990,2,Apartment,23.0072793,72.5573789,4800000.0
450,4,Apartment,23.0716125,72.6367479,28000000.0
1305,2,Apartment,22.968738,72.6513756,8500000.0
1710,3,Apartment,23.1010002,72.5408363,7500000.0
1125,2,Apartment,23.2417722,72.503107,3200000.0
1116,2,Apartment,23.0839289,72.6785883,3800000.0
2700,3,Apartment,23.0716125,72.6367479,7980000.0
1080,2,Apartment,23.0839289,72.6785883,4200000.0
1062,2,Apartment,23.0839289,72.6785883,4700000.0
1500,3,Apartment,23.1632457,72.6500247,5500000.0
1000,1,Apartment,22.9589978,72.6297981,1400000.0000000002
1845,3,Apartment,23.1244438,72.6142157,9500000.0
1265,2,Apartment,23.0296268,72.5583652,6500000.0
1125,3,Apartment,23.0901491,72.6505239,5300000.0
1905,3,Apartment,23.1123884,72.5515273,10500000.0
1791,3,Apartment,23.166292,72.8125255,7000000.0
1143,2,Apartment,23.2125309,72.684767,5100000.0
1053,3,Apartment,23.0363265,72.5650744,8000000.0
1134,2,Apartment,23.0434823,72.6810611,5500000.0
4880,4,Apartment,23.0226117,72.5490834,65000000.0
1504,3,Apartment,23.0366663,72.5492165,7300000.0
702,1,Apartment,22.9729765,72.5895984,1200000.0
1521,2,Apartment,23.0616704,72.6721767,15000000.0
1260,2,Apartment,23.0713102,72.539578,5000000.0
1908,6,Apartment,23.0111491,72.5132562,22500000.0
1980,3,Apartment,23.0539511,72.595426,9700000.0
726,1,Apartment,23.1811021,72.6290196,1200000.0
720,2,Apartment,23.1109557,72.5539974,5000000.0
1179,2,Apartment,23.1134254,72.5414761,5500000.0
2340,4,Apartment,23.1109557,72.5539974,8950000.0
297,1,Apartment,22.9589978,72.6297981,2300000.0
585,1,Apartment,23.0686745,72.5358445,4000000.0
963,2,Apartment,23.0787426,72.6681866,5500000.0
1125,2,Apartment,23.0792126,72.5652149,4500000.0
1719,2,Apartment,23.0813667,72.6280913,8500000.0
5130,2,Apartment,22.8278859,72.3684741,10000000.0
1305,2,Apartment,23.1579352,72.8006066,4500000.0
2150,3,Apartment,23.2840623,72.4400098,8500000.0
1836,3,Apartment,22.9955398,72.6107331,15000000.0
705,1,Apartment,23.0839289,72.6785883,3300000.0
3816,4,Apartment,23.0359998,72.5643429,35000000.0
675,1,Apartment,23.0097167,72.5076274,5500000.0
1188,2,Apartment,23.1201139,72.6251307,4300000.0
873,2,Apartment,22.9867206,72.6458765,2500000.0
1521,3,Apartment,23.0232163,72.4708784,9000000.0
1080,2,Apartment,23.1620692,72.6824632,4200000.0
850,3,Apartment,22.9948656,72.6624431,7200000.0
1800,3,Apartment,23.164603,72.6506473,9500000.0
486,3,Villa,23.0069624,72.5440056,3700000.0
1539,2,Apartment,23.0111491,72.5132562,4500000.0
3960,4,Villa,23.0535306,72.4934085,110000000.0
1080,2,Apartment,23.030038,72.5138178,5100000.0
2013,3,Apartment,23.0366663,72.5492165,13500000.0
900,2,Apartment,23.0485393,72.511742,6300000.0
1995,3,Apartment,22.9982993,72.5043337,12700000.0
2750,4,Apartment,22.9824283,72.4590034,27000000.0
1152,1,Apartment,23.0398447,72.6298154,4500000.0
954,2,Apartment,23.2098893,72.662021,5800000.0
2367,3,Apartment,23.069237,72.5111307,15800000.0
753,1,Apartment,23.0271267,72.5226289,16000000.0
527,2,Apartment,23.1109557,72.5539974,4800000.0
792,1,Apartment,23.0901711,72.6504536,4000000.0
675,2,Apartment,23.0326231,72.5709891,6800000.000000001
1125,2,Apartment,23.1153559,72.5366513,6500000.0
1710,3,Apartment,23.1660363,72.8120437,16000000.0
1782,3,Apartment,23.0157768,72.5132008,11100000.000000002
1200,3,Apartment,23.0868734,72.4835036,14100000.0
1215,2,Apartment,23.0157768,72.5132008,8500000.0
2835,3,Apartment,23.1743872,72.8270334,27500000.0
1260,2,Apartment,23.2389166,72.4910845,7200000.0
3500,7,Apartment,23.0485393,72.511742,18000000.0
1260,2,Apartment,23.2389166,72.4910845,72000000.0
1776,3,Apartment,23.0078232,72.5102288,16000000.0
1485,2,Apartment,23.0000258,72.5051405,7600000.0
550,2,Apartment,23.0111491,72.5132562,6800000.000000001
3300,4,Apartment,23.0439009,72.4820111,32500000.0
576,1,Apartment,23.0366663,72.5492165,4200000.0
1000,3,Apartment,23.0159516,72.5669759,7800000.0
1152,2,Apartment,22.996342,72.5043085,7250000.0
1460,3,Apartment,22.996342,72.5043085,9000000.0
2790,3,Villa,23.0485393,72.511742,51100000.0
696,2,Apartment,23.107121,72.5848584,5883000.0
2763,3,Apartment,23.0227526,72.5383118,20000000.0
1080,2,Apartment,22.9821021,72.4975186,4245000.0
2320,3,Apartment,23.0676665,72.5721746,16700000.0
4410,4,Apartment,23.057541,72.5435085,14500000.0
1215,2,Apartment,22.9729765,72.5895984,3000000.0
3726,4,Apartment,23.0967876,72.5966689,13799999.999999998
3798,4,Villa,22.8927975,72.4910926,13500000.0
1800,3,Apartment,23.0232163,72.4708784,5200000.0
1850,3,Apartment,23.0232163,72.4708784,8650000.0
918,3,Apartment,23.0967876,72.5966689,7400000.0
1800,3,Apartment,23.081994,72.5519258,6300000.0
2610,3,Apartment,23.0774129,72.4943545,14700000.0
4075,4,Apartment,23.0107147,72.4429208,7600000.0
841,3,Apartment,23.0107147,72.4429208,7306000.0
1890,3,Apartment,23.107121,72.5848584,8500000.0
6912,4,Apartment,23.1360943,72.5425805,48500000.0
3406,4,Apartment,23.1360943,72.5425805,25500000.0
10201,4,Apartment,23.0485393,72.511742,43000000.0
3121,4,Apartment,23.0232163,72.4708784,15100000.0
866,3,Apartment,23.0107147,72.4429208,6575000.0
1980,3,Apartment,23.096244,72.4657337,8800000.0
1104,3,Apartment,23.1589328,72.5380315,8800000.0
2365,4,Apartment,23.1589328,72.5380315,14100000.0
970,3,Apartment,23.0676665,72.5721746,10200000.0
2160,4,Apartment,23.0445921,72.517344,24000000.0
11090,4,Apartment,23.0796581,72.4947377,45800000.0
1760,3,Apartment,23.0544372,72.4720756,8700000.0
1421,3,Apartment,23.1153559,72.5366513,9900000.0
869,3,Apartment,23.0232163,72.4708784,8100000.000000001
10920,4,Apartment,23.057541,72.5435085,15200000.0
875,3,Apartment,23.0107147,72.4429208,9500000.0
2879,4,Apartment,22.996342,72.5043085,20600000.0
871,3,Apartment,23.1358111,72.5818846,6881000.0
1985,3,Apartment,23.0063315,72.536517,16500000.0
1593,4,Apartment,23.119848,72.5152135,12500000.0
6326,4,Apartment,23.0107147,72.4429208,26800000.0
979,3,Apartment,22.9317728,72.5749418,3700000.0
699,2,Apartment,23.1283467,72.558657,6000000.0
1154,3,Apartment,23.1646919,72.5821046,4575000.0
4059,4,Apartment,23.0774129,72.4943545,16200000.000000002
931,3,Apartment,23.0107147,72.4429208,7392000.0
4393,4,Apartment,23.1360943,72.5425805,61000000.0
7288,4,Apartment,23.0535306,72.4934085,89600000.00000001
1422,2,Apartment,23.1360943,72.5425805,6162000.0
3843,4,Apartment,23.0835653,72.4994023,18200000.0
3170,4,Apartment,23.0111491,72.5132562,16299999.999999998
2376,3,Apartment,23.1360943,72.5425805,13500000.0
986,3,Apartment,23.0232163,72.4708784,7200000.0
1845,3,Apartment,23.1358111,72.5818846,6662000.0
3785,4,Apartment,23.0544372,72.4720756,25000000.0
933,3,Apartment,23.1283467,72.558657,5200000.0
948,3,Apartment,23.1283467,72.558657,7100000.0
853,3,Apartment,23.0980012,72.7096941,8500000.0
1750,3,Apartment,23.0544372,72.4720756,8225000.0
1177,3,Apartment,23.0233196,72.4087089,9678000.0
850,3,Apartment,23.1358111,72.5818846,7500000.0
2475,4,Apartment,23.0445921,72.517344,39600000.0
2015,4,Apartment,23.1010002,72.5408363,12800000.0
3384,5,Villa,22.8927975,72.4910926,18100000.0
3346,5,Apartment,23.0417971,72.4911758,54500000.0
1420,2,Apartment,22.9924509,72.3825613,5500000.0
1760,3,Apartment,23.0544372,72.4720756,7740000.0
850,3,Apartment,23.0544372,72.4720756,7700000.0
626,2,Apartment,23.0544372,72.4720756,5699999.999999999
1185,2,Apartment,23.0544372,72.4720756,6800000.000000001
5292,2,Villa,22.9924509,72.3825613,27000000.0
1060,2,Apartment,23.1360943,72.5425805,6600000.0
1550,3,Apartment,23.0544372,72.4720756,9500000.0
1290,2,Apartment,23.0111491,72.5132562,6250000.0
1550,3,Apartment,23.0839289,72.6785883,5000000.0
1265,3,Apartment,22.9924509,72.3825613,6500000.0
1750,3,Apartment,23.0544372,72.4720756,8225000.0
634,2,Apartment,23.1589328,72.5380315,7200000.0
900,2,Apartment,23.0686992,72.6185497,8000000.0
400,1,Apartment,23.0839289,72.6785883,3500000.0
1815,3,Apartment,23.0289813,72.5025486,15000000.0
1301,3,Apartment,23.1081937,72.5328119,8500000.0
520,2,Apartment,23.1391831,72.5396718,4700000.0
3600,4,Apartment,23.0686992,72.6185497,40000000.0
2250,3,Apartment,23.0839289,72.6785883,8750000.0
4000,5,Apartment,23.1360943,72.5425805,47500000.0
600,1,Apartment,23.1589328,72.5380315,3900000.0
868,3,Apartment,23.0544372,72.4720756,7400000.0
1575,3,Apartment,23.0839289,72.6785883,8300000.0
1500,3,Apartment,23.0604301,72.6537943,7200000.0
642,2,Apartment,23.038676,72.5596366,6400000.0
1206,2,Apartment,23.1806904,72.6386269,4600000.0
1750,3,Apartment,23.0544372,72.4720756,7500000.0
1750,3,Apartment,23.0328924,72.5604427,9800000.0
1233,2,Apartment,23.2125309,72.684767,6500000.0
1800,3,Apartment,23.1201139,72.6251307,6200000.0
1860,3,Apartment,23.0839289,72.6785883,7850000.0
1530,3,Apartment,23.1429051,72.5392248,8000000.0
1427,2,Apartment,23.1360943,72.5425805,10000000.0
900,3,Apartment,22.9824283,72.4590034,6500000.0
880,1,Apartment,23.0839289,72.6785883,2800000.0000000005
1650,3,Apartment,22.9924509,72.3825613,6500000.0
5814,2,Apartment,23.0574157,72.3828011,38500000.0
1144,2,Apartment,23.1720602,72.5371765,6100000.0
1575,3,Villa,22.9924509,72.3825613,9000000.0
2104,4,Apartment,23.2125309,72.684767,31000000.0
1647,3,Apartment,23.1670808,72.8141405,9000000.0
1750,3,Apartment,23.0328924,72.5604427,7099000.0
1935,3,Apartment,23.1360943,72.5425805,7310000.0
1750,3,Apartment,22.9677692,72.3056957,8199999.999999999
1485,3,Apartment,23.1360943,72.5425805,6700000.0
383,1,Apartment,22.9924509,72.3825613,2700000.0
751,2,Apartment,22.9924509,72.3825613,4500000.0
5400,4,Apartment,23.1720602,72.5371765,76500000.0
12510,4,Villa,23.0544372,72.4720756,150000000.0
6300,4,Apartment,23.0839289,72.6785883,80000000.0
1100,2,Apartment,23.0195503,72.4687169,5800000.0
1050,3,Apartment,23.1360943,72.5425805,7900000.0
1200,2,Apartment,23.1589328,72.5380315,7500000.0
1750,3,Apartment,23.0544372,72.4720756,9500000.0
1356,2,Apartment,23.2145657,72.6856816,6271000.0
1080,2,Apartment,23.1360943,72.5425805,6600000.0
1845,3,Apartment,23.2125309,72.684767,7500000.0
1730,3,Apartment,23.2125309,72.684767,7450000.0
1683,3,Apartment,23.2125309,72.684767,7300000.0
1850,3,Apartment,22.9790982,72.4584095,12500000.0
697,2,Apartment,23.1589328,72.5380315,7200000.0
2708,4,Apartment,23.1998916,72.6637473,40000000.0
920,3,Apartment,23.0544372,72.4720756,9840000.0
950,3,Apartment,23.0544372,72.4720756,9800000.0
1800,4,Apartment,23.1360943,72.5425805,25000000.0
803,3,Apartment,23.038676,72.5596366,7000000.0
2450,4,Apartment,23.0901711,72.6504536,22000000.0
1714,4,Apartment,23.1589328,72.5380315,23100000.0
690,2,Apartment,23.1589328,72.5380315,7600000.0
4185,5,Villa,23.1981316,72.6145679,71000000.0
5131,5,Apartment,23.1589328,72.5380315,62500000.0
1750,3,Apartment,22.9677692,72.3056957,8500000.0
990,3,Apartment,23.0111491,72.5132562,8149999.999999999
2520,3,Apartment,23.1360943,72.5425805,14100000.0
1284,3,Apartment,23.2125309,72.684767,16500000.0
1760,3,Apartment,23.0544372,72.4720756,10500000.0
1825,3,Apartment,23.0544372,72.4720756,8395000.0
1760,3,Apartment,23.0544372,72.4720756,9650000.0
1760,3,Apartment,23.0544372,72.4720756,9700000.0
1410,2,Apartment,23.0544372,72.4720756,6500000.0
1760,3,Apartment,23.0544372,72.4720756,9600000.0
3700,4,Apartment,23.0544372,72.4720756,17200000.0
3700,4,Apartment,23.0544372,72.4720756,17400000.0
1798,3,Apartment,23.0544372,72.4720756,9000000.0
1750,3,Apartment,23.0544372,72.4720756,9800000.0
4000,4,Apartment,23.0544372,72.4720756,25500000.0
1376,2,Apartment,23.0544372,72.4720756,6700000.0
1301,3,Apartment,23.1081937,72.5328119,9600000.0
1440,3,Apartment,23.1030052,72.5956096,7800000.0
2164,3,Apartment,23.0135186,72.5644029,15500000.0
1500,3,Apartment,23.1589328,72.5380315,9950000.0
1550,3,Apartment,23.0544372,72.4720756,9800000.0
1760,3,Apartment,23.0544372,72.4720756,11200000.000000002
3548,4,Apartment,23.1662912,72.5370072,36000000.0
2200,4,Apartment,23.0544372,72.4720756,27000000.0
3250,4,Apartment,23.1662912,72.5370072,27500000.0
3707,4,Apartment,23.1589328,72.5380315,27300000.0
4950,4,Villa,23.1589328,72.5380315,75000000.0
4734,4,Villa,23.1662912,72.5370072,38500000.0
1890,3,Apartment,23.2125309,72.684767,7000000.0
1485,3,Apartment,23.2125309,72.684767,7400000.0
13500,4,Villa,22.9223318,72.3628172,50000000.0
4410,4,Villa,23.0839289,72.6785883,70000000.0
1775,3,Apartment,23.1589328,72.5380315,11000000.0
3250,4,Apartment,23.1662912,72.5370072,26800000.0
3250,4,Apartment,23.1589328,72.5380315,34000000.0
1530,3,Apartment,23.1360943,72.5425805,9100000.0
1815,3,Apartment,22.9790982,72.4584095,13000000.0
1500,3,Apartment,23.1360943,72.5425805,8199999.999999999
5500,4,Apartment,23.1709715,72.5325602,38500000.0
1045,3,Apartment,23.0686992,72.6185497,9500000.0
1070,3,Apartment,23.0686992,72.6185497,10000000.0
3071,4,Apartment,23.0328924,72.5604427,19500000.0
6350,5,Apartment,23.1998916,72.6637473,44500000.0
874,3,Apartment,23.0544372,72.4720756,8700000.0
1500,3,Apartment,23.0544372,72.4720756,8000000.0
1285,2,Apartment,23.0544372,72.4720756,6500000.0
1062,2,Apartment,23.0544372,72.4720756,6500000.0
1500,3,Apartment,23.1360943,72.5425805,13000000.0
1044,2,Apartment,23.1081937,72.5328119,7000000.0
1761,3,Apartment,23.0544372,72.4720756,9200000.0
2025,3,Apartment,23.1360943,72.5425805,12000000.0
3710,4,Apartment,23.011445,72.5864365,25299999.999999996
1845,3,Apartment,23.1360943,72.5425805,7800000.0
1850,3,Apartment,23.1360943,72.5425805,11500000.0
1769,3,Apartment,23.0544372,72.4720756,7961000.0
1845,3,Apartment,23.1360943,72.5425805,7500000.0
1958,3,Apartment,23.1360943,72.5425805,12000000.0
5292,3,Villa,23.0574157,72.3828011,27000000.0
1760,3,Apartment,23.0544372,72.4720756,9100000.0
1550,3,Apartment,23.0544372,72.4720756,11100000.000000002
14031,4,Apartment,23.1709715,72.5325602,116900000.0
1215,2,Apartment,23.1589328,72.5380315,7000000.0
1215,2,Apartment,23.1589328,72.5380315,7300000.0
1215,2,Apartment,23.0686992,72.6185497,6949999.999999999
3250,4,Apartment,23.1662912,72.5370072,28500000.0
2510,3,Apartment,23.1662912,72.5370072,20500000.0
3220,4,Apartment,23.1360943,72.5425805,31500000.0
7767,4,Villa,23.0544372,72.4720756,100000000.0
6315,4,Apartment,23.1998916,72.6637473,45800000.0
2349,3,Apartment,23.1134254,72.5414761,10400000.0
3222,4,Apartment,23.0139583,72.5287561,15200000.0
2385,3,Apartment,23.0139583,72.5287561,11900000.0
3465,4,Apartment,23.1278925,72.0515473,17000000.0
4050,4,Apartment,23.0116938,72.5114895,18400000.0
3153,4,Apartment,23.0328924,72.5604427,13600000.000000002
2525,3,Apartment,23.0328924,72.5604427,11399999.999999998
7575,4,Apartment,23.1701591,72.526586,56800000.0
6560,4,Apartment,23.1701591,72.526586,49200000.0
2335,3,Apartment,23.0284244,72.552161,14000000.0
1760,3,Apartment,23.0544372,72.4720756,10900000.0
1760,3,Apartment,23.0544372,72.4720756,11000000.0
1550,3,Villa,23.0069624,72.5440056,8000000.0
1755,3,Apartment,23.1360943,72.5425805,8700000.0
2430,2,Villa,23.0901491,72.6505239,7600000.0
2668,4,Apartment,22.9924509,72.3825613,25000000.0
5400,6,Villa,23.1360943,72.5425805,80000000.0
1134,2,Apartment,23.1360943,72.5425805,5800000.0
4745,4,Apartment,23.0839289,72.6785883,32700000.0
11665,4,Apartment,23.1998916,72.6637473,84600000.00000001
3194,4,Apartment,23.0051587,72.4568468,19800000.0
3108,3,Apartment,23.0051587,72.4568468,19300000.0
6350,4,Apartment,23.1998916,72.6637473,46000000.0
6800,5,Apartment,23.1589328,72.5380315,60000000.0
5450,4,Apartment,23.1589328,72.5380315,48500000.0
6156,5,Villa,23.0139583,72.5287561,35500000.0
1550,3,Apartment,23.295656,72.326769,8800000.0
5382,2,Villa,23.0574157,72.3828011,28100000.0
5250,4,Apartment,23.0544372,72.4720756,43000000.0
7000,4,Apartment,23.0796581,72.4947377,45500000.0
5400,4,Apartment,23.0796581,72.4947377,33500000.0
1750,3,Apartment,23.0544372,72.4720756,9600000.0
6426,3,Villa,23.0544372,72.4720756,115000000.0
1548,3,Apartment,23.0979166,72.4703764,11000000.0
3320,4,Apartment,23.0544372,72.4720756,20000000.0
1713,4,Apartment,23.1589328,72.5380315,21000000.0
1760,3,Apartment,23.0544372,72.4720756,9500000.0
1698,3,Apartment,23.0544372,72.4720756,7500000.0
3220,4,Apartment,23.1662912,72.5370072,36500000.0
1215,2,Apartment,23.0439009,72.4820111,4500000.0
2400,4,Apartment,23.1360943,72.5425805,27200000.000000004
1368,4,Apartment,23.1360943,72.5425805,18200000.0
1530,4,Apartment,23.1360943,72.5425805,20400000.0
4725,4,Apartment,23.0544372,72.4720756,32599999.999999996
4625,4,Apartment,23.0544372,72.4720756,31900000.0
4037,5,Villa,23.0215374,72.5800568,46000000.0
4940,6,Villa,23.1360943,72.5425805,55000000.0
2040,4,Apartment,23.0135186,72.5644029,27000000.0
2470,4,Apartment,23.2145657,72.6856816,31800000.0
9891,5,Villa,23.1720602,72.5371765,100000000.0
9171,5,Apartment,23.1720602,72.5371765,147600000.0
770,5,Villa,23.1720602,72.5371765,85000000.0
5787,4,Villa,23.1589328,72.5380315,75000000.0
6350,4,Apartment,23.0544372,72.4720756,46000000.0
4500,4,Apartment,23.1589328,72.5380315,81100000.0
2016,4,Apartment,23.1360943,72.5425805,24600000.0
1360,3,Apartment,23.1360943,72.5425805,14900000.0
1231,3,Apartment,23.0851841,72.5224248,13400000.0
2293,4,Apartment,23.0851841,72.5224248,28000000.0
6450,5,Apartment,23.1662912,72.5370072,65000000.0
972,3,Apartment,23.1360943,72.5425805,11600000.0
2565,3,Apartment,23.1360943,72.5425805,13400000.0
2340,3,Apartment,23.1360943,72.5425805,10800000.0
3312,4,Apartment,23.1360943,72.5425805,16299999.999999998
2340,3,Apartment,23.1360943,72.5425805,13500000.0
1755,3,Apartment,23.0544372,72.4720756,10100000.0
1600,3,Apartment,23.0241784,72.5774782,9600000.0
1760,3,Apartment,23.0544372,72.4720756,9800000.0
1750,3,Apartment,23.0544372,72.4720756,8000000.0
1560,4,Apartment,22.9797925,72.4548655,15500000.0
3230,4,Apartment,23.1589328,72.5380315,26500000.0
2668,4,Villa,22.9797925,72.4548655,26000000.0
4050,4,Apartment,23.0839289,72.6785883,31500000.0
826,3,Apartment,23.1589328,72.5380315,12500000.0
1310,2,Apartment,23.1360943,72.5425805,6700000.0
2653,3,Apartment,23.2144352,72.6861381,16700000.0
4734,5,Apartment,23.1360943,72.5425805,38000000.0
2350,3,Apartment,23.2125309,72.684767,16000000.0
3710,4,Apartment,23.0686992,72.6185497,24000000.0
12726,5,Villa,23.1720602,72.5371765,185000000.0
8676,4,Villa,23.1720602,72.5371765,145000000.0
2025,3,Apartment,22.9993349,72.6245126,11500000.0
3699,4,Apartment,23.0229809,72.5671331,18800000.0
2727,3,Apartment,23.0604301,72.6537943,13600000.000000002
9000,2,Apartment,22.9223318,72.3628172,36000000.0
2448,3,Apartment,23.1278925,72.0515473,12000000.0
2610,3,Apartment,23.0116938,72.5114895,12400000.0
8028,4,Villa,23.0289556,72.4919761,111500000.0
1300,2,Apartment,23.1360943,72.5425805,6250000.0
1850,3,Apartment,23.1360943,72.5425805,9100000.0
5535,2,Villa,23.0574157,72.3828011,30000000.0
1550,3,Apartment,23.0544372,72.4720756,8500000.0
1484,3,Apartment,23.0544372,72.4720756,7800000.0
2610,3,Apartment,23.1360943,72.5425805,14900000.0
663,2,Apartment,23.0544372,72.4720756,6500000.0
2340,3,Apartment,23.1490809,72.5544405,10400000.0
1850,3,Apartment,22.9993349,72.6245126,11500000.0
1750,3,Apartment,22.9677692,72.3056957,9300000.0
1750,3,Apartment,23.0544372,72.4720756,10500000.0
1760,3,Apartment,23.0544372,72.4720756,10300000.0
3000,4,Apartment,23.0544372,72.4720756,17100000.0
2810,3,Apartment,23.0796581,72.4947377,16000000.0
1935,3,Apartment,23.0544372,72.4720756,11399999.999999998
1550,3,Apartment,23.0544372,72.4720756,9000000.0
1745,3,Apartment,23.0544372,72.4720756,9900000.0
1750,3,Apartment,23.0544372,72.4720756,9900000.0
1750,3,Apartment,23.0544372,72.4720756,9000000.0
1750,3,Apartment,23.0544372,72.4720756,8500000.0
1761,3,Apartment,23.0544372,72.4720756,8000000.0
1760,3,Apartment,23.0544372,72.4720756,8272000.0
1500,3,Apartment,23.1589328,72.5380315,10500000.0
1755,3,Apartment,23.0544372,72.4720756,9700000.0
3710,4,Apartment,23.1589328,72.5380315,27500000.0
3208,4,Apartment,23.1589328,72.5380315,24100000.0
2335,3,Apartment,23.2125309,72.684767,16500000.0
3230,3,Apartment,23.1589328,72.5380315,24100000.0
1210,2,Apartment,23.011445,72.5864365,7000000.0
3091,4,Apartment,23.1360943,72.5425805,25000000.0
1780,3,Apartment,23.0544372,72.4720756,10500000.0
3600,4,Apartment,23.1360943,72.5425805,21300000.0
2565,3,Apartment,23.1360943,72.5425805,14700000.0
1284,3,Apartment,23.2125309,72.684767,16800000.0
1750,3,Apartment,23.0544372,72.4720756,9500000.0
5679,4,Villa,23.1360943,72.5425805,63000000.0
1850,3,Apartment,23.1360943,72.5425805,14000000.0
3200,4,Apartment,23.0781985,72.4929937,26000000.0
2034,3,Apartment,22.9943045,72.5781979,13000000.0
6315,4,Apartment,23.1998916,72.6637473,50000000.0
912,3,Apartment,23.0544372,72.4720756,10200000.0
1000,4,Apartment,23.1720602,72.5371765,100000000.0
1080,2,Apartment,23.1602905,72.5410997,6899999.999999999
2510,3,Apartment,23.1662912,72.5370072,19500000.0
2280,3,Apartment,23.1602905,72.5410997,15200000.0
1350,3,Apartment,23.1602905,72.5410997,8199999.999999999
1425,2,Apartment,23.1284593,72.5437096,8000000.0
1080,2,Apartment,22.9790982,72.4584095,7000000.0
1480,3,Apartment,23.1589328,72.5380315,9600000.0
818,2,Apartment,23.1589328,72.5380315,5400000.0
1214,2,Apartment,23.1589328,72.5380315,7500000.0
1836,3,Apartment,23.1360943,72.5425805,9500000.0
5241,4,Apartment,23.0176555,72.5180484,37700000.0
3071,4,Apartment,23.0328924,72.5604427,18500000.0
12735,4,Villa,23.0716125,72.6367479,42500000.0
12402,4,Villa,22.9223318,72.3628172,55000000.0
3071,4,Apartment,23.0616704,72.6721767,19000000.0
2515,3,Apartment,23.1360943,72.5425805,13500000.0
1966,3,Apartment,23.1360943,72.5425805,11500000.0
653,2,Apartment,23.2145657,72.6856816,6000000.0
1760,3,Apartment,23.0544372,72.4720756,9850000.0
3351,4,Apartment,23.0051587,72.4568468,20800000.0
3200,4,Apartment,23.1589328,72.5380315,21000000.0
2653,3,Apartment,23.1589328,72.5380315,14600000.0
4257,4,Apartment,23.0323364,72.5048617,25500000.0
1800,3,Apartment,23.1360943,72.5425805,7000000.0
3213,4,Apartment,23.1360943,72.5425805,17000000.0
2349,3,Apartment,23.1360943,72.5425805,12000000.0
1215,2,Apartment,23.1360943,72.5425805,5100000.0
3060,4,Apartment,23.1360943,72.5425805,13600000.000000002
2349,3,Apartment,23.1360943,72.5425805,10400000.0
3123,4,Apartment,23.1360943,72.5425805,14600000.0
690,2,Apartment,23.1589328,72.5380315,7900000.0
2350,3,Apartment,23.1360943,72.5425805,12900000.0
1760,3,Apartment,23.0544372,72.4720756,8096000.0
1500,3,Apartment,23.1360943,72.5425805,7500000.0
810,3,Apartment,23.1360943,72.5425805,7200000.0
6426,5,Villa,23.0215374,72.5800568,115000000.0
5250,4,Apartment,23.0176555,72.5180484,37800000.0
1100,2,Apartment,23.0686992,72.6185497,7400000.0
2025,3,Apartment,23.0839289,72.6785883,14500000.0
7767,4,Apartment,23.0544372,72.4720756,100000000.0
1769,3,Apartment,23.0544372,72.4720756,7961000.0
1350,2,Apartment,22.9790982,72.4584095,8650000.0
1300,2,Apartment,23.1360943,72.5425805,6324999.999999999
1755,3,Apartment,23.1360943,72.5425805,9235000.0
3550,4,Apartment,23.1360943,72.5425805,27900000.0
1550,3,Apartment,23.0544372,72.4720756,11000000.0
1745,3,Apartment,23.0544372,72.4720756,10100000.0
1285,2,Apartment,23.0544372,72.4720756,7000000.0
1215,2,Apartment,23.1589328,72.5380315,7000000.0
1300,2,Apartment,23.1360943,72.5425805,6500000.0
1760,3,Apartment,23.0544372,72.4720756,9300000.0
4113,4,Villa,23.0544372,72.4720756,50000000.0
1230,2,Apartment,23.0686992,72.6185497,8000000.0
1518,3,Apartment,23.1589328,72.5380315,10000000.0
4257,4,Apartment,23.0275402,72.559229,25500000.0
1745,3,Apartment,23.0544372,72.4720756,9000000.0
4000,4,Apartment,23.0544372,72.4720756,26000000.0
1760,3,Apartment,23.0544372,72.4720756,8600000.0
1760,3,Apartment,23.0544372,72.4720756,9500000.0
1200,3,Apartment,23.0135186,72.5644029,15500000.0
1100,3,Apartment,23.0135186,72.5644029,13500000.0
3326,4,Apartment,23.0051587,72.4568468,20000000.0
3200,4,Apartment,23.0285662,72.5051111,17600000.0
2653,3,Apartment,23.0284244,72.552161,15300000.0
3060,4,Apartment,23.1134254,72.5414761,13600000.000000002
2259,3,Apartment,23.1358015,72.5527084,10800000.0
2800,3,Apartment,23.0285662,72.5051111,15400000.0
3087,4,Apartment,23.1358015,72.5527084,14700000.0
2625,3,Apartment,23.0051587,72.4568468,15800000.0
8784,2,Villa,22.9648244,72.421643,26500000.0
1850,3,Apartment,23.0397618,72.5293269,11500000.0
1550,3,Apartment,23.295656,72.326769,8850000.0
4950,4,Apartment,23.1720602,72.5371765,75000000.0
4320,5,Villa,23.0069624,72.5440056,80000000.0
2700,4,Villa,23.0069624,72.5440056,65100000.0
1698,3,Apartment,23.0069624,72.5440056,7700000.0
1200,2,Apartment,23.1589328,72.5380315,7251000.0
1530,3,Apartment,23.1589328,72.5380315,9500000.0
1200,2,Apartment,23.1589328,72.5380315,7200000.0
2376,3,Apartment,23.1360943,72.5425805,12500000.0
1548,3,Apartment,23.1360943,72.5425805,8500000.0
7025,4,Apartment,23.1589328,72.5380315,56200000.0
2653,4,Apartment,23.1589328,72.5380315,16200000.000000002
2555,3,Apartment,23.1589328,72.5380315,16800000.0
3230,4,Apartment,23.1589328,72.5380315,22000000.0
3700,4,Apartment,23.1589328,72.5380315,26700000.0
3200,4,Apartment,23.1589328,72.5380315,23200000.0
2335,3,Apartment,23.2125309,72.684767,15700000.0
7575,5,Apartment,23.1701591,72.526586,49200000.0
6560,4,Apartment,23.1701591,72.526586,42600000.0
3060,4,Villa,22.9979479,72.6109077,51700000.0
2511,3,Apartment,23.0851841,72.5224248,15600000.0
2358,3,Apartment,23.0851841,72.5224248,14700000.0
1769,3,Apartment,22.8118046,72.7490972,10500000.0
1760,3,Apartment,23.0544372,72.4720756,10200000.0
1470,3,Apartment,23.0544372,72.4720756,10000000.0
6351,4,Apartment,23.1998916,72.6637473,46000000.0
5241,4,Apartment,23.0544372,72.4720756,37700000.0
2250,3,Apartment,23.3254747,72.0554467,10800000.0
1723,4,Apartment,23.1589328,72.5380315,17200000.0
1750,3,Apartment,23.0544372,72.4720756,9200000.0
7344,2,Villa,22.9223318,72.3628172,29000000.0
7200,2,Apartment,23.0574157,72.3828011,32500000.0
6120,5,Apartment,23.1662912,72.5370072,47500000.0
1205,2,Apartment,23.0686992,72.6185497,7200000.0
1440,3,Apartment,23.1030052,72.5956096,8000000.0
1760,3,Apartment,23.0544372,72.4720756,8272000.0
611,2,Apartment,23.1360943,72.5425805,5800000.0
2280,3,Apartment,22.9790982,72.4584095,14000000.0
1775,3,Apartment,22.9790982,72.4584095,9800000.0
1800,3,Apartment,23.1143235,72.5587865,7700000.0
2198,4,Apartment,23.0363265,72.5650744,28500000.0
2433,3,Apartment,23.1662912,72.5370072,18500000.0
1485,3,Apartment,23.295656,72.326769,6500000.0
1577,3,Apartment,23.0839289,72.6785883,7500000.0
1825,3,Apartment,23.0544372,72.4720756,8199999.999999999
3655,4,Apartment,23.0544372,72.4720756,17200000.0
1575,3,Apartment,23.0544372,72.4720756,8500000.0
1761,3,Apartment,23.0544372,72.4720756,9200000.0
850,3,Apartment,23.1360943,72.5425805,7300000.0
2520,4,Apartment,23.0544372,72.4720756,45000000.0
1215,2,Apartment,23.1360943,72.5425805,6700000.0
1220,3,Apartment,22.9790982,72.4584095,11500000.0
1750,3,Apartment,23.0544372,72.4720756,9860000.0
1134,2,Apartment,23.1360943,72.5425805,5500000.0
1890,3,Apartment,23.2125309,72.684767,12500000.0
990,2,Apartment,23.1360943,72.5425805,5400000.0
9450,5,Villa,23.0716125,72.6367479,120700000.0
1782,3,Apartment,23.0544372,72.4720756,8300000.0
1350,2,Apartment,22.9884523,72.615313,7500000.0
1197,2,Apartment,23.1360943,72.5425805,6751000.0
1440,3,Apartment,23.1360943,72.5425805,7200000.0
10800,5,Villa,23.0215374,72.5800568,120000000.0
702,2,Apartment,23.1360943,72.5425805,6000000.0
3707,4,Apartment,23.1589328,72.5380315,28600000.0
3211,4,Apartment,23.1589328,72.5380315,25099999.999999996
3707,4,Apartment,23.1589328,72.5380315,27300000.0
3211,4,Apartment,23.011445,72.5864365,23700000.0
3230,4,Apartment,23.1589328,72.5380315,25000000.0
3230,4,Apartment,23.1589328,72.5380315,23100000.0
1966,3,Apartment,23.1589328,72.5380315,16100000.000000002
1966,3,Apartment,23.1589328,72.5380315,11399999.999999998
690,2,Apartment,23.0686992,72.6185497,7900000.0
1798,3,Apartment,23.0544372,72.4720756,8600000.0
5550,4,Apartment,23.1589328,72.5380315,50000000.0
1745,3,Apartment,23.0544372,72.4720756,9249000.0
2164,3,Apartment,23.0135186,72.5644029,13200000.0
2282,4,Apartment,23.1360943,72.5425805,37000000.0
2065,4,Apartment,23.011445,72.5864365,28500000.0
11565,3,Apartment,22.9223318,72.3628172,53099999.99999999
5733,5,Apartment,23.0544372,72.4720756,96100000.0
2635,3,Apartment,23.0544372,72.4720756,19000000.0
11709,4,Villa,22.9924509,72.3825613,130000000.0
7263,4,Villa,23.0544372,72.4720756,104900000.0
2540,3,Apartment,23.0544372,72.4720756,17300000.0
13500,4,Apartment,23.0716125,72.6367479,187500000.0
6750,4,Villa,23.1589328,72.5380315,80000000.0
7793,4,Apartment,23.1701591,72.526586,70000000.0
2349,3,Apartment,23.1360943,72.5425805,11000000.0
1360,4,Apartment,23.1360943,72.5425805,15900000.0
954,3,Apartment,23.0139583,72.5287561,11100000.000000002
1288,4,Apartment,23.1360943,72.5425805,15000000.0
2754,3,Apartment,23.1278925,72.0515473,16700000.0
954,3,Apartment,23.1278925,72.0515473,14500000.0
3528,4,Apartment,23.1360943,72.5425805,21500000.0
3348,4,Apartment,23.1360943,72.5425805,20400000.0
1700,3,Apartment,23.0574157,72.3828011,80000000.0
1041,3,Apartment,23.1360943,72.5425805,12200000.0
2394,3,Apartment,23.1360943,72.5425805,12000000.0
2349,3,Apartment,23.1360943,72.5425805,11700000.0
3285,4,Apartment,23.1360943,72.5425805,16399999.999999998
3186,4,Apartment,23.1360943,72.5425805,15900000.0
2565,3,Apartment,23.1360943,72.5425805,12800000.0
2250,3,Apartment,23.1360943,72.5425805,10000000.0
1512,4,Apartment,23.0116938,72.5114895,18000000.0
1512,4,Apartment,23.1360943,72.5425805,16800000.0
1044,3,Apartment,23.1360943,72.5425805,11600000.0
1482,4,Apartment,23.1360943,72.5425805,27300000.0
2727,3,Apartment,23.1360943,72.5425805,13600000.000000002
1627,4,Apartment,23.1360943,72.5425805,21700000.0
1689,4,Apartment,23.0328924,72.5604427,21000000.0
4820,5,Apartment,23.1360943,72.5425805,80000000.0
3865,4,Apartment,23.1709715,72.5325602,70000000.0
3850,3,Apartment,23.0544372,72.4720756,20400000.0
2620,3,Apartment,23.0544372,72.4720756,13899999.999999998
1755,3,Apartment,23.0544372,72.4720756,8500000.0
2250,3,Apartment,23.069237,72.5111307,10000000.0
2592,3,Apartment,23.1360943,72.5425805,13700000.000000002
1763,3,Apartment,23.0616704,72.6721767,9300000.0
697,2,Apartment,23.1589328,72.5380315,7500000.0
1630,3,Apartment,23.1186749,72.6328786,10000000.0
1500,3,Apartment,23.1360943,72.5425805,12500000.0
1530,3,Apartment,23.2145657,72.6856816,7200000.0
1420,2,Apartment,23.1360943,72.5425805,6000000.0
4050,5,Apartment,23.0544372,72.4720756,31500000.0
1530,3,Apartment,23.0544372,72.4720756,7300000.0
1280,2,Apartment,23.0544372,72.4720756,6500000.0
1710,3,Apartment,23.0544372,72.4720756,8346000.0
2540,3,Apartment,23.0544372,72.4720756,21000000.0
1530,3,Apartment,23.0839289,72.6785883,7500000.0
1750,3,Apartment,23.0544372,72.4720756,8138000.0
1484,3,Apartment,23.252596,72.4840781,7800000.0
1800,3,Apartment,22.8863839,72.203952,7221999.999999999
1780,3,Apartment,23.0544372,72.4720756,8500000.0
1530,3,Apartment,23.0544372,72.4720756,9500000.0
1048,2,Apartment,23.0544372,72.4720756,6000000.0
3745,4,Apartment,23.0544372,72.4720756,35000000.0
2997,4,Apartment,23.0544372,72.4720756,13799999.999999998
1727,3,Apartment,23.0544372,72.4720756,7944000.0
1665,3,Apartment,23.0544372,72.4720756,8600000.0
3200,3,Apartment,23.0544372,72.4720756,16000000.0
3260,4,Villa,23.038676,72.5596366,15100000.0
3210,4,Apartment,23.1589328,72.5380315,23700000.0
1850,3,Apartment,22.9790982,72.4584095,12000000.0
1845,3,Apartment,23.1360943,72.5425805,7100000.0
1152,2,Apartment,23.1360943,72.5425805,5200000.0
5148,5,Apartment,23.1981316,72.6145679,70000000.0
3250,4,Apartment,23.1589328,72.5380315,28500000.0
1780,3,Apartment,23.0544372,72.4720756,13500000.0
3071,4,Apartment,23.0328924,72.5604427,16900000.0
6921,2,Apartment,23.2125309,72.684767,19000000.0
3248,4,Apartment,23.0328924,72.5604427,18500000.0
3071,4,Apartment,23.1589328,72.5380315,15700000.0
902,3,Apartment,23.0544372,72.4720756,7500000.0
1242,2,Apartment,23.1360943,72.5425805,5900000.0
1284,3,Apartment,23.2125309,72.684767,15500000.0
968,3,Apartment,23.1360943,72.5425805,7500000.0
3230,4,Apartment,23.1589328,72.5380315,19500000.0
4536,4,Apartment,23.1720602,72.5371765,70000000.0
1530,3,Apartment,23.0544372,72.4720756,9200000.0
1325,2,Apartment,23.1360943,72.5425805,6700000.0
1761,3,Apartment,23.027383,72.4893505,9500000.0
1250,2,Apartment,23.0544372,72.4720756,6200000.0
1356,2,Apartment,23.0544372,72.4720756,5898000.0
1683,3,Apartment,23.2125309,72.684767,7000000.0
730,1,Apartment,23.1620692,72.6824632,2565000.0
818,2,Apartment,23.0135186,72.5644029,5000000.0
500,2,Apartment,22.9824283,72.4590034,5300000.0
1180,2,Apartment,22.9924509,72.3825613,3800000.0
2100,3,Apartment,23.0066176,72.4857773,7000000.0
1048,2,Apartment,23.0544372,72.4720756,80000000.0
1290,2,Apartment,23.0544372,72.4720756,7000000.0
970,3,Apartment,23.0544372,72.4720756,7000000.0
667,2,Apartment,22.8118046,72.7490972,4099999.9999999995
1780,3,Apartment,23.0544372,72.4720756,8300000.0
1205,2,Apartment,23.1589328,72.5380315,6500000.0
1500,3,Apartment,23.1360943,72.5425805,7500000.0
869,3,Apartment,23.1360943,72.5425805,6766000.0
1080,2,Apartment,23.1360943,72.5425805,7700000.0
695,2,Apartment,23.1360943,72.5425805,4500000.0
700,2,Apartment,23.011445,72.5864365,8000000.0
1190,2,Apartment,23.0839289,72.6785883,2800000.0000000005
2043,4,Villa,23.1360943,72.5425805,25000000.0
581,2,Apartment,22.9924509,72.3825613,4000000.0
1512,3,Apartment,23.1360943,72.5425805,7800000.0
1305,3,Apartment,23.2125309,72.684767,6800000.000000001
1845,3,Apartment,23.1360943,72.5425805,7500000.0
1850,3,Apartment,23.0397618,72.5293269,12500000.0
735,2,Apartment,23.1360943,72.5425805,4000000.0
1368,3,Apartment,23.0544372,72.4720756,8000000.0
710,3,Apartment,23.0979368,72.5328323,8100000.000000001
1845,3,Apartment,23.1278925,72.0515473,8300000.0
1185,2,Apartment,23.0544372,72.4720756,6300000.0
1144,2,Apartment,23.1360943,72.5425805,6100000.0
1651,3,Apartment,23.0544372,72.4720756,12000000.0
4536,1,Apartment,22.8205867,72.0455369,2200000.0
1215,2,Apartment,23.011445,72.5864365,7000000.0
1350,3,Apartment,22.9790982,72.4584095,10000000.0
1115,2,Apartment,23.0283548,72.4972944,4000000.0
1422,2,Apartment,23.0544372,72.4720756,7500000.0
1200,2,Apartment,23.0839289,72.6785883,4700000.0
1425,2,Apartment,23.1589328,72.5380315,8000000.0
1745,3,Apartment,23.0544372,72.4720756,8000000.0
1350,2,Apartment,22.9924509,72.3825613,4500000.0
1291,2,Apartment,23.0544372,72.4720756,6000000.0
1000,2,Apartment,23.2125309,72.684767,4400000.0
1350,2,Apartment,23.0069624,72.5440056,7500000.0
1115,2,Apartment,23.1360943,72.5425805,6600000.0
1764,3,Apartment,23.1360943,72.5425805,12000000.0
1761,3,Apartment,23.1183825,72.6213211,7600000.0
1170,2,Apartment,22.7476765,73.152612,3500000.0
1170,2,Apartment,23.0839289,72.6785883,5400000.0
378,1,Apartment,23.0839289,72.6785883,1450000.0
826,3,Apartment,23.1589328,72.5380315,9500000.0
900,2,Apartment,22.9924509,72.3825613,2000000.0
1323,3,Apartment,23.0544372,72.4720756,7000000.0
2385,3,Apartment,23.0139583,72.5287561,7200000.0
1575,3,Apartment,23.1662912,72.5370072,7150000.0
1530,3,Apartment,23.0544372,72.4720756,7500000.0
1080,2,Apartment,23.1391831,72.5396718,5000000.0
1500,3,Apartment,23.011445,72.5864365,9300000.0
861,2,Villa,22.9924509,72.3825613,7000000.0
1665,3,Apartment,22.7476765,73.152612,5400000.0
810,2,Apartment,23.0839289,72.6785883,2200000.0
861,2,Villa,22.9924509,72.3825613,7000000.0
826,3,Apartment,23.1589328,72.5380315,8500000.0
1935,3,Apartment,23.0544372,72.4720756,9500000.0
900,2,Apartment,23.1378296,72.5334863,3850000.0
2335,3,Apartment,23.2125309,72.684767,7300000.0
1350,3,Apartment,23.0139583,72.5287561,7500000.0
2510,3,Apartment,23.1662912,72.5370072,7450000.0
450,1,Apartment,22.9924509,72.3825613,1500000.0
2135,3,Apartment,23.0544372,72.4720756,12200000.0
990,2,Apartment,23.0544372,72.4720756,4500000.0
1080,2,Apartment,22.9790982,72.4584095,6500000.0
1505,3,Apartment,23.0442336,72.6049981,9500000.0
833,3,Apartment,23.0147236,72.4708066,8199999.999999999
3222,4,Villa,22.9916028,72.4725776,14900000.0
2385,3,Villa,22.9916028,72.4725776,11000000.0
1134,2,Apartment,22.9924509,72.3825613,3900000.0
6210,2,Apartment,23.0686992,72.6185497,6250000.0
1355,2,Apartment,23.1360943,72.5425805,6500000.0
954,3,Apartment,23.1360943,72.5425805,7600000.0
1994,3,Apartment,23.1360943,72.5425805,9500000.0
1473,2,Apartment,23.0111491,72.5132562,6500000.0
868,3,Apartment,23.1360943,72.5425805,8500000.0
1490,3,Apartment,23.0799461,72.4936472,9800000.0
1845,3,Apartment,23.0260558,72.5031438,8700000.0
640,2,Apartment,23.038676,72.5596366,6500000.0
818,2,Apartment,23.0135186,72.5644029,4600000.0
960,3,Apartment,23.0604301,72.6537943,7800000.0
1215,2,Apartment,23.0439009,72.4820111,5200000.0
1008,2,Apartment,23.1360943,72.5425805,4860000.0
700,2,Apartment,23.011445,72.5864365,7000000.0
1107,2,Apartment,23.2072732,72.6361499,3800000.0
2641,3,Apartment,23.0544372,72.4720756,9000000.0
2205,3,Apartment,23.1360943,72.5425805,9800000.0
1200,2,Apartment,23.1360943,72.5425805,5500000.0
439,1,Apartment,22.9504545,72.6221998,2000000.0
1550,3,Apartment,23.0544372,72.4720756,8500000.0
1300,2,Apartment,23.0287779,72.6282364,4700000.0
546,2,Apartment,23.0271267,72.5226289,5500000.0
1155,2,Apartment,23.0195503,72.4687169,6800000.000000001
1370,3,Apartment,23.1360943,72.5425805,8000000.0
963,2,Apartment,23.1360943,72.5425805,4500000.0
1350,3,Apartment,23.2125309,72.684767,6400000.0
1500,2,Apartment,22.9924509,72.3825613,3100000.0
2350,4,Apartment,23.0544372,72.4720756,20000000.0
1500,3,Apartment,23.0544372,72.4720756,8000000.0
1683,3,Apartment,23.031029,72.5623938,9300000.0
1760,3,Apartment,23.0544372,72.4720756,8360000.0
1845,3,Apartment,23.0544372,72.4720756,11000000.0
1410,2,Apartment,23.0544372,72.4720756,6160000.0
600,2,Apartment,22.9924509,72.3825613,2000000.0
1500,3,Apartment,23.0604301,72.6537943,7450000.0
1440,3,Apartment,23.1429051,72.5392248,7500000.0
500,1,Apartment,23.0839289,72.6785883,2000000.0
1080,2,Apartment,23.1391831,72.5396718,5699999.999999999
950,3,Apartment,22.9677692,72.3056957,10200000.0
3827,4,Apartment,23.2125309,72.684767,31000000.0
695,2,Apartment,23.1589328,72.5380315,7500000.0
1080,2,Apartment,22.9790982,72.4584095,6800000.000000001
760,1,Villa,23.0674161,72.5827507,2600000.0
1075,2,Apartment,23.1360943,72.5425805,6000000.0
696,2,Apartment,23.2125309,72.684767,4500000.0
1250,3,Apartment,23.2125309,72.684767,8600000.0
634,2,Apartment,23.0686992,72.6185497,7400000.0
1242,2,Apartment,23.1207755,72.5081301,5699999.999999999
1285,2,Apartment,23.0544372,72.4720756,6200000.0
1570,3,Apartment,23.0147236,72.4708066,6700000.0
1440,3,Apartment,23.1030052,72.5956096,8000000.0
1440,3,Apartment,23.1360943,72.5425805,7800000.0
1800,3,Apartment,23.0979368,72.5328323,9000000.0
3600,4,Apartment,22.9797925,72.4548655,35000000.0
1575,3,Apartment,23.1360943,72.5425805,7500000.0
1400,3,Apartment,23.1360943,72.5425805,7500000.0
1755,4,Villa,23.2478221,72.4852775,32599999.999999996
1200,2,Apartment,22.999281,72.5089784,6899999.999999999
667,2,Apartment,23.0069624,72.5440056,3875000.0
1427,3,Apartment,23.1360943,72.5425805,10500000.0
697,2,Apartment,23.011445,72.5864365,7700000.0
1750,3,Apartment,23.0328924,72.5604427,7700000.0
1683,3,Apartment,23.1360943,72.5425805,7500000.0
825,3,Apartment,23.0415757,72.4959141,7300000.0
690,2,Apartment,23.0686992,72.6185497,9900000.0
1764,3,Apartment,23.0262109,72.4823051,7100000.0
1210,2,Apartment,23.1806904,72.6386269,4250000.0
1050,3,Apartment,23.0439009,72.4820111,6200000.0
1467,3,Apartment,23.1360943,72.5425805,6899999.999999999
484,1,Apartment,22.9924509,72.3825613,1400000.0000000002
1107,3,Villa,22.9924509,72.3825613,9500000.0
1092,2,Apartment,23.0544372,72.4720756,6500000.0
1903,4,Apartment,22.9924509,72.3825613,19900000.0
662,2,Apartment,23.0546669,72.6392596,5699999.999999999
920,3,Apartment,22.9677692,72.3056957,10500000.0
1301,3,Apartment,23.1081937,72.5328119,6800000.000000001
1850,3,Apartment,23.295656,72.326769,11500000.0
1360,3,Apartment,23.038676,72.5596366,7000000.0
484,1,Apartment,23.0839289,72.6785883,3000000.0
2043,4,Villa,23.1360943,72.5425805,24000000.0
818,2,Apartment,23.1589328,72.5380315,4800000.0
2368,3,Apartment,23.1360943,72.5425805,11299999.999999998
2385,3,Apartment,23.0139583,72.5287561,13500000.0
650,1,Apartment,23.0135186,72.5644029,3851000.0
950,2,Apartment,22.9924509,72.3825613,3500000.0
1485,3,Apartment,23.1617132,72.8079774,7800000.0
650,1,Apartment,23.0135186,72.5644029,4200000.0
1062,2,Apartment,23.0716125,72.6367479,5500000.0
1250,2,Apartment,23.0474527,72.5616422,4800000.0
1170,2,Apartment,23.2072732,72.6361499,3800000.0
1650,3,Apartment,23.0439009,72.4820111,6500000.0
936,2,Apartment,23.1360943,72.5425805,4500000.0
3540,1,Apartment,22.9924509,72.3825613,1400000.0000000002
912,3,Apartment,22.9677692,72.3056957,10300000.0
1530,3,Apartment,23.0839289,72.6785883,7200000.0
1614,3,Apartment,22.9924509,72.3825613,6500000.0
1440,3,Apartment,23.1360943,72.5425805,5900000.0
1829,3,Apartment,22.8863839,72.203952,7482000.0
3222,4,Apartment,23.0139583,72.5287561,18500000.0
1539,3,Apartment,23.0544372,72.4720756,6500000.0
6084,2,Villa,22.9924509,72.3825613,19500000.0
1710,4,Villa,22.9924509,72.3825613,60000000.0
1734,3,Apartment,23.0328924,72.5604427,10900000.0
1200,2,Apartment,22.9924509,72.3825613,3200000.0
1360,3,Apartment,23.1360943,72.5425805,7500000.0
1233,2,Apartment,23.2125309,72.684767,6500000.0
1215,2,Apartment,23.1360943,72.5425805,7500000.0
1215,2,Apartment,23.0111491,72.5132562,7300000.0
860,3,Apartment,22.9790982,72.4584095,9500000.0
855,3,Apartment,22.9790982,72.4584095,9900000.0
2782,4,Apartment,23.1360943,72.5425805,23900000.0
650,1,Apartment,23.1589328,72.5380315,4000000.0
1125,2,Apartment,22.9924509,72.3825613,3469999.9999999995
1530,3,Apartment,23.0544372,72.4720756,9900000.0
864,2,Apartment,23.1589328,72.5380315,9500000.0
1782,3,Apartment,23.0544372,72.4720756,12500000.0
1206,2,Apartment,22.9924509,72.3825613,4000000.0
1165,2,Apartment,23.1360943,72.5425805,7000000.0
2250,4,Apartment,22.9824283,72.4590034,17000000.0
6912,6,Apartment,23.1589328,72.5380315,48500000.0
1350,3,Apartment,23.1589328,72.5380315,8199999.999999999
1485,3,Apartment,23.017704,72.4696021,7500000.0
614,2,Apartment,23.0544372,72.4720756,7700000.0
1760,3,Apartment,23.0544372,72.4720756,8700000.0
3406,5,Apartment,23.1360943,72.5425805,25500000.0
2000,7,Apartment,23.1073373,72.4916916,14000000.0
5508,7,Villa,23.0774129,72.4943545,125100000.0
4050,7,Villa,23.0069372,72.5208415,45000000.0
4500,7,Villa,22.996342,72.5043085,120000000.0
3150,7,Apartment,22.992195,72.6116113,32700000.0
3000,7,Apartment,23.0770712,72.5890677,14100000.0
1500,7,Apartment,23.0011144,72.5168855,28000000.0
2088,7,Apartment,23.0616704,72.6721767,23100000.0
810,7,Apartment,23.02139,72.5892915,4990000.0
4000,7,Villa,22.9811295,72.6012948,25000000.0
4500,7,Villa,22.7192412,72.8423906,30000000.0
3300,7,Apartment,23.0616704,72.6721767,9000000.0
700,7,Apartment,23.0215374,72.5800568,4000000.0
1875,7,Apartment,23.0057574,72.6269822,13000000.0
1710,7,Apartment,23.0516973,72.535169,14400000.0
4000,7,Villa,22.9986596,72.6114013,30000000.0
2690,7,Apartment,23.0485393,72.511742,25000000.0
7650,10,Villa,23.0087873,72.5981672,120000000.0
1085,10,Villa,23.0556364,72.5965538,7600000.0
9000,10,Villa,23.2125309,72.684767,30000000.0
3789,10,Apartment,23.0226117,72.5490834,45000000.0
5400,10,Villa,23.0674161,72.5827507,43400000.0
2790,10,Villa,23.02139,72.5892915,9000000.0
1800,10,Apartment,23.0854097,72.6580946,12000000.0
2700,10,Apartment,23.0069372,72.5208415,40000000.0
4770,10,Villa,23.2400577,72.5000558,100000000.0
1197,9,Apartment,23.0215374,72.5800568,11000000.0
2700,9,Apartment,23.0069624,72.5440056,35000000.0
1890,9,Apartment,23.02139,72.5892915,7500000.0
2250,9,Apartment,23.0556364,72.5965538,25000000.0
1800,8,Villa,23.0111491,72.5132562,16000000.0
4275,8,Villa,23.0227526,72.5383118,101100000.0
3005,8,Apartment,23.0017632,72.5940885,35000000.0
2400,8,Villa,23.0360509,72.5611735,10000000.0
1800,8,Villa,23.0854097,72.6580946,12500000.0
3285,8,Villa,23.0017632,72.5940885,18000000.0
6930,8,Apartment,23.0674161,72.5827507,150000000.0
2700,8,Villa,22.9986596,72.6114013,20000000.0
4050,8,Villa,22.9986596,72.6114013,25000000.0
2781,8,Villa,23.0035894,72.58384,27500000.0
2400,8,Apartment,23.0567133,72.5508575,55000000.0
3345,5,Apartment,23.0417971,72.4911758,54500000.0
6912,5,Apartment,23.1360943,72.5425805,60000000.0
3406,5,Apartment,23.1360943,72.5425805,25500000.0
10201,5,Apartment,23.0485393,72.511742,85000000.0
3121,5,Apartment,23.0232163,72.4708784,42800000.0
11090,5,Apartment,23.0796581,72.4947377,45800000.0
10920,5,Apartment,23.057541,72.5435085,15200000.0
2879,5,Apartment,23.1153559,72.5366513,20600000.0
5100,5,Apartment,23.0233196,72.4087089,23000000.0
6326,5,Apartment,23.0107147,72.4429208,26800000.0
4393,5,Apartment,23.1360943,72.5425805,61000000.0
7288,5,Apartment,23.0535306,72.4934085,89600000.00000001
3785,5,Apartment,23.0544372,72.4720756,40000000.0
4833,5,Apartment,23.0544372,72.4720756,80300000.0
2969,5,Apartment,23.1010002,72.5408363,21900000.0
4215,5,Apartment,23.0535306,72.4934085,89000000.0
10500,5,Villa,23.1360943,72.5425805,80000000.0
6156,5,Apartment,23.1360943,72.5425805,11500000.0
3562,5,Apartment,23.0796581,72.4947377,53200000.0
630,5,Apartment,23.0969283,72.5821335,8500000.0
2933,5,Apartment,23.2420572,72.4880711,29500000.0
6700,5,Apartment,23.1720602,72.5371765,77000000.0
1800,5,Apartment,23.0360509,72.5611735,32500000.0
8820,5,Apartment,23.1720602,72.5371765,75000000.0
6790,5,Apartment,23.0445921,72.517344,125000000.0
4572,5,Apartment,23.0281153,72.55801,88000000.0
4500,5,Apartment,22.9824283,72.4590034,64000000.0
5100,5,Apartment,23.0716125,72.6367479,36200000.0
6900,5,Apartment,23.0232163,72.4708784,46900000.00000001
4508,5,Apartment,23.2145657,72.6856816,42000000.0
8820,5,Apartment,23.1720602,72.5371765,79400000.0
4508,5,Apartment,23.0366663,72.5492165,38000000.0
7848,5,Apartment,23.0535306,72.4934085,78400000.0
7838,5,Apartment,23.0366663,72.5492165,86199999.99999999
9690,5,Apartment,23.2409219,72.5000206,80000000.0
6500,5,Apartment,23.0445921,72.517344,61700000.0
4725,5,Villa,23.0297528,72.532414,92500000.0
3000,5,Apartment,23.0499206,72.5253741,30000000.0
11709,5,Villa,22.9844824,72.4604009,120000000.0
7575,5,Villa,23.1701591,72.526586,57000000.0
12726,5,Villa,23.1589328,72.5380315,150000000.0
6120,5,Villa,23.1662912,72.5370072,49000000.0
7452,5,Apartment,22.9779487,72.6314285,63300000.0
7700,5,Apartment,23.0107147,72.4429208,42500000.0
9999,5,Villa,23.1589328,72.5380315,140000000.0
5400,5,Villa,23.0544372,72.4720756,102500000.0
7056,5,Villa,23.2478221,72.4852775,140000000.0
3222,5,Apartment,23.0494863,72.5672615,32500000.0
9903,5,Apartment,23.0244466,72.5589826,118800000.00000001
6914,5,Apartment,23.0796581,72.4947377,51900000.00000001
6585,5,Villa,23.0535306,72.4934085,56000000.0
9550,5,Apartment,23.0445921,72.517344,130000000.0
7650,5,Apartment,23.2409219,72.5000206,76500000.0
8400,5,Apartment,23.0445921,72.517344,75600000.0
8550,5,Apartment,23.0257511,72.558716,72700000.0
6500,5,Apartment,23.0281153,72.55801,57200000.0
4207,5,Apartment,23.0445921,72.517344,68900000.0
8595,5,Apartment,23.2478221,72.4852775,125000000.0
7650,5,Apartment,23.1153559,72.5366513,80300000.0
8550,5,Apartment,23.0535306,72.4934085,82100000.00000001
10584,5,Villa,23.0215374,72.5800568,158000000.0
5040,5,Apartment,23.1904873,72.628403,32799999.999999996
7840,5,Apartment,23.0244466,72.5589826,87800000.0
7000,5,Apartment,23.0716125,72.6367479,80000000.0
1692,5,Villa,23.2294787,72.7273294,20000000.0
4254,5,Apartment,23.0215374,72.5800568,29000000.0
8358,5,Apartment,22.9824283,72.4590034,51800000.0
6156,5,Apartment,23.0544372,72.4720756,120000000.0
6728,5,Apartment,23.0366663,72.5492165,115000000.0
4254,5,Apartment,23.04711,72.527537,28500000.0
5235,5,Apartment,23.166215,72.8145408,47100000.0
6939,5,Villa,22.9817968,72.4535416,84000000.0
4820,5,Apartment,23.0215374,72.5800568,78000000.0
2475,5,Villa,23.0567133,72.5508575,35100000.0
6450,5,Apartment,23.0281153,72.55801,61300000.0
7848,5,Apartment,23.0244466,72.5589826,76900000.0
6876,5,Apartment,22.9779487,72.6314285,68800000.0
7400,5,Apartment,22.9779487,72.6314285,74000000.0
6790,5,Apartment,23.0315615,72.5085005,63800000.0
5879,5,Apartment,22.9992107,72.5599564,55900000.0
7838,5,Apartment,23.0244466,72.5589826,93000000.0
6417,5,Apartment,23.1358015,72.5527084,34000000.0
7300,5,Apartment,23.0195503,72.4687169,62000000.0
4550,5,Apartment,23.0233196,72.4087089,19600000.0
5615,5,Apartment,23.0310611,72.4763874,45000000.0
6500,5,Apartment,23.0281153,72.55801,58500000.0
6560,5,Apartment,23.0535306,72.4934085,60000000.0
11920,5,Apartment,23.0535306,72.4934085,130000000.0
6900,5,Apartment,22.996342,72.5043085,69000000.0
6690,5,Apartment,23.0535306,72.4934085,66900000.00000001
8550,5,Apartment,23.0215374,72.5800568,85000000.0
4950,5,Villa,23.166292,72.8125255,105100000.0
6000,5,Apartment,23.027383,72.4893505,57000000.0
6700,5,Apartment,23.1720602,72.5371765,77000000.0
11700,5,Apartment,22.9844824,72.4604009,130000000.0
5500,5,Villa,23.0716125,72.6367479,31900000.0
6684,5,Villa,23.0281153,72.55801,70200000.0
4122,5,Apartment,23.0284244,72.552161,30900000.0
9903,5,Apartment,23.0244466,72.5589826,101000000.0
8358,5,Apartment,22.9824283,72.4590034,50100000.0
7452,5,Apartment,23.0445921,72.517344,74500000.0
7740,5,Apartment,23.0445921,72.517344,77400000.0
6680,5,Apartment,23.0315615,72.5085005,60100000.0
6585,5,Villa,23.0181819,72.4681909,56000000.0
7450,5,Apartment,22.9992107,72.5599564,81900000.0
7770,5,Apartment,22.9824283,72.4590034,50500000.0
6450,5,Apartment,23.2042233,72.5842563,61300000.0
8100,5,Apartment,22.8118046,72.7490972,72900000.0
7403,5,Apartment,23.0181819,72.4681909,62900000.0
7938,5,Apartment,22.8118046,72.7490972,81000000.0
7910,5,Apartment,22.8118046,72.7490972,80700000.0
5887,5,Apartment,22.9992107,72.5599564,58300000.0
4508,5,Apartment,23.04711,72.527537,39000000.0
6700,5,Apartment,23.1720602,72.5371765,77100000.0
8740,5,Apartment,23.0535306,72.4934085,122400000.0
6500,5,Apartment,23.0281153,72.55801,61800000.0
4508,5,Villa,23.04711,72.527537,38500000.0
6900,5,Villa,23.1204422,72.5815442,50700000.0
6585,5,Villa,23.027383,72.4893505,56000000.0
7740,5,Apartment,22.9779487,72.6314285,77400000.0
6700,5,Apartment,23.0535306,72.4934085,77100000.0
3312,5,Villa,23.0069624,72.5440056,18500000.0
600,5,Apartment,23.0000258,72.5051405,75000000.0
3600,5,Villa,22.9969634,72.633455,60000000.0
2651,5,Apartment,23.0107147,72.4429208,38000000.0
4968,5,Villa,22.9969634,72.633455,58000000.0
7910,5,Apartment,23.0535306,72.4934085,87000000.0
6163,5,Apartment,23.2145657,72.6856816,84200000.0
2385,5,Apartment,23.1153559,72.5366513,26000000.0
4275,5,Villa,23.0485393,72.511742,90000000.0
2250,5,Villa,23.0107679,72.5382694,50000000.0
6500,5,Apartment,23.0445921,72.517344,58500000.0
8750,5,Apartment,23.2145657,72.6856816,105000000.0
6957,5,Apartment,23.0796581,72.4947377,52200000.0
11088,5,Apartment,23.0796581,72.4947377,83200000.0
5301,5,Apartment,23.298153,72.3397926,55000000.0
4770,5,Villa,23.2976084,72.3384089,110000000.0
7281,5,Villa,23.2478221,72.4852775,110000000.0
6102,5,Villa,23.0069624,72.5440056,120000000.0
4500,5,Villa,23.0485393,72.511742,40000000.0
7452,5,Apartment,23.0445921,72.517344,70800000.0
8550,5,Apartment,23.2145657,72.6856816,78700000.0
7200,5,Apartment,23.0445921,72.517344,61200000.0
6876,5,Apartment,23.0445921,72.517344,65300000.0
6790,5,Apartment,23.0535306,72.4934085,55700000.0
8100,5,Apartment,23.0445921,72.517344,68900000.0
8400,5,Apartment,23.0445921,72.517344,71400000.0
3548,5,Apartment,23.2145657,72.6856816,70000000.0
6345,5,Apartment,23.0215374,72.5800568,52000000.0
2652,5,Apartment,23.0501392,71.9787097,45100000.0
2612,5,Apartment,23.0501392,71.9787097,44400000.00000001
1890,5,Apartment,23.0232163,72.4708784,27000000.0
3375,5,Villa,23.0485393,72.511742,67500000.0
13185,5,Apartment,23.0839289,72.6785883,293000000.0
4508,5,Apartment,23.04711,72.527537,40000000.0
6000,5,Apartment,23.0306499,72.5101971,75000000.0
6210,5,Villa,23.2478221,72.4852775,35000000.0
12420,5,Apartment,22.9642542,72.6506601,97000000.0
6700,5,Apartment,23.1720602,72.5371765,73700000.0
9898,5,Apartment,23.0257511,72.558716,113800000.00000001
5375,5,Villa,23.0781097,72.5317105,70000000.0
10000,5,Apartment,23.0257511,72.558716,100000000.0
5670,5,Apartment,23.0323222,72.4691519,36000000.0
1080,5,Villa,23.0079064,72.5174367,25000000.0
3780,5,Apartment,23.0854097,72.6580946,82500000.0
6102,5,Villa,23.0682646,72.5624497,52100000.0
3600,5,Villa,23.0152466,72.5293721,55000000.0
2295,5,Villa,23.0079064,72.5174367,45000000.0
3699,5,Villa,23.0417971,72.4911758,72500000.0
3345,5,Apartment,23.0375426,72.5670608,54500000.0
12699,5,Villa,23.0078232,72.5102288,210000000.0
5470,5,Apartment,23.0310611,72.4763874,38500000.0
5040,5,Apartment,23.0366663,72.5492165,32799999.999999996
1692,5,Apartment,23.166292,72.8125255,13000000.0
2313,5,Apartment,23.1109557,72.5539974,32500000.0
6390,5,Apartment,22.9817968,72.4535416,69000000.0
3781,5,Apartment,22.9779487,72.6314285,76000000.0
3150,5,Villa,23.1429051,72.5392248,45000000.0
4508,5,Apartment,23.0215374,72.5800568,38000000.0
10800,5,Apartment,23.0813667,72.6280913,150000000.0
10242,5,Apartment,23.085701,72.9573199,122500000.0
8015,5,Apartment,23.0535306,72.4934085,85000000.0
6700,5,Apartment,23.1720602,72.5371765,80000000.0
4194,5,Villa,22.9796534,72.4560834,51500000.0
5030,5,Apartment,22.9824283,72.4590034,30200000.0
5661,5,Villa,23.2125309,72.684767,55000000.0
14787,5,Apartment,23.0445921,72.517344,147900000.0
570,5,Villa,23.0544372,72.4720756,80000000.0
3339,5,Villa,23.0485393,72.511742,65000000.0
3850,5,Apartment,23.0535306,72.4934085,40000000.0
5184,5,Villa,23.1109557,72.5539974,70000000.0
4508,5,Apartment,23.04711,72.527537,36000000.0
9891,5,Apartment,23.0244466,72.5589826,116800000.0
5887,5,Apartment,22.9992107,72.5599564,55900000.0
8740,5,Apartment,23.1720602,72.5371765,135100000.0
6470,5,Villa,23.1153559,72.5366513,50000000.0
6750,5,Villa,23.1153559,72.5366513,52500000.0
6470,5,Villa,23.1153559,72.5366513,40599999.99999999
6750,5,Villa,23.1153559,72.5366513,43300000.0
12600,5,Villa,23.0069624,72.5440056,250000000.0
5490,5,Villa,23.0069624,72.5440056,70000000.0
9000,5,Villa,23.0069624,72.5440056,120000000.0
4640,5,Apartment,23.0485393,72.511742,33600000.0
4680,5,Villa,23.0000258,72.5051405,100000000.0
9774,5,Apartment,22.9728548,72.4587201,81500000.0
4144,5,Villa,23.0232163,72.4708784,49000000.0
3350,5,Apartment,23.2145657,72.6856816,35000000.0
2205,5,Villa,23.166292,72.8125255,50000000.0
810,5,Villa,22.9949449,72.5885536,17500000.0
5859,5,Apartment,23.0399395,72.5020526,20000000.0
5553,5,Apartment,23.0485393,72.511742,140000000.0
10818,5,Villa,23.0535306,72.4934085,51000000.0
1008,5,Villa,23.0069624,72.5440056,15000000.0
900,5,Apartment,22.9943045,72.5781979,14500000.0
3700,5,Apartment,23.2145657,72.6856816,37000000.0
11673,5,Villa,23.2358085,72.4908671,127200000.0
5391,5,Villa,23.0308404,72.4271753,96600000.0
4500,5,Apartment,22.9645191,72.4704112,60000000.0
5850,5,Apartment,22.9992107,72.5599564,48600000.0
6625,5,Villa,23.0366663,72.5492165,66300000.0
7000,5,Apartment,23.0535306,72.4934085,63000000.0
7792,5,Apartment,23.2145657,72.6856816,93500000.0
4275,5,Villa,23.1281388,72.5476575,96000000.0
3825,5,Villa,23.0445921,72.517344,60000000.0
6700,5,Apartment,23.0535306,72.4934085,54200000.0
6623,5,Villa,23.0215374,72.5800568,66200000.0
7300,5,Apartment,23.0445921,72.517344,62000000.0
7740,5,Apartment,23.0445921,72.517344,73500000.0
8400,5,Apartment,23.0445921,72.517344,71400000.0
7452,5,Villa,22.9844824,72.4604009,65000000.0
6876,5,Apartment,23.0445921,72.517344,65300000.0
6630,5,Apartment,23.0215374,72.5800568,45100000.0
7542,5,Apartment,23.0264847,72.5821262,75400000.0
6450,5,Apartment,23.0445921,72.517344,52800000.0
3492,5,Apartment,23.0716125,72.6367479,60000000.0
5310,5,Villa,23.0485393,72.511742,60000000.0
6840,5,Apartment,23.0232163,72.4708784,37600000.0
8820,5,Apartment,23.0232163,72.4708784,79400000.0
3060,5,Villa,23.1712162,72.8255582,49000000.0
6075,5,Apartment,23.0145531,72.5635432,33700000.0
5400,5,Villa,23.0781097,72.5317105,60000000.0
4500,5,Villa,23.0716125,72.6367479,62100000.0
4500,5,Villa,23.0485393,72.511742,80000000.0
6561,5,Apartment,23.0519597,72.6410178,48000000.0
4680,5,Villa,23.0264444,72.5120935,21000000.0
6954,5,Apartment,23.1281388,72.5476575,52200000.0
5281,5,Apartment,22.9824283,72.4590034,30200000.0
8000,5,Apartment,22.9824283,72.4590034,48000000.0
2250,5,Apartment,23.0968937,72.6135747,35000000.0
8358,5,Apartment,23.0716125,72.6367479,54300000.0
4275,5,Apartment,23.2478221,72.4852775,97500000.0
3600,5,Apartment,23.0967876,72.5966689,65000000.0
9000,5,Apartment,23.030038,72.5138178,133500000.0
6728,5,Apartment,22.9992107,72.5599564,70600000.0
7425,5,Villa,22.9796534,72.4560834,85399999.99999999
5470,5,Apartment,23.0310611,72.4763874,36000000.0
6000,5,Apartment,23.2349058,72.6483564,75000000.0
5859,5,Apartment,23.0399395,72.5020526,22000000.0
3681,5,Villa,23.0366663,72.5492165,40000000.0
4305,5,Villa,23.0535306,72.4934085,70000000.0
3800,5,Villa,23.0215374,72.5800568,22500000.0
2700,5,Apartment,22.9993547,72.6137203,47500000.0
765,5,Apartment,23.0215374,72.5800568,6500000.0
918,5,Villa,23.0682646,72.5624497,5100000.0
5859,5,Apartment,23.0399395,72.5020526,22900000.0
4000,5,Apartment,23.0494863,72.5672615,18500000.0
4566,5,Apartment,23.1720602,72.5371765,52500000.0
3798,5,Apartment,23.0535306,72.4934085,29700000.000000004
1800,5,Apartment,23.0232163,72.4708784,26500000.0
1100,5,Villa,23.0674161,72.5827507,5500000.0
2880,5,Villa,22.9986596,72.6114013,42500000.0
538,5,Villa,23.0516973,72.535169,10500000.0
4500,5,Villa,23.0813667,72.6280913,30000000.0
1410,5,Villa,23.0567133,72.5508575,18500000.0
2700,5,Villa,23.0145531,72.5635432,30000000.0
5238,5,Villa,23.0485393,72.511742,90000000.0
4500,5,Apartment,23.0271267,72.5226289,100000000.0
2000,5,Villa,22.9729765,72.5895984,60000000.0
900,5,Villa,23.0556364,72.5965538,2400000.0
1260,5,Villa,23.0069624,72.5440056,15000000.0
810,5,Apartment,23.06384,72.5430733,650000.0
1000,5,Villa,23.107121,72.5848584,10000000.0
2250,5,Apartment,23.0145531,72.5635432,3500000.0
11000,5,Villa,23.0226117,72.5490834,85000000.0
2056,5,Apartment,23.0271267,72.5226289,7800000.0
1665,5,Apartment,23.0265372,72.6388013,11000000.0
2205,5,Villa,23.0616704,72.6721767,14000000.0
2700,5,Villa,23.0057574,72.6269822,10000000.0
1500,5,Apartment,23.0368405,72.5535663,5000000.0
9234,5,Apartment,22.9728548,72.4587201,90000000.0
1053,5,Villa,22.9949449,72.5885536,7000000.0
1305,5,Villa,23.0813667,72.6280913,12500000.0
1800,5,Apartment,23.0069624,72.5440056,17600000.0
909,5,Villa,23.0057574,72.6269822,7000000.0
4500,5,Apartment,23.2145657,72.6856816,22000000.0
5500,5,Apartment,23.1201139,72.6251307,48000000.0
2871,5,Apartment,23.0171175,72.589927,31000000.0
3996,5,Villa,23.0697965,72.5524459,35000000.0
1170,5,Apartment,23.107121,72.5848584,10000000.0
2835,5,Villa,23.0017632,72.5940885,27000000.0
5150,5,Apartment,22.9824283,72.4590034,28300000.0
4050,5,Villa,23.0145531,72.5635432,70000000.0
4050,5,Villa,22.9948656,72.6624431,36000000.0
12000,5,Villa,23.0366663,72.5492165,60000000.0
9000,5,Villa,23.0295113,72.4506006,60000000.0
1440,5,Villa,23.0069624,72.5440056,15000000.0
2250,5,Apartment,23.107121,72.5848584,31100000.0
1260,5,Villa,23.0215374,72.5800568,13000000.0
1350,5,Villa,23.1001216,72.5174077,50000000.0
9405,5,Apartment,22.9549322,72.421607,45000000.0
1636,5,Villa,23.0497771,72.6242066,5000000.0
5040,5,Apartment,23.0107147,72.4429208,27799999.999999996
900,5,Apartment,23.0069624,72.5440056,7200000.0
2000,5,Villa,23.2420572,72.4880711,15000000.0
1400,5,Apartment,23.0215374,72.5800568,3000000.0
2340,5,Villa,23.0215374,72.5800568,28000000.0
1197,5,Villa,23.2770506,72.0875893,20000000.0
1600,5,Villa,23.0069624,72.5440056,25500000.0
1170,5,Villa,23.0232163,72.4708784,13000000.0
1200,5,Villa,23.1023628,72.5702646,15100000.0
1040,5,Villa,22.7192412,72.8423906,5500000.0
1291,5,Apartment,23.0556364,72.5965538,22500000.0
1800,5,Villa,23.2770506,72.0875893,28500000.0
1250,5,Villa,22.9986596,72.6114013,14000000.0
1455,5,Apartment,23.0810804,72.6819875,20000000.0
1570,5,Villa,23.1153559,72.5366513,6100000.0
1260,5,Villa,22.9589978,72.6297981,15000000.0
1494,5,Villa,22.9811295,72.6012948,12500000.0
2529,5,Apartment,23.0457058,72.5268056,38100000.0
1800,5,Apartment,23.0485393,72.511742,35000000.0
990,5,Villa,23.0057574,72.6269822,6000000.0
1350,5,Villa,23.107121,72.5848584,11000000.0
1800,5,Villa,23.0069624,72.5440056,6600000.0
1000,5,Apartment,22.9785228,72.6101796,9500000.0
1000,5,Villa,22.9986596,72.6114013,6200000.0
1260,5,Villa,23.2770506,72.0875893,17500000.0
2880,5,Villa,23.0873325,72.5490547,14000000.0
1881,5,Villa,22.9966938,72.5833917,40000000.0
2160,5,Apartment,23.0696408,72.4410503,17100000.0
945,5,Villa,23.0616704,72.6721767,8500000.0
1200,5,Villa,23.0057574,72.6269822,9500000.0
4550,5,Apartment,23.273674,72.3225573,21000000.0
900,5,Apartment,22.9948656,72.6624431,20000000.0
2400,5,Villa,23.0271267,72.5226289,25000000.0
4100,5,Apartment,23.1201139,72.6251307,13500000.0
1350,5,Apartment,23.0813667,72.6280913,17500000.0
900,5,Villa,22.9948656,72.6624431,20000000.0
900,5,Apartment,23.0069372,72.5208415,5699999.999999999
1800,5,Villa,23.0215374,72.5800568,15000000.0
1490,5,Villa,22.9461238,72.5972209,25099999.999999996
1350,5,Apartment,23.0676665,72.5721746,9000000.0
2025,5,Villa,22.9811295,72.6012948,8000000.0
6670,5,Apartment,23.1720602,72.5371765,83100000.0
4950,5,Apartment,23.0069624,72.5440056,20000000.0
2043,5,Villa,23.092529,72.561323,16000000.0
3000,5,Villa,23.0494863,72.5672615,25000000.0
1125,5,Villa,23.092529,72.561323,11000000.0
1080,5,Apartment,23.06384,72.5430733,12500000.0
2494,5,Villa,23.0687402,72.6734956,13000000.0
4320,5,Apartment,23.273674,72.3225573,42800000.0
900,5,Apartment,23.2770506,72.0875893,3300000.0
4167,5,Villa,23.2120774,72.6859769,70000000.0
760,5,Apartment,23.2524609,72.4843063,10000000.0
3500,5,Apartment,23.0631171,72.5255748,35800000.0
2000,5,Villa,23.021803,72.4747707,15600000.0
2475,5,Apartment,23.0560952,72.6156604,12700000.0
914,5,Apartment,23.2608245,72.5675726,3800000.0
2000,5,Apartment,23.0308435,72.5979371,8000000.0
3000,5,Apartment,23.0616704,72.6721767,35000000.0
2021,5,Apartment,23.166292,72.8125255,12000000.0
3600,5,Villa,23.0215374,72.5800568,50000000.0
5850,5,Villa,23.0069624,72.5440056,70000000.0
2700,5,Villa,23.1087086,72.662035,15000000.0
4869,5,Villa,23.1014697,72.5988452,70000000.0
2610,5,Villa,23.1283467,72.558657,20000000.0
2475,5,Villa,23.0145531,72.5635432,23500000.0
1206,5,Apartment,23.0215374,72.5800568,10200000.0
4500,5,Villa,23.0271267,72.5226289,50000000.0
1440,5,Apartment,23.0682646,72.5624497,9500000.0
3771,5,Villa,23.0516973,72.535169,60000000.0
837,5,Apartment,23.0063315,72.536517,15100000.0
1746,5,Villa,23.0494863,72.5672615,25000000.0
1440,5,Apartment,23.0838463,72.5911814,29000000.0
2790,5,Apartment,23.0556364,72.5965538,23500000.0
2250,5,Apartment,23.0145531,72.5635432,13000000.0
1314,5,Apartment,23.1667008,72.8160161,9600000.0
5049,5,Villa,23.0838316,72.6488435,100000000.0
2511,5,Villa,23.0655502,72.5837193,25000000.0
3402,5,Villa,22.9817968,72.4535416,42000000.0
2205,5,Villa,23.0056298,72.5231013,35000000.0
5400,5,Apartment,23.1360943,72.5425805,27000000.0
5148,5,Villa,23.0215374,72.5800568,80000000.0
2205,5,Villa,23.0556364,72.5965538,50000000.0
2403,5,Apartment,23.0145531,72.5635432,13000000.0
3240,5,Apartment,23.0024361,72.5204272,15000000.0
1900,5,Apartment,22.9821021,72.4975186,9500000.0
1800,5,Villa,23.0056298,72.5231013,15000000.0
2457,5,Villa,22.7192412,72.8423906,12000000.0
2340,5,Apartment,23.0494863,72.5672615,18500000.0
4500,5,Apartment,23.0145531,72.5635432,27000000.0
3186,5,Apartment,23.0145531,72.5635432,20000000.0
3600,5,Villa,23.0682646,72.5624497,50000000.0
5760,5,Villa,23.0069624,72.5440056,80000000.0
2000,5,Apartment,23.2420572,72.4880711,40000000.0
4400,5,Apartment,23.1360943,72.5425805,25000000.0
1620,5,Apartment,23.0366663,72.5492165,13000000.0
990,5,Villa,23.0697965,72.5524459,11100000.000000002
2187,5,Apartment,23.0145531,72.5635432,25099999.999999996
7668,5,Apartment,23.0485393,72.511742,280000000.0
3690,5,Apartment,23.2420572,72.4880711,40000000.0
1800,5,Apartment,23.0567133,72.5508575,7000000.0
2200,5,Apartment,23.0359998,72.5643429,30000000.0
9450,5,Villa,23.0156794,72.5644623,80000000.0
3825,5,Villa,23.1360943,72.5425805,36000000.0
810,5,Apartment,23.0556364,72.5965538,16000000.0
3420,5,Apartment,23.0857958,72.4961262,85000000.0
2400,5,Villa,22.7192412,72.8423906,7500000.0
954,5,Apartment,23.0226117,72.5490834,13500000.0
3276,5,Apartment,23.2145657,72.6856816,10500000.0
2853,5,Apartment,23.0145531,72.5635432,45000000.0
4050,5,Villa,23.0226117,72.5490834,54000000.0
1512,5,Apartment,23.0056298,72.5231013,22000000.0
3918,5,Apartment,23.0232163,72.4708784,21000000.0
3150,5,Villa,23.0060914,72.5310458,19000000.0
1350,5,Villa,22.9821021,72.4975186,14000000.0
4050,5,Apartment,23.0485393,72.511742,31800000.0
2250,5,Apartment,23.0226117,72.5490834,14000000.0
2421,5,Apartment,23.0655502,72.5837193,23000000.0
1485,5,Villa,23.1010002,72.5408363,32500000.0
4320,5,Villa,23.0215374,72.5800568,55000000.0
6453,5,Villa,23.0485393,72.511742,150000000.0
4000,5,Apartment,23.1360943,72.5425805,50000000.0
1620,5,Apartment,23.0494863,72.5672615,18000000.0
9360,5,Villa,23.0156794,72.5644623,75000000.0
657,5,Apartment,22.983483,72.5007203,2000000.0
3339,5,Villa,23.0485393,72.511742,65000000.0
3200,5,Apartment,23.0494863,72.5672615,27500000.0
2457,5,Apartment,23.0323222,72.4691519,35100000.0
2300,5,Apartment,23.0215374,72.5800568,13000000.0
4491,5,Apartment,23.0544372,72.4720756,42500000.0
3600,5,Apartment,23.2770506,72.0875893,36000000.0
2880,5,Apartment,23.2524609,72.4843063,15000000.0
2340,5,Apartment,23.0366663,72.5492165,9800000.0
3303,5,Apartment,23.0564338,72.5622541,10000000.0
3375,5,Villa,23.0232163,72.4708784,28000000.0
3330,5,Villa,23.0156794,72.5644623,40000000.0
1485,5,Apartment,23.1087086,72.662035,22500000.0
4446,5,Villa,23.0400861,72.5290418,50000000.0
2412,5,Apartment,23.0079064,72.5174367,30000000.0
4968,5,Villa,23.0069624,72.5440056,66200000.0
2870,5,Apartment,22.9946911,72.6151513,18000000.0
1908,5,Villa,23.0770712,72.5890677,32500000.0
3600,5,Villa,23.0674161,72.5827507,60000000.0
4005,5,Apartment,23.0359998,72.5643429,22500000.0
810,5,Apartment,23.1110532,72.5619714,20000000.0
4500,5,Villa,23.2356278,72.4995748,50000000.0
8395,5,Apartment,23.04711,72.527537,75000000.0
3546,5,Villa,23.0359998,72.5643429,44000000.0
6975,5,Villa,22.9790982,72.4584095,75100000.0
1980,5,Apartment,23.0069372,72.5208415,9200000.0
6939,5,Villa,22.9645191,72.4704112,50000000.0
2700,5,Apartment,23.0069624,72.5440056,35100000.0
2700,5,Villa,22.9948656,72.6624431,82400000.0
2000,5,Villa,23.0069624,72.5440056,31000000.0
2250,5,Villa,23.0079064,72.5174367,12500000.0
810,5,Villa,23.0145531,72.5635432,11000000.0
2016,5,Apartment,23.0069372,72.5208415,7200000.0
1500,5,Apartment,22.9930034,72.6098246,9900000.0
2025,5,Apartment,23.0087873,72.5981672,9000000.0
4400,5,Apartment,23.1153559,72.5366513,19000000.0
2500,3,Apartment,23.0107147,72.4429208,13500000.0
3460,4,Apartment,23.0366663,72.5492165,20000000.0
2960,4,Apartment,23.0107147,72.4429208,17700000.0
2570,3,Apartment,23.0107147,72.4429208,13000000.0
2200,3,Apartment,23.0107147,72.4429208,12000000.0
3460,4,Apartment,23.0107147,72.4429208,14500000.0
2570,3,Apartment,23.0215374,72.5800568,11000000.0
3245,4,Apartment,23.0107147,72.4429208,15000000.0
1085,3,Apartment,23.0107147,72.4429208,10000000.0
1085,3,Apartment,23.0107147,72.4429208,10800000.0
2160,3,Apartment,23.0366663,72.5492165,9000000.0
2800,4,Apartment,23.0107147,72.4429208,14000000.0
4464,2,Apartment,22.9924509,72.3825613,9000000.0
11790,3,Villa,23.1326018,72.2528002,24500000.0
9000,2,Villa,23.1043039,72.3691414,20000000.0
10800,3,Villa,23.1043039,72.3691414,15000000.0
810,1,Apartment,23.0687402,72.6734956,2450000.0
4500,3,Villa,22.8278859,72.3684741,10600000.0
2700,2,Villa,23.0215374,72.5800568,5500000.0
8100,2,Villa,23.0215374,72.5800568,12500000.0
2160,1,Apartment,23.0121532,72.5037251,2000000.0
5040,2,Apartment,23.0111491,72.5132562,6500000.0
4500,1,Apartment,23.0215374,72.5800568,2000000.0
4393,5,Apartment,23.1701591,72.526586,61000000.0
11090,6,Apartment,23.0796581,72.4947377,45800000.0
864,3,Apartment,23.0232163,72.4708784,8100000.000000001
873,3,Apartment,23.107121,72.5848584,8800000.0
1770,3,Apartment,23.1010002,72.5408363,13600000.000000002
2880,3,Apartment,23.0434823,72.6810611,8800000.0
2070,3,Apartment,23.0227526,72.5383118,9450000.0
1760,3,Apartment,23.0232163,72.4708784,7630000.0
1855,3,Apartment,23.0567133,72.5508575,10500000.0
1064,3,Apartment,23.1010002,72.5408363,8600000.0
1755,3,Apartment,23.0232163,72.4708784,6695000.0
1818,3,Apartment,22.9948656,72.6624431,5951000.0
1800,3,Apartment,23.0232163,72.4708784,8300000.0
3240,4,Apartment,23.081994,72.5519258,15500000.0
1850,3,Apartment,23.0232163,72.4708784,8800000.0
1525,3,Apartment,23.081994,72.5519258,9800000.0
1260,2,Apartment,23.1213946,72.5404102,8199999.999999999
855,2,Apartment,23.0111491,72.5132562,5500000.0
570,2,Apartment,23.2145657,72.6856816,5300000.0
990,2,Apartment,23.0940395,72.5449519,4200000.0
585,1,Apartment,23.0215374,72.5800568,1500000.0
1755,3,Apartment,23.1602185,72.5854599,24000000.0
750,2,Apartment,22.9821021,72.4975186,4000000.0
560,2,Apartment,23.0285662,72.5051111,2450000.0
1620,3,Apartment,23.0012666,72.5877721,9000000.0
400,2,Apartment,23.0637665,72.555444,4000000.0
2520,3,Apartment,23.0556364,72.5965538,14000000.0
900,2,Villa,23.0891843,72.5415308,5500000.0
720,1,Apartment,23.0839289,72.6785883,2500000.0
1300,2,Apartment,23.0111491,72.5132562,7800000.0
1179,2,Apartment,23.3231692,72.3124608,3720000.0
1340,3,Apartment,23.0012666,72.5877721,5900000.0
2653,4,Apartment,23.0130948,72.5694038,18000000.0
683,2,Apartment,23.2409219,72.5000206,6500000.0
1881,4,Apartment,23.0485393,72.511742,29876000.0
2835,4,Apartment,23.0544372,72.4720756,44600000.0
2132,4,Apartment,23.1358015,72.5527084,23900000.0
6326,5,Apartment,23.0107147,72.4429208,26800000.0
3291,4,Apartment,23.0012666,72.5877721,18100000.0
1340,3,Apartment,23.0107147,72.4429208,6200000.0
2013,3,Apartment,23.2145657,72.6856816,14500000.0
1345,2,Apartment,23.1660363,72.8120437,9600000.0
1100,2,Apartment,23.1109557,72.5539974,4600000.0
2310,3,Apartment,23.0232163,72.4708784,12500000.0
1100,2,Apartment,23.1109557,72.5539974,4500000.0
945,2,Apartment,23.1010002,72.5408363,5000000.0
2259,4,Villa,23.1109557,72.5539974,33500000.0
3258,4,Villa,23.1109557,72.5539974,42500000.0
1510,3,Apartment,23.0328924,72.5604427,7000000.0
1504,3,Apartment,23.0366663,72.5492165,6899999.999999999
1485,3,Apartment,23.0232163,72.4708784,6800000.000000001
2740,3,Apartment,23.2145657,72.6856816,15100000.0
690,2,Apartment,23.1360943,72.5425805,7000000.0
1876,3,Apartment,23.0366663,72.5492165,8400000.0
2232,3,Apartment,23.0268808,72.5816588,20000000.0
4260,4,Apartment,23.0445921,72.517344,38500000.0
1282,3,Apartment,23.0232163,72.4708784,15100000.0
2960,4,Apartment,23.0232163,72.4708784,17500000.0
1890,3,Apartment,23.2125309,72.684767,6800000.000000001
1750,3,Apartment,23.2145657,72.6856816,7800000.0
1050,2,Apartment,23.1589328,72.5380315,7300000.0
1050,2,Apartment,23.1589328,72.5380315,7200000.0
1242,3,Apartment,23.3061466,72.3393616,10000000.0
1750,3,Apartment,23.0232163,72.4708784,8600000.0
8649,4,Villa,22.99061,72.6367664,190000000.0
1359,2,Apartment,23.1010002,72.5408363,7500000.0
1989,3,Apartment,23.1634079,72.6888935,9050000.0
2691,3,Apartment,23.0796581,72.4947377,15200000.0
4735,4,Apartment,23.027383,72.4893505,47500000.0
1125,2,Apartment,23.2770506,72.0875893,6000000.0
500,4,Villa,23.0215374,72.5800568,53500000.0
574,2,Apartment,23.0901711,72.6504536,4800000.0
7668,2,Villa,23.1326018,72.2528002,22500000.0
6645,5,Apartment,23.0485393,72.511742,77500000.0
6615,3,Apartment,23.1008171,72.4946672,75000000.0
4050,4,Villa,23.166292,72.8125255,57500000.0
3900,4,Apartment,23.0232163,72.4708784,40000000.0
6975,5,Villa,22.9817968,72.4535416,58000000.0
7668,4,Villa,22.9728548,72.4587201,70000000.0
600,4,Apartment,22.9728548,72.4587201,51100000.0
400,4,Villa,22.9645191,72.4704112,37500000.0
4000,4,Villa,23.0058276,72.5329319,85000000.0
3700,4,Apartment,23.0535306,72.4934085,32000000.0
3650,4,Apartment,23.1589328,72.5380315,36000000.0
3250,4,Apartment,23.1589328,72.5380315,28000000.0
3121,4,Apartment,23.0107147,72.4429208,19400000.0
3800,4,Apartment,23.0535306,72.4934085,35100000.0
2415,3,Apartment,23.0398379,72.5276503,15400000.0
3000,4,Apartment,23.0176555,72.5180484,35000000.0
1665,3,Apartment,23.0079064,72.5174367,15000000.0
2700,4,Villa,23.0215374,72.5800568,38000000.0
4651,4,Apartment,23.0366663,72.5492165,40000000.0
5750,4,Apartment,23.1720602,72.5371765,70000000.0
3170,4,Apartment,23.0366663,72.5492165,23000000.0
7200,4,Villa,22.9824283,72.4590034,137500000.0
1650,3,Apartment,23.0000258,72.5051405,15000000.0
2780,3,Apartment,22.9779487,72.6314285,25000000.0
3200,4,Apartment,23.0226117,72.5490834,28000000.0
2790,4,Apartment,23.0045744,72.5497272,31500000.0
5400,4,Apartment,23.0181819,72.4681909,53500000.0
2100,3,Apartment,23.1649415,72.8116949,13500000.0
1512,3,Apartment,23.1010002,72.5408363,8199999.999999999
7200,4,Apartment,23.0232163,72.4708784,80000000.0
1359,3,Apartment,23.0774129,72.4943545,30000000.0
778,3,Apartment,23.0232163,72.4708784,8300000.0
1430,3,Apartment,23.0232163,72.4708784,8500000.0
1064,3,Apartment,23.0329263,72.4259729,14000000.0
1845,3,Apartment,23.2524609,72.4843063,6800000.000000001
1908,3,Apartment,23.1360943,72.5425805,9900000.0
2097,3,Villa,23.0227526,72.5383118,30000000.0
2025,3,Villa,23.0000258,72.5051405,35000000.0
2073,4,Apartment,23.04711,72.527537,30000000.0
1275,2,Apartment,23.2125309,72.684767,5800000.0
1759,3,Apartment,23.0107147,72.4429208,8700000.0
3125,4,Apartment,23.0366663,72.5492165,17500000.0
2778,3,Apartment,23.0012666,72.5877721,18500000.0
5400,4,Villa,23.0111491,72.5132562,48000000.0
1700,3,Apartment,23.0232163,72.4708784,7300000.0
1490,3,Apartment,23.0172779,72.4709076,7600000.0
1750,3,Apartment,23.0232163,72.4708784,9000000.0
2389,3,Apartment,23.1010002,72.5408363,13000000.0
1917,3,Apartment,23.0716125,72.6367479,36000000.0
5130,4,Villa,23.0114464,72.5092934,80000000.0
2430,3,Apartment,23.0774129,72.4943545,31000000.0
4100,4,Apartment,23.1010002,72.5408363,21700000.0
3600,4,Apartment,23.0244466,72.5589826,30000000.0
1529,3,Apartment,23.0295113,72.4506006,6800000.000000001
1440,3,Apartment,23.1010002,72.5408363,7400000.0
1800,3,Apartment,23.1153559,72.5366513,12000000.0
1615,3,Apartment,23.0232163,72.4708784,11100000.000000002
1440,3,Apartment,23.0366663,72.5492165,10500000.0
1245,2,Apartment,23.0295113,72.4506006,5500000.0
1280,2,Apartment,23.0232163,72.4708784,6600000.0
1150,2,Apartment,23.1358111,72.5818846,5699999.999999999
2690,4,Apartment,23.0107147,72.4429208,18500000.0
658,2,Apartment,23.0232163,72.4708784,5500000.0
1140,2,Apartment,23.0107627,72.5029102,6000000.0
1340,3,Apartment,23.1143235,72.5587865,5800000.0
2250,4,Apartment,23.2478221,72.4852775,31000000.0
2367,3,Villa,22.9790982,72.4584095,21200000.0
1230,2,Apartment,23.017704,72.4696021,6100000.0
957,3,Apartment,23.0232163,72.4708784,9500000.0
2160,3,Apartment,23.0483226,72.5265885,13500000.0
2223,3,Apartment,23.1204422,72.5815442,11900000.0
4350,4,Apartment,23.0485393,72.511742,34800000.0
4670,4,Apartment,22.9493294,72.6238761,37400000.0
2594,3,Apartment,23.0796581,72.4947377,16399999.999999998
1170,2,Apartment,23.0876048,72.4927391,5750000.0
2070,4,Villa,23.0323222,72.4691519,17500000.0
1600,3,Apartment,23.1123884,72.5515273,9000000.0
5472,4,Apartment,22.9779487,72.6314285,52000000.0
1244,2,Apartment,23.0295113,72.4506006,5500000.0
1611,3,Apartment,23.1010002,72.5408363,8000000.0
1444,3,Apartment,23.2145657,72.6856816,8500000.0
5400,4,Apartment,23.0676665,72.5721746,51300000.0
1130,3,Apartment,23.0244466,72.5589826,13500000.0
1525,3,Apartment,23.0257637,72.5218678,6600000.0
1890,3,Apartment,23.1634079,72.6888935,12500000.0
2740,3,Apartment,23.1634079,72.6888935,19200000.0
1910,3,Apartment,23.0300762,72.5287891,14300000.0
3285,4,Villa,23.1109557,72.5539974,35000000.0
968,3,Apartment,23.0399922,72.5778602,7900000.0
2250,3,Apartment,23.0567133,72.5508575,15000000.0
1180,2,Apartment,23.0485393,72.511742,8300000.0
811,3,Apartment,23.017704,72.4696021,9500000.0
675,2,Apartment,23.2125309,72.684767,5500000.0
2070,3,Apartment,23.0445921,72.517344,26500000.0
2050,3,Apartment,23.0169268,72.5204317,18500000.0
1528,3,Apartment,23.0366663,72.5492165,16000000.0
1854,3,Apartment,23.0485393,72.511742,18500000.0
3380,4,Apartment,23.0445921,72.517344,28300000.0
3915,4,Apartment,23.0445921,72.517344,68000000.0
861,3,Apartment,23.0366663,72.5492165,10700000.0
2960,4,Apartment,23.0232163,72.4708784,14800000.0
6560,4,Villa,23.1701591,72.526586,49200000.0
3071,4,Apartment,23.1589328,72.5380315,18800000.0
1966,3,Apartment,23.0135186,72.5644029,14000000.0
1209,2,Apartment,23.0686992,72.6185497,7450000.0
1216,2,Apartment,23.011445,72.5864365,7000000.0
1280,2,Apartment,23.011445,72.5864365,6899999.999999999
1680,3,Apartment,23.011445,72.5864365,8800000.0
1680,3,Apartment,23.011445,72.5864365,8900000.0
1936,3,Apartment,23.081994,72.5519258,12100000.0
2512,4,Apartment,23.081994,72.5519258,16800000.0
2046,3,Apartment,23.1283467,72.558657,14000000.0
1360,3,Apartment,23.038676,72.5596366,7400000.0
3827,4,Villa,23.2125309,72.684767,29700000.000000004
3640,4,Apartment,23.1662912,72.5370072,33500000.0
3780,4,Apartment,23.1662912,72.5370072,33000000.0
3550,4,Apartment,23.1589328,72.5380315,37000000.0
3250,4,Apartment,23.1589328,72.5380315,32500000.0
1850,3,Apartment,23.1602905,72.5410997,14500000.0
2115,3,Apartment,23.0166113,72.4730311,16000000.0
1615,3,Apartment,23.0232163,72.4708784,11000000.0
4300,4,Apartment,23.0485393,72.511742,33500000.0
912,3,Apartment,23.0367521,72.5481393,9200000.0
1971,3,Apartment,23.2145657,72.6856816,14500000.0
1665,3,Apartment,23.1283467,72.558657,7500000.0
1857,3,Apartment,23.1283467,72.558657,11399999.999999998
3618,4,Apartment,23.0649034,72.5268918,35000000.0
1710,3,Apartment,23.0682646,72.5624497,8700000.0
6579,4,Villa,23.0156794,72.5644623,95000000.0
4452,4,Apartment,23.1143235,72.5587865,42300000.00000001
4150,4,Apartment,23.081994,72.5519258,21000000.0
1683,3,Apartment,23.1360943,72.5425805,7800000.0
871,2,Apartment,23.1123884,72.5515273,5500000.0
1100,2,Apartment,23.1109557,72.5539974,5000000.0
2700,4,Villa,23.0544372,72.4720756,55000000.0
1710,3,Apartment,23.0329263,72.4259729,8000000.0
2799,4,Apartment,23.2145657,72.6856816,25500000.0
2398,3,Apartment,22.9821021,72.4975186,10800000.0
6030,4,Villa,23.1109557,72.5539974,130000000.0
2046,3,Apartment,23.1283467,72.558657,11800000.0
789,3,Apartment,23.0232163,72.4708784,7351000.0
1629,4,Villa,23.0069624,72.5440056,27500000.0
5670,6,Villa,23.0232163,72.4708784,63000000.0
5400,4,Apartment,23.0544372,72.4720756,55000000.0
1890,3,Apartment,23.0215374,72.5800568,7600000.0
2000,3,Apartment,23.1100643,72.5811205,11500000.0
4000,4,Apartment,23.107121,72.5848584,27500000.0
2100,3,Apartment,23.1100643,72.5811205,11000000.0
2650,3,Apartment,23.107121,72.5848584,15500000.0
797,2,Apartment,23.081994,72.5519258,6300000.0
3600,4,Apartment,22.9775305,72.5886519,28000000.0
4630,4,Apartment,23.0156527,72.5301088,30099999.999999996
3170,4,Apartment,23.0111491,72.5132562,19900000.0
5859,4,Apartment,23.0535306,72.4934085,58000000.0
5514,4,Apartment,23.0796581,72.4947377,41400000.0
2160,3,Apartment,23.0796581,72.4947377,14700000.0
7000,4,Apartment,23.0796581,72.4947377,45500000.0
4130,4,Apartment,22.9824283,72.4590034,26800000.0
4293,4,Apartment,23.0485393,72.511742,34300000.0
4314,4,Apartment,23.0485393,72.511742,34500000.0
4378,4,Apartment,23.0485393,72.511742,35000000.0
4078,4,Apartment,23.0485393,72.511742,32599999.999999996
3906,4,Apartment,23.0485393,72.511742,31200000.0
4092,4,Apartment,23.0485393,72.511742,32700000.0
6014,4,Apartment,23.0544372,72.4720756,43000000.0
1322,3,Apartment,23.0485393,72.511742,25500000.0
700,4,Villa,23.0215374,72.5800568,70000000.0
1725,3,Apartment,23.0232163,72.4708784,7072000.000000001
1413,2,Apartment,23.2145657,72.6856816,7200000.0
1935,3,Apartment,23.0457522,72.5524611,10000000.0
5000,4,Apartment,23.0257511,72.558716,55000000.0
4230,4,Apartment,23.0716125,72.6367479,28800000.0
6014,4,Apartment,23.0485393,72.511742,42600000.0
5692,4,Apartment,23.0716125,72.6367479,62600000.0
1180,2,Apartment,23.017704,72.4696021,7500000.0
5200,4,Apartment,23.0716125,72.6367479,44200000.0
6100,4,Apartment,23.0306499,72.5101971,51800000.0
7300,4,Apartment,23.0195503,72.4687169,65700000.0
2205,3,Apartment,23.0215374,72.5800568,11600000.0
9495,6,Villa,23.0215374,72.5800568,76100000.0
3121,4,Apartment,23.0107147,72.4429208,24000000.0
1830,3,Apartment,23.0264444,72.5120935,16100000.000000002
2740,3,Apartment,23.0215374,72.5800568,19500000.0
559,2,Apartment,23.0132056,72.4535011,5500000.0
1250,3,Apartment,23.0101298,72.4592167,6200000.0
588,2,Apartment,23.1254221,72.6143633,4200000.0
1760,3,Apartment,22.9946911,72.6151513,7500000.0
5750,4,Apartment,23.1153559,72.5366513,60400000.0
6120,4,Apartment,23.0535306,72.4934085,58800000.0
6100,4,Apartment,23.0535306,72.4934085,58600000.0
1760,3,Apartment,23.0366663,72.5492165,7900000.0
2268,3,Apartment,23.0968937,72.6135747,13000000.0
1584,3,Apartment,23.0215374,72.5800568,9000000.0
1602,3,Apartment,23.0359998,72.5643429,14000000.0
1935,3,Apartment,23.0360509,72.5611735,8800000.0
4150,4,Apartment,23.252596,72.4840781,19000000.0
846,3,Apartment,23.2976084,72.3384089,7600000.0
1350,2,Apartment,23.1010002,72.5408363,6050000.0
3600,4,Apartment,23.0329263,72.4259729,36000000.0
1728,3,Apartment,23.1010002,72.5408363,14000000.0
2790,4,Apartment,23.0501392,71.9787097,47500000.0
1845,3,Apartment,22.9933283,72.5138215,9500000.0
1359,2,Apartment,23.0159755,72.5136414,6300000.0
1890,3,Apartment,23.1283467,72.558657,11500000.0
1755,3,Apartment,23.1283467,72.558657,8199999.999999999
2205,3,Apartment,23.0882437,72.584299,11500000.0
1503,3,Apartment,23.1010002,72.5408363,9900000.0
1593,3,Apartment,23.1010002,72.5408363,11000000.0
1710,3,Apartment,22.9955398,72.6107331,11500000.0
1850,3,Apartment,23.0535306,72.4934085,15000000.0
1760,3,Apartment,23.0544372,72.4720756,9152000.0
2425,3,Apartment,23.2145657,72.6856816,18200000.0
3120,4,Apartment,23.0567133,72.5508575,20299999.999999996
3170,4,Apartment,23.0111491,72.5132562,21600000.0
2400,3,Apartment,23.2145657,72.6856816,16299999.999999998
1340,3,Apartment,23.0366663,72.5492165,6750000.0
1548,4,Apartment,23.0215374,72.5800568,32700000.0
3170,4,Apartment,23.0111491,72.5132562,20400000.0
1850,3,Apartment,23.0232163,72.4708784,15500000.0
2285,3,Apartment,23.0310611,72.4763874,15500000.0
1550,3,Apartment,23.0544372,72.4720756,8800000.0
1760,3,Apartment,22.9946911,72.6151513,8100000.000000001
3375,4,Villa,23.1429051,72.5392248,37500000.0
2160,3,Apartment,23.0483226,72.5265885,13000000.0
2160,4,Apartment,22.9781551,72.4555527,37000000.0
2400,3,Apartment,23.0535306,72.4934085,20000000.0
1350,3,Apartment,23.0243312,72.4705288,17500000.0
1850,3,Apartment,23.2125309,72.684767,8325000.0
7776,4,Apartment,23.0716125,72.6367479,120000000.0
618,2,Apartment,23.0713445,72.6773842,4900000.0
574,2,Apartment,23.1010002,72.5408363,4000000.0
2420,3,Apartment,23.0232163,72.4708784,13300000.0
1935,3,Apartment,23.0145531,72.5635432,14000000.0
1755,3,Apartment,23.0232163,72.4708784,7500000.0
1800,3,Apartment,23.0485393,72.511742,12500000.0
810,3,Apartment,23.0107147,72.4429208,7000000.0
3275,4,Apartment,23.0544372,72.4720756,24300000.0
3210,4,Apartment,23.0544372,72.4720756,20900000.0
1260,2,Apartment,23.1683691,72.81696,5699999.999999999
1725,3,Apartment,23.2145657,72.6856816,7800000.0
1750,3,Apartment,23.2145657,72.6856816,7850000.0
1730,3,Apartment,23.0215374,72.5800568,8400000.0
1827,3,Apartment,22.9779487,72.6314285,9600000.0
1750,3,Apartment,23.0107147,72.4429208,7900000.0
1790,3,Apartment,23.0232163,72.4708784,7851000.0
1530,3,Apartment,23.0232163,72.4708784,7500000.0
1795,3,Apartment,23.0399922,72.5778602,8000000.0
1850,3,Apartment,23.0366663,72.5492165,8500000.0
1700,3,Apartment,23.0232163,72.4708784,8199999.999999999
1950,3,Apartment,23.0232163,72.4708784,10300000.0
863,3,Apartment,23.1283467,72.558657,8000000.0
1665,3,Apartment,23.1010002,72.5408363,8000000.0
1665,3,Apartment,23.1010002,72.5408363,11000000.0
2250,3,Apartment,23.0232163,72.4708784,14100000.0
2335,3,Apartment,23.0244466,72.5589826,14500000.0
1494,3,Apartment,23.0940395,72.5449519,7200000.0
1755,3,Apartment,22.9916549,72.4725923,7400000.0
3400,3,Apartment,23.0458191,72.5523558,18500000.0
2376,3,Apartment,23.0366663,72.5492165,12400000.0
2079,3,Apartment,23.0051587,72.4568468,10900000.0
3538,4,Apartment,23.0107147,72.4429208,29500000.0
3850,4,Apartment,23.2145657,72.6856816,15400000.0
1278,2,Apartment,23.1358111,72.5818846,6500000.0
1885,3,Apartment,23.0232163,72.4708784,11000000.0
1500,3,Apartment,23.0366663,72.5492165,7000000.0
1760,3,Apartment,23.1143235,72.5587865,8000000.0
2200,4,Apartment,23.0244466,72.5589826,18000000.0
2470,3,Apartment,23.0716125,72.6367479,18000000.0
3621,4,Apartment,23.0215374,72.5800568,15000000.0
1700,3,Apartment,23.2145657,72.6856816,8300000.0
2425,3,Apartment,23.0227526,72.5383118,17500000.0
3800,4,Apartment,23.0227526,72.5383118,29600000.0
4275,4,Apartment,22.996342,72.5043085,30000000.0
1413,3,Apartment,23.1429051,72.5392248,7700000.0
4500,4,Apartment,23.0445921,72.517344,55500000.0
5400,4,Villa,23.0015561,72.5132033,70000000.0
1750,3,Apartment,23.0470512,72.5498248,8000000.0
1555,3,Apartment,23.0232163,72.4708784,11500000.0
1700,3,Apartment,23.0295113,72.4506006,7200000.0
2163,3,Apartment,23.0329263,72.4259729,13500000.0
2250,3,Apartment,23.0567133,72.5508575,14600000.0
2550,4,Apartment,23.0501392,71.9787097,36500000.0
2286,4,Apartment,23.0485393,72.511742,32000000.0
2550,4,Apartment,23.0501392,71.9787097,37000000.0
2300,4,Apartment,23.1153559,72.5366513,28000000.0
2268,3,Apartment,23.217789,72.667326,18000000.0
2634,3,Apartment,23.0107147,72.4429208,16299999.999999998
3611,4,Apartment,22.996342,72.5043085,18100000.0
3151,4,Apartment,23.0366663,72.5492165,21000000.0
1876,3,Apartment,22.9945745,72.467571,10500000.0
3191,4,Apartment,23.0012666,72.5877721,19800000.0
2400,3,Apartment,23.0227526,72.5383118,18400000.0
300,3,Villa,23.0232163,72.4708784,22500000.0
4130,4,Apartment,23.2145657,72.6856816,25000000.0
3611,4,Apartment,22.9821021,72.4975186,20600000.0
2400,3,Apartment,22.983483,72.5007203,14000000.0
425,4,Villa,23.0107147,72.4429208,60000000.0
3500,4,Apartment,23.1153559,72.5366513,40000000.0
3200,4,Apartment,23.0232163,72.4708784,23000000.0
2310,3,Apartment,23.0232163,72.4708784,14900000.0
2750,4,Apartment,23.0000258,72.5051405,26500000.0
1464,3,Apartment,23.0107147,72.4429208,16399999.999999998
3393,4,Apartment,23.0485393,72.511742,35000000.0
5157,4,Villa,23.2478221,72.4852775,80000000.0
2709,4,Villa,23.0485393,72.511742,50000000.0
4419,4,Villa,22.99061,72.6367664,66300000.0
3230,4,Apartment,23.0400861,72.5290418,37000000.0
2160,3,Villa,23.0868734,72.4835036,28000000.0
3440,4,Apartment,23.0535306,72.4934085,30000000.0
3857,4,Apartment,23.0012666,72.5877721,40000000.0
2025,3,Apartment,23.0839289,72.6785883,15500000.0
2520,4,Villa,23.0716125,72.6367479,32500000.0
2030,3,Apartment,23.0087873,72.5981672,12000000.0
1800,3,Apartment,23.0485393,72.511742,15500000.0
3600,4,Apartment,22.9796534,72.4560834,37500000.0
1305,2,Apartment,23.0839289,72.6785883,7200000.0
10368,4,Villa,22.9728548,72.4587201,100000000.0
3960,3,Apartment,23.0232163,72.4708784,32500000.0
1350,2,Apartment,23.0116938,72.5114895,8300000.0
3744,4,Villa,23.0809988,72.4983109,80000000.0
3024,4,Apartment,23.0516973,72.535169,22500000.0
1403,2,Apartment,23.0516973,72.535169,8900000.0
2385,4,Apartment,23.0445921,72.517344,22500000.0
1080,2,Apartment,23.0593631,72.5363104,6000000.0
1600,3,Apartment,23.1123884,72.5515273,8800000.0
2610,3,Apartment,23.1100643,72.5811205,14000000.0
1377,2,Apartment,23.1010002,72.5408363,5600000.000000001
1150,2,Apartment,23.1109557,72.5539974,5100000.0
3800,4,Apartment,23.0181819,72.4681909,23000000.0
1745,3,Apartment,23.0232163,72.4708784,11500000.0
1600,3,Apartment,23.0738754,72.5111892,11000000.0
1760,3,Apartment,23.0215374,72.5800568,8000000.0
4380,4,Apartment,23.0535306,72.4934085,43000000.0
3440,4,Apartment,23.2145657,72.6856816,31000000.0
1960,3,Apartment,23.0107147,72.4429208,12500000.0
4320,4,Apartment,23.0227526,72.5383118,42100000.0
1881,3,Apartment,23.0000258,72.5051405,22000000.0
2790,4,Apartment,23.0169268,72.5204317,22500000.0
2415,3,Apartment,23.0310611,72.4763874,16000000.0
1915,3,Apartment,23.04711,72.527537,17500000.0
2700,4,Apartment,23.0631171,72.5255748,20000000.0
862,3,Apartment,23.1358111,72.5818846,7500000.0
774,3,Apartment,23.1358111,72.5818846,6800000.000000001
1450,3,Apartment,23.0366663,72.5492165,7700000.0
5634,2,Villa,23.0574157,72.3828011,27500000.0
6100,4,Apartment,23.2424869,72.4956214,54900000.0
1761,3,Apartment,23.0232163,72.4708784,10500000.0
1340,3,Apartment,23.0012666,72.5877721,5699999.999999999
2810,4,Apartment,23.0244466,72.5589826,32500000.0
1737,3,Apartment,23.0227526,72.5383118,20000000.0
2778,3,Apartment,23.0012666,72.5877721,15300000.0
1485,2,Apartment,22.996342,72.5043085,8199999.999999999
2598,3,Apartment,23.0107147,72.4429208,21100000.0
1436,3,Apartment,23.0107147,72.4429208,12100000.0
1474,3,Apartment,23.0232163,72.4708784,8500000.0
1737,3,Apartment,23.1010002,72.5408363,8000000.0
4150,4,Villa,23.252596,72.4840781,19500000.0
4030,4,Apartment,23.0232163,72.4708784,22200000.000000004
990,2,Apartment,23.0766234,72.5764197,4500000.0
1304,2,Apartment,23.2145657,72.6856816,6000000.0
1372,3,Apartment,23.1109557,72.5539974,6800000.000000001
4492,3,Apartment,23.107121,72.5848584,26500000.0
1180,2,Apartment,23.0485393,72.511742,7700000.0
1180,2,Apartment,23.0485393,72.511742,7500000.0
2100,3,Apartment,23.107121,72.5848584,11500000.0
2250,3,Apartment,23.0360509,72.5611735,10000000.0
8451,4,Apartment,23.087526,72.536757,60800000.0
1413,3,Apartment,23.1429051,72.5392248,7600000.0
3200,4,Apartment,22.8863839,72.203952,23000000.0
2920,3,Apartment,23.0839289,72.6785883,17500000.0
4418,4,Apartment,23.0156527,72.5301088,28700000.0
3611,4,Apartment,23.04711,72.527537,18100000.0
2916,4,Apartment,22.9950715,72.6075442,24800000.0
2610,3,Apartment,23.0839289,72.6785883,15700000.0
4380,4,Apartment,23.0181819,72.4681909,37200000.0
2448,3,Apartment,23.1213946,72.5404102,12200000.0
4077,4,Apartment,23.0306956,72.4726787,33800000.0
3665,4,Apartment,23.0328924,72.5604427,30099999.999999996
1710,3,Apartment,23.0300762,72.5287891,12800000.0
3180,4,Apartment,23.0111491,72.5132562,20000000.0
4230,4,Apartment,23.1204422,72.5815442,30500000.0
3654,4,Apartment,23.0162399,72.5438879,15000000.0
2476,3,Apartment,23.0111491,72.5132562,19800000.0
5390,4,Apartment,23.0931619,72.6024491,38800000.0
4995,4,Apartment,23.0931619,72.6024491,36000000.0
2990,4,Apartment,23.04711,72.527537,15000000.0
2395,3,Apartment,23.04711,72.527537,12000000.0
2250,3,Apartment,23.0111491,72.5132562,14200000.0
5650,4,Apartment,23.0510656,72.6436615,53700000.0
6000,4,Apartment,23.0315615,72.5085005,52800000.0
3384,4,Apartment,22.9950715,72.6075442,28800000.0
5472,4,Apartment,22.9779487,72.6314285,46500000.0
1935,3,Apartment,23.3254747,72.0554467,9675000.0
3420,4,Apartment,22.9878599,72.4928926,17500000.0
2376,3,Apartment,22.9878599,72.4928926,12100000.0
6120,4,Apartment,23.0535306,72.4934085,54000000.0
5955,4,Apartment,23.054805,72.5964358,68500000.0
2400,3,Apartment,23.0111491,72.5132562,16299999.999999998
2594,3,Apartment,23.0796581,72.4947377,14500000.0
1350,2,Apartment,23.1283467,72.558657,6500000.0
3240,4,Apartment,23.0079064,72.5174367,21000000.0
2800,3,Villa,23.0111491,72.5132562,23000000.0
2736,4,Villa,23.0069624,72.5440056,25099999.999999996
1602,3,Villa,23.0069624,72.5440056,19500000.0
1440,3,Apartment,23.0069624,72.5440056,8000000.0
10260,4,Villa,23.0069624,72.5440056,110000000.0
2520,3,Villa,23.0069624,72.5440056,25000000.0
1440,3,Apartment,23.0069624,72.5440056,8700000.0
1430,3,Apartment,23.0069624,72.5440056,8800000.0
2250,3,Villa,23.0069624,72.5440056,25500000.0
1395,3,Villa,23.0069624,72.5440056,17000000.0
4012,4,Apartment,23.2409219,72.5000206,65000000.0
1305,2,Apartment,23.1010002,72.5408363,6300000.0
1709,3,Apartment,23.0069624,72.5440056,8500000.0
1076,2,Apartment,23.1010002,72.5408363,6800000.000000001
2250,3,Apartment,23.1279171,72.5487314,16000000.0
1270,2,Apartment,23.1153559,72.5366513,6500000.0
1863,3,Apartment,23.1081937,72.5328119,9400000.0
1791,3,Apartment,23.1010002,72.5408363,10300000.0
1305,2,Apartment,23.1010002,72.5408363,6500000.0
1304,2,Apartment,23.0215374,72.5800568,6500000.0
1341,2,Apartment,23.1010002,72.5408363,6500000.0
4130,4,Apartment,22.9824283,72.4590034,24800000.0
1200,3,Apartment,22.969366,72.3045954,15000000.0
4000,4,Apartment,23.0359998,72.5643429,38000000.0
4400,4,Apartment,23.0400861,72.5290418,43000000.0
3231,3,Villa,23.0716125,72.6367479,29000000.0
1215,2,Apartment,23.0457058,72.5268056,8500000.0
4349,4,Apartment,22.9992107,72.5599564,37000000.0
6000,4,Apartment,23.1720602,72.5371765,69000000.0
6600,4,Apartment,23.1720602,72.5371765,79200000.0
3700,4,Apartment,23.0535306,72.4934085,33300000.0
5472,4,Apartment,23.0474527,72.5616422,65700000.0
2304,3,Villa,23.0393458,72.2748933,12800000.0
2778,3,Apartment,23.0012666,72.5877721,16700000.0
2158,3,Apartment,23.0329263,72.4259729,13500000.0
4928,4,Apartment,23.0257637,72.5218678,60000000.0
2952,4,Villa,23.240989,72.503137,50000000.0
2645,3,Apartment,23.1010002,72.5408363,14000000.0
3475,4,Apartment,23.0485393,72.511742,26100000.0
4250,4,Apartment,23.0485393,72.511742,31900000.0
5325,4,Apartment,23.0485393,72.511742,37300000.0
6500,5,Apartment,23.034638,72.5093477,61800000.0
4500,4,Apartment,23.0281153,72.55801,42800000.0
5040,4,Villa,23.0295113,72.4506006,40000000.0
7403,5,Apartment,23.027383,72.4893505,62900000.0
3861,4,Apartment,23.1153559,72.5366513,20200000.0
3445,4,Apartment,23.1010002,72.5408363,17200000.0
2645,3,Apartment,23.1010002,72.5408363,13200000.0
8700,4,Villa,23.0535306,72.4934085,100000000.0
3291,4,Apartment,23.0107147,72.4429208,19400000.0
2132,4,Apartment,23.2120774,72.6859769,16200000.000000002
1436,3,Apartment,23.2120774,72.6859769,11299999.999999998
3591,4,Apartment,23.0329263,72.4259729,19900000.0
1725,3,Apartment,23.0162473,72.4517298,8000000.0
2376,3,Apartment,23.3226944,72.423167,17000000.0
470,2,Apartment,23.1153559,72.5366513,6000000.0
3075,4,Apartment,23.0232163,72.4708784,15700000.0
2960,4,Apartment,23.0366663,72.5492165,17000000.0
3845,4,Apartment,23.0232163,72.4708784,21000000.0
1372,3,Apartment,23.1109557,72.5539974,7000000.0
8280,4,Villa,23.1030386,72.5954671,90000000.0
1800,3,Apartment,22.9986596,72.6114013,16000000.0
6750,3,Villa,23.0501988,72.5374953,22400000.000000004
1080,2,Apartment,23.0451788,72.4615643,5000000.0
1710,3,Apartment,23.0169268,72.5204317,13000000.0
1875,3,Apartment,23.0000258,72.5051405,16500000.0
871,2,Apartment,23.1123884,72.5515273,5400000.0
1300,2,Apartment,23.1360943,72.5425805,6400000.0
1700,3,Apartment,23.0232163,72.4708784,6375000.0
1795,3,Apartment,23.0399922,72.5778602,7553000.0
1260,2,Apartment,23.0232163,72.4708784,6300000.0
1188,2,Apartment,22.9924509,72.3825613,3500000.0
647,2,Apartment,22.9924509,72.3825613,4400000.0
609,2,Apartment,23.0366663,72.5492165,5500000.0
1180,2,Apartment,23.0366663,72.5492165,6000000.0
616,2,Apartment,22.9924509,72.3825613,4200000.0
1830,3,Apartment,23.0232163,72.4708784,9500000.0
1275,2,Apartment,23.0366663,72.5492165,5600000.000000001
1850,3,Apartment,23.0232163,72.4708784,7584999.999999999
2700,4,Villa,23.217789,72.667326,20500000.0
2367,3,Villa,22.9645191,72.4704112,21200000.0
1050,2,Apartment,23.0411012,72.501648,5300000.0
1598,3,Apartment,23.0366663,72.5492165,7400000.0
9000,3,Villa,22.8278859,72.3684741,26900000.0
7947,2,Villa,22.9790982,72.4584095,15400000.0
1555,3,Apartment,23.0408279,72.5048295,6300000.0
1700,3,Apartment,23.0295113,72.4506006,8000000.0
957,3,Apartment,23.0162473,72.4517298,7500000.0
4895,4,Apartment,23.0445921,72.517344,52500000.0
4600,4,Apartment,23.0445921,72.517344,41500000.0
1881,4,Apartment,23.0458191,72.5523558,28000000.0
3934,4,Apartment,23.0544372,72.4720756,29600000.0
3170,4,Apartment,23.2145657,72.6856816,19900000.0
3075,4,Apartment,23.0232163,72.4708784,16000000.0
2800,4,Apartment,23.0366663,72.5492165,18000000.0
2357,4,Apartment,23.0107147,72.4429208,24000000.0
2050,3,Apartment,23.0078232,72.5102288,13100000.0
1210,2,Apartment,23.1043633,72.5493536,5699999.999999999
1386,3,Apartment,23.008537,72.5103639,9350000.0
5742,4,Apartment,22.99061,72.6367664,66000000.0
2820,4,Apartment,23.0839289,72.6785883,16900000.0
2550,4,Apartment,23.0300762,72.5287891,19100000.0
1693,3,Apartment,22.9962826,72.516429,13500000.0
1795,3,Apartment,23.0366663,72.5492165,8257000.0
1260,3,Apartment,23.0631171,72.5255748,9500000.0
1618,4,Apartment,23.1852929,72.573897,25000000.0
3492,4,Apartment,23.0445921,72.517344,26200000.0
4100,4,Villa,23.0244466,72.5589826,32500000.0
1935,3,Apartment,23.1010002,72.5408363,8700000.0
1700,3,Apartment,23.0366663,72.5492165,10500000.0
2700,4,Apartment,23.0162473,72.4517298,12700000.0
1700,3,Apartment,23.0295113,72.4506006,7300000.0
1500,3,Apartment,23.0107147,72.4429208,7300000.0
1615,3,Apartment,23.0232163,72.4708784,11500000.0
1215,2,Apartment,23.0295113,72.4506006,6100000.0
1215,2,Apartment,23.0205008,72.4694523,5800000.0
1200,2,Apartment,23.1010002,72.5408363,5699999.999999999
1210,2,Apartment,23.1043633,72.5493536,5950000.0
4500,4,Villa,22.99061,72.6367664,40000000.0
3845,4,Apartment,23.2145657,72.6856816,19200000.0
3681,4,Villa,23.2478221,72.4852775,40000000.0
2552,3,Apartment,23.0162399,72.5438879,10500000.0
2475,3,Apartment,23.0051587,72.4568468,10800000.0
2864,3,Villa,23.0114464,72.5092934,24000000.0
2771,4,Apartment,23.0069624,72.5440056,21000000.0
1340,3,Apartment,23.0107147,72.4429208,5800000.0
850,3,Apartment,23.0107147,72.4429208,7000000.0
1215,2,Apartment,23.1010002,72.5408363,5900000.0
1403,2,Apartment,23.0516973,72.535169,8100000.000000001
1799,3,Apartment,23.0516973,72.535169,10500000.0
2285,3,Apartment,23.0310611,72.4763874,14000000.0
3341,4,Villa,23.1010002,72.5408363,17000000.0
717,2,Apartment,23.1010002,72.5408363,6250000.0
3340,3,Apartment,23.107121,72.5848584,11200000.000000002
2250,3,Apartment,23.1014697,72.5988452,11500000.0
1998,3,Apartment,23.0839289,72.6785883,7800000.0
1890,3,Apartment,23.0968937,72.6135747,11500000.0
2720,4,Apartment,23.107121,72.5848584,12200000.0
3150,4,Apartment,23.0111491,72.5132562,16000000.0
2115,3,Apartment,23.1080196,72.5915248,9500000.0
1766,3,Apartment,23.0968937,72.6135747,7800000.0
1656,4,Villa,23.2478221,72.4852775,23500000.0
3375,4,Apartment,23.0968937,72.6135747,18000000.0
3825,4,Apartment,23.0774129,72.4943545,30000000.0
2050,3,Apartment,23.0328924,72.5604427,10900000.0
2727,3,Apartment,23.0835653,72.4994023,18300000.0
3445,4,Apartment,23.1010002,72.5408363,18300000.0
1244,2,Apartment,23.0296268,72.5583652,5300000.0
2700,3,Apartment,23.0195503,72.4687169,14000000.0
1098,2,Apartment,23.0445921,72.517344,6500000.0
10269,4,Apartment,23.0215374,72.5800568,112100000.00000001
8955,2,Villa,22.9223318,72.3628172,37500000.0
2500,3,Apartment,23.0396438,72.5287209,11299999.999999998
990,2,Apartment,23.0359998,72.5643429,8500000.0
3400,4,Apartment,23.0485393,72.511742,39000000.0
1436,3,Apartment,23.0215374,72.5800568,17500000.0
3150,4,Apartment,23.0306499,72.5101971,27500000.0
2520,3,Apartment,23.166292,72.8125255,39900000.0
1224,2,Apartment,23.1010002,72.5408363,5699999.999999999
1881,3,Apartment,23.0064282,72.5064759,14500000.0
1845,3,Apartment,23.0114464,72.5092934,15500000.0
1170,2,Apartment,23.0232163,72.4708784,8500000.0
907,3,Apartment,23.0366663,72.5492165,7345000.0
3575,4,Apartment,23.1100643,72.5811205,15800000.0
1760,3,Apartment,23.0546669,72.6392596,9000000.0
3800,4,Apartment,23.0181819,72.4681909,26500000.0
1280,2,Apartment,23.0470512,72.5498248,6500000.0
2360,3,Villa,23.1010002,72.5408363,12000000.0
4130,4,Apartment,22.9824283,72.4590034,25000000.0
4455,4,Apartment,23.0931619,72.6024491,32100000.0
1885,3,Apartment,23.0232163,72.4708784,10800000.0
765,3,Apartment,23.0069624,72.5440056,8100000.000000001
3800,4,Apartment,23.0227526,72.5383118,37000000.0
1509,3,Apartment,23.0516973,72.535169,10500000.0
5310,4,Apartment,23.0176555,72.5180484,52500000.0
4385,4,Apartment,23.0716125,72.6367479,41700000.0
1950,3,Apartment,23.2413205,72.501346,9800000.0
2445,4,Apartment,23.1153559,72.5366513,32000000.0
1680,3,Apartment,23.011445,72.5864365,8800000.0
1936,3,Apartment,23.011445,72.5864365,12100000.0
2847,3,Apartment,23.0445921,72.517344,19900000.0
2512,4,Apartment,23.2524609,72.4843063,16800000.0
2950,4,Apartment,23.0310611,72.4763874,18500000.0
4100,4,Apartment,23.0445921,72.517344,28700000.0
4365,4,Apartment,23.0445921,72.517344,34900000.0
1550,3,Apartment,23.0366663,72.5492165,7200000.0
1764,3,Apartment,23.0398447,72.6298154,7840000.0
1430,3,Apartment,23.0232163,72.4708784,7300000.0
5200,4,Apartment,22.9779487,72.6314285,44200000.0
3593,4,Apartment,23.0244466,72.5589826,27700000.0
1530,3,Apartment,23.107121,72.5848584,7000000.0
2552,3,Apartment,23.0366663,72.5492165,10500000.0
2292,3,Apartment,22.9821021,72.4975186,11000000.0
4554,3,Villa,23.0674161,72.5827507,47000000.0
4400,4,Apartment,23.0111491,72.5132562,42500000.0
1815,3,Apartment,23.1634079,72.6888935,9892000.0
1800,3,Villa,23.0069624,72.5440056,26000000.0
1525,3,Apartment,23.3061466,72.3393616,12500000.0
1800,4,Apartment,23.0501392,71.9787097,30000000.0
796,3,Apartment,23.1358111,72.5818846,6700000.0
3393,4,Apartment,23.0544372,72.4720756,35000000.0
1300,2,Apartment,23.0107147,72.4429208,6000000.0
2300,3,Apartment,23.0868734,72.4835036,12900000.0
2485,3,Apartment,23.0232163,72.4708784,15000000.0
3845,4,Apartment,23.0232163,72.4708784,26300000.0
2736,4,Villa,22.9884523,72.615313,24500000.0
1100,4,Apartment,23.0063315,72.536517,15100000.0
1399,3,Apartment,23.1358111,72.5818846,7200000.0
1395,2,Apartment,23.1358111,72.5818846,5400000.0
1323,2,Apartment,23.1010002,72.5408363,6899999.999999999
1184,2,Apartment,23.1010002,72.5408363,6700000.0
1170,2,Apartment,23.1010002,72.5408363,6200000.0
1080,2,Apartment,23.1010002,72.5408363,6000000.0
1304,2,Apartment,23.2145657,72.6856816,6300000.0
1413,2,Apartment,23.1010002,72.5408363,5699999.999999999
1332,2,Apartment,23.1010002,72.5408363,6500000.0
1242,2,Apartment,23.1010002,72.5408363,6500000.0
2700,3,Apartment,23.0796581,72.4947377,15400000.0
1215,2,Apartment,23.1010002,72.5408363,6500000.0
1170,2,Apartment,23.0527565,72.5468014,5500000.0
2025,3,Apartment,23.1143235,72.5587865,16000000.0
1760,3,Apartment,23.0544372,72.4720756,8000000.0
2300,3,Apartment,23.2145657,72.6856816,13500000.0
3550,4,Apartment,23.0132056,72.4535011,15100000.0
2750,3,Apartment,23.166292,72.8125255,28200000.0
2700,4,Apartment,23.0544372,72.4720756,45100000.0
1611,3,Villa,23.0232163,72.4708784,17100000.0
3250,4,Apartment,23.0445921,72.517344,30700000.0
693,3,Villa,23.298153,72.3397926,11399999.999999998
3000,6,Villa,23.1743872,72.8270334,8500000.0
1450,3,Apartment,23.0232163,72.4708784,7100000.0
1800,3,Apartment,23.0232163,72.4708784,11500000.0
1647,3,Apartment,23.0215374,72.5800568,14600000.0
1575,3,Villa,23.069237,72.5111307,28100000.0
3655,4,Apartment,23.0544372,72.4720756,20500000.0
1761,3,Apartment,23.0544372,72.4720756,10000000.0
1760,3,Apartment,23.0544372,72.4720756,9700000.0
1750,3,Apartment,23.0544372,72.4720756,9700000.0
1755,3,Apartment,23.0544372,72.4720756,9500000.0
1000,4,Villa,23.0232163,72.4708784,11200000.000000002
1600,4,Villa,23.0232163,72.4708784,19000000.0
1800,4,Villa,23.1743872,72.8270334,17500000.0
4200,4,Apartment,23.0980012,72.7096941,22500000.0
1000,2,Apartment,23.1010002,72.5408363,13100000.0
3300,4,Apartment,23.1010002,72.5408363,19000000.0
4269,4,Apartment,23.0226117,72.5490834,30700000.0
1305,2,Apartment,23.1010002,72.5408363,6300000.0
1215,2,Apartment,23.1589328,72.5380315,6800000.000000001
1755,3,Apartment,23.0544372,72.4720756,9000000.0
3250,4,Apartment,23.1589328,72.5380315,25000000.0
3120,4,Apartment,23.0111491,72.5132562,22100000.0
2332,3,Apartment,23.017704,72.4696021,13000000.0
2466,4,Apartment,23.017704,72.4696021,14500000.0
3700,4,Apartment,23.0055252,72.5522649,17000000.0
1825,3,Apartment,23.0544372,72.4720756,8300000.0
1484,3,Apartment,23.252596,72.4840781,7700000.0
1918,3,Apartment,23.1010002,72.5408363,12500000.0
3600,4,Apartment,23.0215374,72.5800568,19800000.0
2565,3,Apartment,23.2145657,72.6856816,13899999.999999998
1200,2,Apartment,23.0257637,72.5218678,4995000.0
1290,2,Apartment,23.0366663,72.5492165,4950000.0
1200,2,Apartment,23.0366663,72.5492165,4900000.0
3151,4,Apartment,23.0716125,72.6367479,20000000.0
2360,3,Apartment,23.1010002,72.5408363,15100000.0
2164,3,Apartment,23.1589328,72.5380315,15600000.0
1966,3,Apartment,23.1589328,72.5380315,14100000.0
2133,3,Apartment,23.1490809,72.5544405,12100000.0
3250,4,Apartment,23.1153559,72.5366513,20700000.0
2440,3,Apartment,23.1153559,72.5366513,14600000.0
2350,3,Apartment,23.1153559,72.5366513,14100000.0
3445,4,Apartment,23.1010002,72.5408363,18600000.0
2645,3,Apartment,23.1010002,72.5408363,14300000.0
1278,2,Apartment,23.1358111,72.5818846,6800000.000000001
4130,4,Apartment,22.9824283,72.4590034,25600000.0
3318,4,Apartment,23.2145657,72.6856816,18100000.0
2335,3,Apartment,22.9876402,72.4714282,12800000.0
2420,3,Apartment,23.0107147,72.4429208,15000000.0
1590,3,Apartment,23.0107147,72.4429208,7000000.0
1250,2,Apartment,23.0107147,72.4429208,5150000.0
3861,4,Apartment,23.1153559,72.5366513,24900000.000000004
2046,3,Apartment,23.0135186,72.5644029,12100000.0
1775,3,Apartment,23.129015,72.5519401,11500000.0
1680,3,Apartment,23.081994,72.5519258,8800000.0
2118,3,Apartment,23.1010002,72.5408363,13500000.0
1729,3,Apartment,23.1109557,72.5539974,10300000.0
2211,4,Apartment,23.0215374,72.5800568,13000000.0
1210,2,Apartment,23.1589328,72.5380315,7000000.0
2367,3,Apartment,23.0366663,72.5492165,11800000.0
2512,4,Apartment,23.0366663,72.5492165,16800000.0
1936,3,Apartment,23.0215374,72.5800568,12200000.0
2050,3,Apartment,23.1010002,72.5408363,10500000.0
3591,4,Apartment,23.1010002,72.5408363,26000000.0
3151,4,Apartment,23.0244466,72.5589826,20500000.0
1760,3,Apartment,23.0215374,72.5800568,7700000.0
1750,3,Apartment,23.0295113,72.4506006,8000000.0
1760,3,Apartment,23.2145657,72.6856816,7600000.0
700,2,Apartment,23.2412417,72.5015488,5500000.0
858,3,Apartment,23.0107147,72.4429208,8000000.0
1759,3,Apartment,23.0107147,72.4429208,7900000.0
2070,3,Apartment,23.0366663,72.5492165,8280000.0
2586,3,Apartment,23.0215374,72.5800568,11000000.0
1340,3,Apartment,23.0012666,72.5877721,5651000.000000001
1168,2,Apartment,23.1279171,72.5487314,5750000.0
2700,4,Villa,23.1429051,72.5392248,32500000.0
1863,3,Apartment,23.1010002,72.5408363,8487000.0
2357,4,Apartment,23.2145657,72.6856816,30500000.0
1810,4,Apartment,23.0012666,72.5877721,22000000.0
1150,2,Apartment,23.0107147,72.4429208,5100000.0
1755,3,Apartment,23.0232163,72.4708784,7500000.0
1228,2,Apartment,23.0107147,72.4429208,5800000.0
1505,3,Apartment,23.0107147,72.4429208,6500000.0
3170,4,Apartment,23.0111491,72.5132562,20600000.0
2304,3,Apartment,23.0682646,72.5624497,11000000.0
1133,3,Apartment,23.1123884,72.5515273,9600000.0
1150,2,Apartment,23.1109557,72.5539974,5300000.0
1315,2,Apartment,23.2145657,72.6856816,6500000.0
1161,2,Apartment,23.1450085,72.5333041,5800000.0
536,2,Apartment,23.1655503,72.8133323,6100000.0
945,2,Apartment,23.0839289,72.6785883,4500000.0
1800,3,Apartment,23.0516973,72.535169,13500000.0
2185,3,Apartment,23.0716125,72.6367479,17500000.0
980,3,Apartment,23.0232163,72.4708784,7900000.0
1750,3,Apartment,23.0215374,72.5800568,6500000.0
1850,3,Apartment,23.0366663,72.5492165,8500000.0
1767,3,Apartment,23.1429051,72.5392248,9400000.0
1750,3,Apartment,22.9916549,72.4725923,7500000.0
1850,3,Apartment,23.0445921,72.517344,7400000.0
1250,2,Apartment,23.0107147,72.4429208,5699999.999999999
1760,3,Apartment,23.0366663,72.5492165,7480000.0
2104,4,Apartment,23.0366663,72.5492165,36500000.0
1890,3,Apartment,23.1010002,72.5408363,11500000.0
1984,3,Apartment,23.1281388,72.5476575,19000000.0
4464,4,Apartment,23.0485393,72.511742,38000000.0
3200,4,Apartment,23.0195503,72.4687169,22500000.0
4822,4,Apartment,23.0445921,72.517344,45000000.0
1800,4,Villa,23.1429051,72.5392248,22500000.0
1760,3,Apartment,23.2145657,72.6856816,7900000.0
1505,3,Apartment,23.0107147,72.4429208,6500000.0
1985,3,Apartment,23.0107147,72.4429208,12800000.0
3096,3,Apartment,23.0069624,72.5440056,9500000.0
986,3,Apartment,23.0232163,72.4708784,8300000.0
4418,4,Apartment,23.0445921,72.517344,45000000.0
3510,4,Villa,23.0231795,72.4711881,58500000.0
5400,4,Villa,23.0069624,72.5440056,75000000.0
2630,4,Apartment,23.0546669,72.6392596,22000000.0
3775,4,Apartment,23.0445921,72.517344,30000000.0
1944,3,Villa,23.0485393,72.511742,18500000.0
3225,4,Apartment,23.0546669,72.6392596,33000000.0
7857,4,Villa,23.0716125,72.6367479,95000000.0
1935,3,Apartment,23.0445921,72.517344,14200000.0
4954,4,Apartment,23.0257637,72.5218678,59000000.0
855,2,Apartment,23.298153,72.3397926,15000000.0
2248,3,Apartment,23.0967876,72.5966689,13500000.0
1936,3,Apartment,23.0087873,72.5981672,12700000.0
2925,4,Apartment,23.2353537,72.6662414,26500000.0
2400,3,Apartment,23.0111491,72.5132562,19500000.0
1850,3,Apartment,23.129015,72.5519401,11399999.999999998
1125,2,Apartment,23.0215374,72.5800568,5000000.0
2514,3,Apartment,23.081994,72.5519258,16500000.0
1737,3,Apartment,23.0519251,72.560481,11500000.0
2466,4,Apartment,23.1010002,72.5408363,16500000.0
2079,3,Apartment,23.1010002,72.5408363,13000000.0
1899,3,Apartment,23.1847361,72.6229033,9400000.0
2079,3,Apartment,23.1010002,72.5408363,12500000.0
2517,4,Apartment,23.0135186,72.5644029,16500000.0
2360,3,Apartment,23.1010002,72.5408363,11600000.0
2313,3,Apartment,23.0215374,72.5800568,11000000.0
1269,2,Apartment,23.1010002,72.5408363,6400000.0
1890,3,Apartment,23.1010002,72.5408363,12500000.0
1930,3,Apartment,23.081994,72.5519258,12200000.0
1764,3,Apartment,23.1010002,72.5408363,9500000.0
1250,2,Apartment,23.1279171,72.5487314,7000000.0
2160,3,Apartment,23.1010002,72.5408363,12000000.0
1890,3,Apartment,22.9606212,72.6328606,12500000.0
1755,3,Apartment,23.1283467,72.558657,9000000.0
1730,3,Apartment,23.1043633,72.5493536,8500000.0
1304,2,Apartment,23.0366663,72.5492165,6500000.0
1926,3,Apartment,23.0686992,72.6185497,12100000.0
1980,3,Apartment,23.1010002,72.5408363,11000000.0
1250,2,Apartment,23.1283467,72.558657,6899999.999999999
2052,3,Apartment,23.1008171,72.4946672,11500000.0
2025,3,Apartment,23.1010002,72.5408363,11000000.0
2057,3,Apartment,23.1283467,72.558657,11500000.0
1872,3,Apartment,23.1283467,72.558657,8500000.0
2141,3,Apartment,23.1010002,72.5408363,13000000.0
2835,4,Apartment,23.1010002,72.5408363,17000000.0
3700,4,Apartment,23.0485393,72.511742,35000000.0
2075,3,Apartment,23.0232163,72.4708784,13500000.0
1385,2,Apartment,23.1010002,72.5408363,6500000.0
1755,3,Apartment,23.0232163,72.4708784,8000000.0
1575,2,Apartment,23.1109557,72.5539974,7500000.0
2460,4,Apartment,23.0716125,72.6367479,13600000.000000002
3339,4,Villa,23.0901711,72.6504536,67500000.0
2115,3,Apartment,23.0111491,72.5132562,20000000.0
1170,2,Apartment,23.3061466,72.3393616,8500000.0
1525,3,Apartment,23.3061466,72.3393616,14000000.0
1600,3,Apartment,23.0130528,72.5246496,9500000.0
1665,3,Apartment,23.2072732,72.6361499,13000000.0
2400,3,Apartment,23.0546669,72.6392596,13000000.0
1500,3,Apartment,23.0284731,72.5590087,9500000.0
1890,3,Apartment,23.0255831,72.5691076,15000000.0
1485,3,Apartment,23.0255831,72.5691076,11500000.0
1600,3,Apartment,23.0130528,72.5246496,9800000.0
1800,3,Apartment,22.9884742,72.3357236,15500000.0
2261,4,Apartment,23.2145657,72.6856816,28000000.0
1760,3,Apartment,23.1683691,72.81696,8000000.0
7066,4,Apartment,23.0107147,72.4429208,42400000.0
2025,3,Apartment,23.0485393,72.511742,12500000.0
3600,4,Apartment,23.0169268,72.5204317,28800000.0
4130,4,Apartment,22.9824283,72.4590034,22700000.0
2398,3,Apartment,23.04711,72.527537,13200000.0
2627,3,Apartment,23.1010002,72.5408363,15800000.0
1251,2,Apartment,23.0079064,72.5174367,12000000.0
2211,4,Apartment,23.1109557,72.5539974,13000000.0
2304,3,Apartment,23.0445921,72.517344,17800000.0
1795,3,Apartment,23.0232163,72.4708784,8078000.0
2970,4,Apartment,23.0227526,72.5383118,27500000.0
1215,2,Apartment,23.1358111,72.5818846,5699999.999999999
1730,3,Apartment,23.1043633,72.5493536,9200000.0
900,2,Apartment,23.1109557,72.5539974,4500000.0
3885,4,Apartment,23.0535306,72.4934085,38800000.0
2790,4,Villa,23.033635,72.5169705,50000000.0
4350,4,Apartment,23.0485393,72.511742,32500000.0
3318,4,Apartment,23.0244466,72.5589826,15600000.0
3735,4,Apartment,23.0535306,72.4934085,31700000.0
4230,4,Apartment,23.027383,72.4893505,28800000.0
3900,4,Apartment,23.0281153,72.55801,29200000.0
4651,4,Apartment,22.9992107,72.5599564,35800000.0
4646,4,Apartment,23.0485393,72.511742,34800000.0
3291,4,Apartment,23.0366663,72.5492165,17000000.0
3230,4,Apartment,23.0535306,72.4934085,32500000.0
2705,4,Apartment,23.1877705,72.5739723,21500000.0
4260,4,Apartment,22.9992107,72.5599564,36200000.0
5265,4,Apartment,23.0445921,72.517344,48400000.0
3225,4,Apartment,23.0485393,72.511742,24200000.0
2400,3,Apartment,23.0111491,72.5132562,15600000.0
2394,4,Apartment,23.0485393,72.511742,52500000.0
4085,4,Apartment,23.0445921,72.517344,30600000.0
1100,2,Apartment,23.1109557,72.5539974,5100000.0
1845,3,Apartment,23.1358111,72.5818846,8000000.0
1332,3,Apartment,23.1109557,72.5539974,7200000.0
1315,2,Apartment,23.2145657,72.6856816,6800000.000000001
3475,4,Apartment,23.0535306,72.4934085,37200000.0
3150,4,Villa,23.0215374,72.5800568,45000000.0
6421,4,Apartment,23.087526,72.536757,38500000.0
4150,4,Apartment,23.081994,72.5519258,20000000.0
1210,2,Apartment,23.1043633,72.5493536,6100000.0
7470,4,Apartment,23.0366663,72.5492165,115000000.0
2511,3,Apartment,23.0796581,72.4947377,16700000.0
3224,4,Apartment,23.0169268,72.5204317,27400000.000000004
1800,4,Villa,23.0069624,72.5440056,26000000.0
1400,3,Apartment,23.0227526,72.5383118,12500000.0
2100,3,Apartment,22.8978633,72.2135675,19000000.0
2500,3,Apartment,23.0226117,72.5490834,20000000.0
2168,3,Apartment,23.1010002,72.5408363,13799999.999999998
1650,3,Apartment,23.0114464,72.5092934,15000000.0
1737,3,Apartment,23.0114464,72.5092934,20000000.0
3636,4,Apartment,23.0535306,72.4934085,32500000.0
1665,3,Apartment,23.166215,72.8145408,16500000.0
1635,3,Apartment,23.0169268,72.5204317,13500000.0
4608,4,Apartment,23.0774129,72.4943545,35700000.0
1705,3,Apartment,22.9982993,72.5043337,11000000.0
2013,3,Apartment,23.2145657,72.6856816,13500000.0
1800,3,Apartment,23.0215374,72.5800568,8221000.000000001
1340,3,Apartment,23.0107147,72.4429208,6300000.0
1340,3,Apartment,23.0107147,72.4429208,5699999.999999999
2013,3,Apartment,23.2145657,72.6856816,14500000.0
1759,3,Apartment,23.0107147,72.4429208,7800000.0
1880,3,Apartment,22.9935397,72.470143,10000000.0
1725,3,Apartment,23.0162473,72.4517298,7300000.0
5787,4,Villa,22.9728548,72.4587201,60000000.0
1783,3,Apartment,23.0215374,72.5800568,7845000.0
1440,3,Apartment,23.0154354,72.4680379,7100000.0
5883,4,Apartment,23.087526,72.536757,36500000.0
1700,3,Apartment,23.0232163,72.4708784,7650000.0
1161,2,Apartment,23.0967876,72.5966689,6500000.0
2046,3,Apartment,23.0135186,72.5644029,12000000.0
3810,4,Apartment,23.0485393,72.511742,28500000.0
2118,3,Apartment,23.0485393,72.511742,18000000.0
2065,3,Apartment,23.0485393,72.511742,16500000.0
4470,4,Apartment,23.1077038,72.643006,31700000.0
3800,4,Apartment,23.1077038,72.643006,27000000.0
8100,5,Apartment,23.0195503,72.4687169,72900000.0
5615,4,Apartment,22.9992107,72.5599564,53300000.0
4418,4,Apartment,22.9992107,72.5599564,43700000.0
4260,4,Apartment,22.9992107,72.5599564,42200000.0
8400,5,Apartment,22.9824283,72.4590034,50400000.0
7066,4,Apartment,22.9824283,72.4590034,42400000.0
2921,3,Apartment,23.286173,72.32674,17500000.0
5400,4,Apartment,23.0176555,72.5180484,54000000.0
1926,3,Apartment,22.9779487,72.6314285,16500000.0
5168,4,Apartment,23.0258294,72.5430971,47500000.0
11450,5,Apartment,23.0535306,72.4934085,143100000.0
1908,3,Apartment,22.9779487,72.6314285,16200000.000000002
5400,4,Apartment,23.0408279,72.5048295,35100000.0
5151,4,Apartment,23.0258294,72.5430971,47400000.0
3636,4,Apartment,23.0051587,72.4568468,15800000.0
3445,4,Apartment,23.0305611,72.5584223,18200000.0
2079,3,Apartment,23.0051587,72.4568468,9966000.0
2434,4,Apartment,23.129015,72.5519401,25500000.0
3403,3,Apartment,23.0111491,72.5132562,27200000.000000004
2332,3,Apartment,23.04711,72.527537,11700000.0
4524,4,Apartment,22.9992107,72.5599564,44800000.00000001
2052,3,Apartment,23.1008171,72.4946672,10000000.0
4150,4,Apartment,23.252596,72.4840781,18700000.0
4170,4,Apartment,22.9493294,72.6238761,33400000.0
4951,4,Apartment,23.0510656,72.6436615,47000000.0
4651,4,Apartment,22.9992107,72.5599564,41900000.00000001
4085,4,Apartment,22.9992107,72.5599564,35900000.0
2520,3,Apartment,23.0181819,72.4681909,13100000.0
4570,4,Apartment,22.9493294,72.6238761,36600000.0
2025,3,Apartment,22.8978633,72.2135675,15400000.0
3341,4,Apartment,23.0328924,72.5604427,17000000.0
2050,3,Apartment,23.0328924,72.5604427,10400000.0
3591,4,Apartment,23.1143235,72.5587865,19800000.0
2360,3,Apartment,23.0328924,72.5604427,12000000.0
2512,4,Apartment,23.011445,72.5864365,17000000.0
1929,3,Apartment,23.011445,72.5864365,12200000.0
3130,4,Apartment,23.0839289,72.6785883,18800000.0
2477,3,Apartment,23.0306956,72.4726787,20600000.0
3380,4,Apartment,23.0328924,72.5604427,24300000.0
4270,4,Apartment,22.9493294,72.6238761,32000000.0
1980,3,Apartment,22.8978633,72.2135675,15000000.0
2106,3,Apartment,23.1634079,72.6888935,11500000.0
8128,6,Apartment,22.99061,72.6367664,93500000.0
5450,4,Apartment,22.99061,72.6367664,62699999.99999999
2335,3,Apartment,23.0244466,72.5589826,11200000.000000002
2292,3,Apartment,23.04711,72.527537,11500000.0
9254,5,Apartment,23.087526,72.536757,66600000.0
6623,5,Apartment,22.99061,72.6367664,76200000.0
1890,3,Apartment,23.1634079,72.6888935,10300000.0
6945,5,Apartment,23.054805,72.5964358,83300000.0
2847,3,Apartment,22.9992107,72.5599564,25099999.999999996
1162,2,Apartment,23.0132056,72.4535011,5039000.0
5040,5,Apartment,22.9824283,72.4590034,30200000.0
4130,4,Apartment,22.9824283,72.4590034,24800000.0
6700,5,Apartment,23.1720602,72.5371765,80399999.99999999
4287,4,Apartment,23.0284244,72.552161,33000000.0
3151,4,Apartment,23.0244466,72.5589826,18500000.0
4941,4,Apartment,22.9992107,72.5599564,46900000.00000001
2106,3,Apartment,23.0681554,72.5428774,16000000.0
2043,3,Apartment,23.0084483,72.5684667,16000000.0
443,4,Apartment,23.1134254,72.5414761,55000000.0
2070,3,Apartment,23.1081937,72.5328119,14800000.0
3564,4,Apartment,23.0539511,72.595426,23800000.0
2178,3,Apartment,23.1429051,72.5392248,14500000.0
2124,3,Apartment,23.0439009,72.4820111,21000000.0
3825,4,Apartment,23.1281388,72.5476575,31000000.0
1989,3,Apartment,23.105132,72.6326958,32500000.0
2835,4,Apartment,23.1020055,72.5948103,45000000.0
3492,4,Apartment,23.0445921,72.517344,31000000.0
6453,4,Villa,23.0272427,72.5006121,98800000.00000001
5328,4,Villa,23.0272427,72.5006121,85900000.0
3150,3,Apartment,23.0255831,72.5691076,26000000.0
4130,4,Apartment,22.9824283,72.4590034,27300000.0
4651,4,Apartment,22.9992107,72.5599564,44100000.0
3150,4,Apartment,23.0244466,72.5589826,19000000.0
1800,4,Villa,23.0069624,72.5440056,22500000.0
1800,4,Villa,23.1647046,72.8109218,28000000.0
2700,4,Villa,22.9790982,72.4584095,28000000.0
1800,4,Villa,23.0069624,72.5440056,27500000.0
2790,4,Villa,23.0069624,72.5440056,25099999.999999996
6262,4,Apartment,23.0485393,72.511742,44500000.0
1170,2,Apartment,23.1010002,72.5408363,6000000.0
1305,2,Apartment,23.092529,72.561323,5100000.0
2286,3,Apartment,23.1010002,72.5408363,11399999.999999998
1125,2,Apartment,23.1100643,72.5811205,4500000.0
3800,4,Apartment,23.1153559,72.5366513,25000000.0
1899,3,Apartment,23.1010002,72.5408363,8400000.0
1719,4,Villa,22.9790982,72.4584095,26200000.0
2169,3,Apartment,23.081994,72.5519258,12000000.0
1815,3,Apartment,23.1283467,72.558657,12000000.0
775,2,Apartment,23.0215374,72.5800568,4600000.0
1377,2,Apartment,23.1283467,72.558657,5202000.0
2039,3,Apartment,23.081994,72.5519258,12200000.0
1413,2,Apartment,23.081994,72.5519258,7000000.0
2520,3,Apartment,23.0181819,72.4681909,16000000.0
1485,3,Apartment,23.1283467,72.558657,6800000.000000001
1332,2,Apartment,23.1010002,72.5408363,6700000.0
1100,2,Apartment,23.107121,72.5848584,4800000.0
1809,3,Apartment,23.1010002,72.5408363,9100000.0
1730,3,Apartment,23.1043633,72.5493536,8500000.0
2700,3,Apartment,23.1153559,72.5366513,17100000.0
2367,3,Apartment,23.166292,72.8125255,36000000.0
2025,4,Villa,23.0516973,72.535169,25099999.999999996
1462,2,Apartment,23.0295113,72.4506006,5200000.0
1700,3,Apartment,23.0295113,72.4506006,6600000.0
1600,4,Apartment,23.0244466,72.5589826,35100000.0
1615,3,Apartment,23.0079064,72.5174367,13500000.0
868,3,Apartment,22.9979479,72.6109077,6500000.0
968,3,Apartment,23.0399922,72.5778602,8500000.0
1505,3,Apartment,23.0107147,72.4429208,6200000.0
968,3,Apartment,23.0107147,72.4429208,7300000.0
858,3,Apartment,23.0162473,72.4517298,7800000.0
1085,2,Apartment,23.2145657,72.6856816,4800000.0
1220,2,Apartment,23.2145657,72.6856816,4200000.0
1760,3,Apartment,23.0215374,72.5800568,7500000.0
4380,4,Apartment,23.027383,72.4893505,37200000.0
3868,4,Villa,23.027383,72.4893505,32900000.0
4418,4,Villa,23.0501392,71.9787097,30900000.0
3654,5,Villa,22.9796534,72.4560834,47400000.0
8820,5,Apartment,23.1720602,72.5371765,79400000.0
2025,3,Apartment,23.0393458,72.2748933,11100000.000000002
12420,3,Villa,23.0837381,72.4449298,32700000.0
10602,4,Villa,23.0107147,72.4429208,165000000.0
1200,2,Apartment,23.0232163,72.4708784,6200000.0
872,2,Apartment,23.1123884,72.5515273,4800000.0
1150,2,Apartment,23.1109557,72.5539974,5000000.0
2313,4,Villa,23.0107147,72.4429208,38000000.0
2788,3,Apartment,23.0774129,72.4943545,18100000.0
3906,4,Apartment,23.0485393,72.511742,29100000.0
2116,3,Apartment,23.0567133,72.5508575,11600000.0
630,1,Apartment,23.0069372,72.5208415,3000000.0
630,1,Apartment,23.2770506,72.0875893,6500000.0
1890,3,Apartment,23.0567133,72.5508575,10400000.0
4378,4,Apartment,23.0485393,72.511742,32400000.000000004
2594,3,Apartment,23.096244,72.4657337,15500000.0
2050,3,Apartment,23.1010002,72.5408363,12500000.0
2259,4,Villa,23.1646919,72.5821046,34000000.0
1350,2,Apartment,23.081994,72.5519258,6300000.0
1795,3,Apartment,23.0232163,72.4708784,7571000.0
2066,3,Apartment,23.1283467,72.558657,11800000.0
3525,4,Apartment,23.0485393,72.511742,28500000.0
674,2,Apartment,23.0366663,72.5492165,4800000.0
1503,3,Apartment,23.0232163,72.4708784,7400000.0
1450,3,Apartment,23.0366663,72.5492165,7300000.0
1200,2,Apartment,23.0107147,72.4429208,5500000.0
1737,3,Apartment,23.1010002,72.5408363,7800000.0
3845,4,Apartment,23.0232163,72.4708784,22700000.0
1510,3,Apartment,23.1143235,72.5587865,6600000.0
1700,3,Apartment,23.0232163,72.4708784,8300000.0
1760,3,Apartment,23.0107147,72.4429208,7300000.0
1760,3,Apartment,22.9916549,72.4725923,11000000.0
1750,3,Apartment,23.2145657,72.6856816,9900000.0
1505,3,Apartment,23.0546669,72.6392596,7300000.0
1350,2,Apartment,23.1010002,72.5408363,5500000.0
1305,2,Apartment,23.3061466,72.3393616,8751000.0
2520,4,Apartment,23.0169268,72.5204317,19500000.0
1270,2,Apartment,23.1109557,72.5539974,6100000.0
1971,3,Apartment,23.1010002,72.5408363,12700000.0
1440,2,Apartment,23.1010002,72.5408363,5300000.0
1085,2,Apartment,23.0328924,72.5604427,5100000.0
570,1,Apartment,23.0069372,72.5208415,2500000.0
1872,3,Apartment,23.1081937,72.5328119,8800000.0
3400,4,Apartment,23.2145657,72.6856816,18500000.0
800,2,Apartment,23.1358111,72.5818846,6100000.0
850,2,Apartment,23.1010002,72.5408363,5500000.0
1730,3,Apartment,23.1043633,72.5493536,8700000.0
1760,3,Apartment,23.0107147,72.4429208,6700000.0
2700,4,Villa,22.9790982,72.4584095,27500000.0
1464,3,Apartment,23.0107147,72.4429208,16100000.000000002
1480,3,Apartment,23.0232163,72.4708784,20000000.0
968,3,Apartment,23.0154354,72.4680379,8500000.0
1680,3,Apartment,23.081994,72.5519258,7500000.0
2046,3,Apartment,23.081994,72.5519258,10000000.0
1936,3,Apartment,23.0215374,72.5800568,10200000.0
3707,4,Apartment,23.1589328,72.5380315,23500000.0
3071,4,Apartment,23.1589328,72.5380315,18000000.0
2070,3,Apartment,23.1589328,72.5380315,12300000.0
2653,3,Apartment,23.1589328,72.5380315,15000000.0
3810,4,Apartment,23.0485393,72.511742,34000000.0
3318,4,Apartment,22.9876402,72.4714282,15600000.0
1100,3,Apartment,23.0181819,72.4681909,18500000.0
3690,4,Apartment,22.9846105,72.4558477,36000000.0
1460,4,Apartment,23.04711,72.527537,21000000.0
3710,4,Apartment,23.0445921,72.517344,30500000.0
2700,4,Villa,22.9645191,72.4704112,25500000.0
3384,4,Apartment,23.0856343,72.5646439,65100000.0
1350,3,Apartment,23.1010002,72.5408363,12100000.0
1529,3,Apartment,23.0295113,72.4506006,5500000.0
1435,3,Apartment,23.0147236,72.4708066,9000000.0
2300,4,Apartment,22.9945745,72.467571,19000000.0
2638,3,Apartment,23.0012666,72.5877721,18000000.0
1465,3,Apartment,23.0408279,72.5048295,9500000.0
1450,3,Apartment,22.8118046,72.7490972,7500000.0
1729,3,Apartment,23.1109557,72.5539974,9000000.0
2295,3,Apartment,23.0366663,72.5492165,21000000.0
2025,3,Apartment,23.0386182,72.5615846,13000000.0
1113,2,Apartment,23.0166113,72.4730311,6600000.0
1937,3,Apartment,23.0493152,72.5191134,13600000.000000002
2920,4,Apartment,23.0260558,72.5031438,23500000.0
3861,4,Apartment,23.2232877,72.6492267,23000000.0
2415,4,Apartment,23.2232877,72.6492267,19300000.0
3464,4,Apartment,23.0485393,72.511742,26100000.0
4790,4,Apartment,23.0868734,72.4835036,25299999.999999996
2376,3,Apartment,23.0393458,72.2748933,12100000.0
2025,3,Apartment,22.9840852,72.6026036,14400000.0
2358,3,Apartment,23.0826563,72.6347507,16500000.0
2930,4,Apartment,23.0679712,72.6195663,25800000.0
1750,3,Apartment,23.0232163,72.4708784,8199999.999999999
1350,2,Apartment,23.1010002,72.5408363,6150000.0
1233,2,Apartment,23.0366663,72.5492165,5900000.0
1270,2,Apartment,23.1109557,72.5539974,6300000.0
3480,4,Apartment,23.0485393,72.511742,31000000.0
2564,3,Apartment,23.0246824,72.5583809,22500000.0
4385,4,Apartment,23.027383,72.4893505,48500000.0
3276,4,Apartment,23.0366663,72.5492165,48000000.0
2313,4,Apartment,23.0215374,72.5800568,35500000.0
1500,2,Apartment,23.0110669,72.5137432,8300000.0
1125,2,Apartment,23.0295113,72.4506006,5000000.0
721,1,Apartment,23.0839289,72.6785883,4000000.0
1435,3,Apartment,23.017704,72.4696021,8100000.000000001
2158,3,Apartment,23.1010002,72.5408363,18000000.0
640,1,Apartment,23.1010002,72.5408363,4800000.0
1425,2,Apartment,23.1360943,72.5425805,8000000.0
1215,2,Apartment,23.1360943,72.5425805,8300000.0
1530,3,Apartment,23.1153559,72.5366513,8500000.0
2050,3,Apartment,23.1010002,72.5408363,14000000.0
1325,2,Apartment,23.1360943,72.5425805,7200000.0
2775,4,Apartment,23.0232163,72.4708784,25000000.0
1770,3,Apartment,23.0366663,72.5492165,8000000.0
1890,3,Apartment,23.0255831,72.5691076,11000000.0
1600,3,Apartment,23.008537,72.5103639,12100000.0
1705,3,Apartment,23.0063315,72.536517,15500000.0
691,4,Villa,23.0696408,72.4410503,50000000.0
1425,2,Apartment,23.1360943,72.5425805,7500000.0
1145,2,Apartment,23.1589328,72.5380315,7700000.0
2000,3,Apartment,22.969366,72.3045954,13000000.0
1340,3,Apartment,23.0215374,72.5800568,5649999.999999999
3420,4,Apartment,23.0227526,72.5383118,32500000.0
2666,4,Apartment,23.0417971,72.4911758,28100000.0
2700,4,Apartment,23.0499206,72.5253741,17500000.0
2100,3,Apartment,23.0227526,72.5383118,18500000.0
1485,3,Apartment,23.0366663,72.5492165,6800000.000000001
4500,3,Apartment,23.0535306,72.4934085,27500000.0
1242,3,Apartment,23.0499206,72.5253741,8299000.0
1800,4,Villa,23.1221233,72.5825561,34200000.0
2619,4,Villa,23.0114464,72.5092934,51100000.0
1168,2,Apartment,23.1010002,72.5408363,6800000.000000001
323,1,Apartment,23.1109557,72.5539974,4500000.0
1760,3,Apartment,23.0232163,72.4708784,7800000.0
4095,4,Apartment,23.0716125,72.6367479,28800000.0
4810,4,Apartment,23.0510656,72.6436615,45000000.0
525,4,Apartment,23.0069624,72.5440056,71000000.0
4400,4,Apartment,23.016842,72.5909654,52500000.0
3000,4,Apartment,23.0195503,72.4687169,75000000.0
763,3,Apartment,23.0215374,72.5800568,7700000.0
2133,3,Apartment,23.1010002,72.5408363,15000000.0
1341,2,Apartment,23.1010002,72.5408363,6500000.0
2771,4,Apartment,23.0510656,72.6436615,25000000.0
2610,3,Apartment,23.107121,72.5848584,12500000.0
2116,3,Apartment,23.1634079,72.6888935,11500000.0
1215,2,Apartment,23.0205008,72.4694523,5500000.0
3600,4,Apartment,23.1358015,72.5527084,18400000.0
2960,4,Apartment,23.0232163,72.4708784,16600000.0
3480,4,Apartment,23.0485393,72.511742,32000000.0
3464,4,Apartment,23.0544372,72.4720756,28000000.0
2000,3,Apartment,23.1087086,72.662035,18500000.0
1440,3,Apartment,23.0839289,72.6785883,5500000.0
757,1,Apartment,23.0079064,72.5174367,4800000.0
954,2,Apartment,23.0676665,72.5721746,6000000.0
990,2,Apartment,23.0295113,72.4506006,4700000.0
1530,3,Apartment,23.0111491,72.5132562,11500000.0
574,1,Apartment,23.0368405,72.5535663,3400000.0000000005
1431,3,Apartment,23.1201139,72.6251307,6100000.0
1080,2,Apartment,23.0434823,72.6810611,4500000.0
996,3,Apartment,22.9519183,72.6113595,7200000.0
3672,4,Apartment,23.0226117,72.5490834,16500000.0
990,2,Apartment,23.107121,72.5848584,6500000.0
500,1,Apartment,23.0637665,72.555444,3300000.0
1242,2,Apartment,23.0360509,72.5611735,6000000.0
1431,3,Apartment,23.107121,72.5848584,8500000.0
1080,4,Apartment,23.0215374,72.5800568,15000000.0
1447,3,Apartment,23.1283467,72.558657,7000000.0
850,1,Apartment,23.0069372,72.5208415,2500000.0
1170,2,Apartment,23.0839822,72.5680865,5000000.0
1242,2,Apartment,23.083664,72.5168563,7500000.0
2000,3,Apartment,23.02314,72.5716348,8500000.0
666,2,Apartment,23.0226117,72.5490834,15000000.0
1350,2,Apartment,23.0111491,72.5132562,6500000.0
1200,2,Apartment,23.0069372,72.5208415,6500000.0
1650,3,Apartment,23.0024361,72.5204272,8500000.0
1602,3,Apartment,23.0111491,72.5132562,7500000.0
1530,4,Apartment,23.0069372,72.5208415,25000000.0
1725,3,Apartment,23.0107147,72.4429208,12500000.0
1350,2,Apartment,23.0232163,72.4708784,6500000.0
950,2,Villa,23.107121,72.5848584,10700000.0
1500,3,Apartment,23.0516973,72.535169,8000000.0
936,1,Apartment,22.9986596,72.6114013,3000000.0
2790,3,Villa,23.1358111,72.5818846,25000000.0
1200,2,Apartment,23.0967876,72.5966689,6500000.0
4752,6,Villa,23.0968937,72.6135747,25000000.0
800,2,Apartment,23.0839289,72.6785883,9000000.0
1076,3,Apartment,23.0431718,72.5626886,6500000.0
333,1,Apartment,22.9986596,72.6114013,800000.0
945,2,Apartment,22.9729765,72.5895984,2100000.0
720,1,Apartment,23.2066044,72.6305153,3800000.0
387,1,Apartment,23.0283536,72.4773833,2600000.0
1300,2,Apartment,23.1806904,72.6386269,6300000.0
990,2,Apartment,23.0854097,72.6580946,2000000.0
1503,3,Apartment,23.092529,72.561323,7500000.0
882,2,Apartment,23.0111491,72.5132562,5699999.999999999
1125,2,Apartment,23.0111491,72.5132562,2500000.0
1035,2,Apartment,23.0854097,72.6580946,4000000.0
1080,2,Apartment,23.1221233,72.5825561,4900000.0
1350,3,Apartment,23.0232163,72.4708784,7000000.0
2025,3,Apartment,23.0326231,72.5709891,12000000.0
2100,3,Apartment,23.0366663,72.5492165,12000000.0
1350,3,Apartment,23.1023628,72.5702646,6000000.0
450,1,Apartment,23.0111491,72.5132562,2500000.0
1080,2,Apartment,23.021803,72.4747707,4500000.0
570,1,Apartment,23.0295113,72.4506006,2200000.0
891,2,Apartment,23.0326231,72.5709891,3800000.0
1080,2,Apartment,23.0111491,72.5132562,6000000.0
1062,2,Apartment,22.9729765,72.5895984,3000000.0
732,1,Apartment,22.915314,72.5910498,1600000.0
1188,2,Apartment,23.1579352,72.8006066,5699999.999999999
720,1,Apartment,23.0839289,72.6785883,1500000.0
1850,3,Apartment,23.0079064,72.5174367,12500000.0
1845,3,Apartment,23.0774129,72.4943545,14000000.0
486,1,Apartment,23.0567133,72.5508575,5500000.0
1080,1,Apartment,23.0215374,72.5800568,7800000.0
1250,2,Apartment,22.9948656,72.6624431,3300000.0
900,3,Apartment,23.0057574,72.6269822,6000000.0
1395,3,Apartment,23.1632457,72.6500247,6500000.0
963,2,Apartment,23.0682646,72.5624497,7100000.0
1350,2,Apartment,23.0567133,72.5508575,9500000.0
2340,4,Apartment,23.0567133,72.5508575,10000000.0
639,2,Apartment,23.0271267,72.5226289,7000000.0
1035,2,Apartment,23.0055252,72.5522649,4000000.0
1560,3,Apartment,23.1358111,72.5818846,8000000.0
452,1,Apartment,23.1109557,72.5539974,3000000.0
2050,4,Apartment,23.1579352,72.8006066,7100000.0
1008,3,Apartment,22.9785228,72.6101796,6800000.000000001
1800,3,Apartment,23.0787426,72.6681866,10800000.0
1278,2,Apartment,23.0810804,72.6819875,5000000.0
500,2,Apartment,23.0732586,72.6508299,2500000.0
900,2,Apartment,22.7192412,72.8423906,2400000.0
1890,3,Apartment,23.0145531,72.5635432,16500000.0
1300,3,Apartment,23.0328924,72.5604427,20000000.0
900,2,Apartment,23.0226117,72.5490834,4300000.0
501,1,Apartment,23.1358111,72.5818846,4700000.0
1233,2,Villa,23.0398379,72.5276503,6250000.0
2025,3,Apartment,22.7304066,72.4368132,11500000.0
930,2,Apartment,23.0676665,72.5721746,5000000.0
1675,3,Apartment,23.0854097,72.6580946,8000000.0
2340,3,Apartment,23.1010002,72.5408363,10700000.0
1200,2,Apartment,23.0866321,72.6148095,3900000.0
200,2,Apartment,23.0687402,72.6734956,4000000.0
702,2,Apartment,23.086171,72.534872,5500000.0
1404,2,Apartment,23.0434823,72.6810611,7000000.0
850,2,Apartment,22.8278859,72.3684741,2000000.0
3303,4,Apartment,23.0226117,72.5490834,30000000.0
630,1,Apartment,23.2770506,72.0875893,3200000.0
2043,3,Apartment,22.9948656,72.6624431,8000000.0
600,2,Apartment,23.0770712,72.5890677,3800000.0
600,2,Villa,23.06384,72.5430733,6500000.0
1000,3,Apartment,23.0063315,72.536517,5500000.0
585,1,Apartment,23.0847978,72.5512141,2600000.0
432,1,Apartment,23.0056298,72.5231013,6000000.0
911,3,Apartment,23.0854097,72.6580946,30000000.0
600,1,Apartment,23.0215374,72.5800568,1200000.0
2300,2,Apartment,23.0406995,72.6822689,4800000.0
1215,2,Apartment,23.0434823,72.6810611,5200000.0
1665,3,Apartment,23.0079064,72.5174367,15000000.0
963,2,Apartment,23.0766234,72.5764197,4950000.0
1550,2,Apartment,23.0215374,72.5800568,50000000.0
936,1,Apartment,22.9986596,72.6114013,3000000.0
500,2,Apartment,23.0334462,72.5955886,20000000.0
918,2,Apartment,23.0111491,72.5132562,3800000.0
1890,3,Apartment,23.1010002,72.5408363,12000000.0
1053,2,Apartment,23.0215374,72.5800568,5500000.0
830,2,Apartment,23.107121,72.5848584,6000000.0
405,1,Apartment,23.1646919,72.5821046,1500000.0
195,1,Apartment,23.0686745,72.5358445,4000000.0
1440,3,Apartment,23.0687402,72.6734956,6400000.0
1620,3,Apartment,23.0434823,72.6810611,5500000.0
576,1,Apartment,23.0069372,72.5208415,2400000.0
999,2,Apartment,23.1634079,72.6888935,4500000.0
790,3,Apartment,23.0063315,72.536517,40000000.0
1980,3,Apartment,23.0265739,72.5489628,13500000.0
899,4,Apartment,23.0206064,72.5559452,5500000.0
990,3,Apartment,22.9986596,72.6114013,3400000.0000000005
1035,2,Apartment,23.107121,72.5848584,3500000.0
580,1,Apartment,23.2770506,72.0875893,5200000.0
810,2,Apartment,22.969366,72.3045954,4000000.0
1620,1,Villa,23.038676,72.5596366,3500000.0
711,2,Apartment,23.0111491,72.5132562,2200000.0
1345,2,Apartment,23.0434823,72.6810611,4000000.0
972,2,Apartment,23.0227526,72.5383118,6000000.0
500,1,Apartment,22.9306513,72.4407996,2100000.0
592,1,Apartment,23.107121,72.5848584,3000000.0
3000,3,Apartment,23.0215374,72.5800568,3700000.0
2800,2,Apartment,23.0215374,72.5800568,3350000.0
200,2,Apartment,23.0854097,72.6580946,4800000.0
1260,3,Apartment,23.0326231,72.5709891,9900000.0
522,1,Apartment,23.0111491,72.5132562,2700000.0
1068,2,Apartment,23.1450085,72.5333041,4600000.0
996,2,Apartment,23.0111491,72.5132562,7000000.0
810,2,Apartment,23.0111491,72.5132562,5100000.0
647,2,Apartment,22.8118046,72.7490972,5500000.0
840,2,Apartment,22.9729765,72.5895984,1600000.0
2115,3,Apartment,23.0843348,72.5919754,12700000.0
1470,4,Apartment,23.0226117,72.5490834,15000000.0
378,1,Apartment,22.9821021,72.4975186,1400000.0000000002
480,1,Apartment,23.0326231,72.5709891,2250000.0
1125,2,Apartment,23.0215374,72.5800568,6500000.0
1000,2,Apartment,23.0111491,72.5132562,7000000.0
801,1,Apartment,23.0401695,72.6625484,2500000.0
500,1,Apartment,22.9811295,72.6012948,1800000.0
1665,3,Apartment,23.0215374,72.5800568,3200000.0
765,1,Apartment,22.9317728,72.5749418,2200000.0
945,2,Apartment,23.0097167,72.5076274,5200000.0
584,1,Apartment,22.9402206,72.4567127,1000000.0
603,1,Apartment,23.2770506,72.0875893,4000000.0
900,2,Apartment,23.0226117,72.5490834,7000000.0
1305,2,Apartment,23.02314,72.5716348,5000000.0
675,1,Apartment,23.0328924,72.5604427,2550000.0
1800,3,Apartment,23.0359998,72.5643429,13500000.0
648,1,Apartment,22.9948656,72.6624431,2500000.0
1224,2,Apartment,23.0604301,72.6537943,7200000.0
1530,3,Apartment,22.9986596,72.6114013,8500000.0
1291,2,Apartment,23.0017632,72.5940885,3500000.0
1098,2,Apartment,23.0839289,72.6785883,4700000.0
800,2,Apartment,22.9317728,72.5749418,1800000.0
1350,3,Apartment,23.0145531,72.5635432,5000000.0
1170,2,Apartment,23.0232163,72.4708784,6100000.0
1500,4,Apartment,23.0445921,72.517344,12500000.0
675,1,Apartment,23.0215374,72.5800568,2000000.0
2000,3,Apartment,23.0674161,72.5827507,18000000.0
1550,3,Apartment,23.021803,72.4747707,8500000.0
1206,2,Apartment,23.107121,72.5848584,4500000.0
1000,2,Apartment,23.0854097,72.6580946,50000000.0
1980,3,Apartment,23.0145531,72.5635432,7000000.0
627,2,Apartment,23.0546669,72.6392596,3500000.0
800,2,Apartment,23.0215374,72.5800568,4000000.0
1440,3,Apartment,23.1201139,72.6251307,7500000.0
635,2,Apartment,23.2770506,72.0875893,8500000.0
575,1,Apartment,23.0241902,72.5785562,40000000.0
1350,2,Apartment,23.1153559,72.5366513,7500000.0
1450,3,Apartment,23.0031192,72.6335677,8250000.0
1200,3,Apartment,23.0567133,72.5508575,6500000.0
900,2,Apartment,23.2073429,72.6497031,4200000.0
720,1,Apartment,23.0063315,72.536517,3000000.0
1260,2,Apartment,23.0434823,72.6810611,4500000.0
1350,3,Apartment,23.0485393,72.511742,17000000.0
500,1,Apartment,22.9729765,72.5895984,1000000.0
1315,2,Apartment,23.0021947,72.561015,7900000.0
1300,3,Apartment,23.0145531,72.5635432,10500000.0
2250,4,Apartment,23.0445921,72.517344,17500000.0
765,4,Apartment,23.0215374,72.5800568,1800000.0
675,1,Apartment,23.0839289,72.6785883,1950000.0
500,1,Apartment,23.0215374,72.5800568,1500000.0
900,2,Apartment,22.9878599,72.4928926,5000000.0
1260,2,Apartment,22.9666916,72.5893488,4400000.0
2205,3,Apartment,23.0363265,72.5650744,17000000.0
1000,3,Apartment,23.0215374,72.5800568,8000000.0
1500,1,Apartment,23.0457058,72.5268056,20000000.0
720,1,Apartment,23.0839289,72.6785883,2800000.0000000005
1008,2,Apartment,22.9948656,72.6624431,3500000.0
600,1,Apartment,23.0056298,72.5231013,3000000.0
1035,2,Apartment,23.0215374,72.5800568,3200000.0
900,2,Apartment,23.0111491,72.5132562,6500000.0
500,1,Apartment,22.9589978,72.6297981,1000000.0
1494,3,Apartment,23.0398447,72.6298154,9200000.0
1963,3,Apartment,23.0111491,72.5132562,15000000.0
684,1,Apartment,22.9821021,72.4975186,2500000.0
200,1,Apartment,22.9993349,72.6245126,530000.0
621,1,Apartment,23.038742,72.6401062,1200000.0
266,1,Apartment,22.9589978,72.6297981,750000.0
1350,3,Villa,23.0567133,72.5508575,11000000.0
945,2,Apartment,23.0434823,72.6810611,40000000.0
585,1,Apartment,23.0766234,72.5764197,2800000.0000000005
1200,2,Apartment,23.0215374,72.5800568,3500000.0
2500,2,Apartment,22.9589978,72.6297981,3500000.0
630,1,Apartment,22.9729765,72.5895984,2300000.0
2000,3,Apartment,23.2072732,72.6361499,13000000.0
240,1,Apartment,23.0215374,72.5800568,4000000.0
1209,2,Apartment,23.1326018,72.2528002,5000000.0
1661,3,Apartment,23.1010002,72.5408363,8000000.0
1900,5,Apartment,23.0215374,72.5800568,7975000.0
1260,2,Apartment,23.0847978,72.5512141,6500000.0
1200,2,Apartment,23.0451612,72.6051665,2900000.0
1200,2,Apartment,23.107121,72.5848584,4200000.0
1080,3,Apartment,22.9986596,72.6114013,6000000.0
1125,2,Apartment,23.0697965,72.5524459,4800000.0
1062,2,Apartment,23.227398,72.6186173,2300000.0
950,3,Apartment,23.107121,72.5848584,90000000.0
950,2,Apartment,23.0215374,72.5800568,2100000.0
1305,2,Apartment,22.9948656,72.6624431,4800000.0
1143,2,Apartment,22.9948656,72.6624431,4500000.0
900,2,Apartment,23.1153559,72.5366513,4400000.0
1130,2,Apartment,23.2770506,72.0875893,40000000.0
1935,3,Apartment,23.1010002,72.5408363,10500000.0
600,1,Apartment,23.2770506,72.0875893,9000000.0
1015,2,Apartment,23.1646919,72.5821046,3500000.0
950,2,Apartment,23.0232163,72.4708784,4800000.0
1150,1,Villa,23.0215374,72.5800568,4000000.0
3240,4,Apartment,23.107121,72.5848584,27000000.0
2370,4,Apartment,23.021803,72.4747707,12500000.0
752,2,Apartment,23.2770506,72.0875893,40000000.0
1557,3,Apartment,23.0111491,72.5132562,11500000.0
1000,2,Apartment,23.0434823,72.6810611,5500000.0
8100,2,Apartment,23.0111491,72.5132562,5000000.0
522,1,Apartment,22.9986596,72.6114013,2500000.0
629,1,Apartment,23.0839289,72.6785883,1800000.0
1081,2,Apartment,23.0434823,72.6810611,4000000.0
1980,3,Apartment,23.1010002,72.5408363,16000000.0
1260,3,Apartment,23.0368405,72.5535663,7100000.0
360,2,Apartment,22.9853608,72.6321146,1600000.0
1050,3,Apartment,22.9993547,72.6137203,6500000.0
774,1,Apartment,23.1743872,72.8270334,1750000.0
990,2,Apartment,22.9986596,72.6114013,7500000.0
630,1,Apartment,23.0326231,72.5709891,1550000.0
1305,4,Villa,23.0676665,72.5721746,9500000.0
540,2,Apartment,22.9811295,72.6012948,2300000.0
1179,2,Apartment,23.1010002,72.5408363,7400000.0
1350,2,Apartment,23.0431718,72.5626886,6500000.0
700,1,Apartment,23.0215374,72.5800568,1300000.0
1474,2,Apartment,23.1010002,72.5408363,5500000.0
540,1,Apartment,22.9317728,72.5749418,1500000.0
774,3,Apartment,23.0295113,72.4506006,30000000.0
1800,3,Apartment,23.1010002,72.5408363,9500000.0
918,2,Apartment,23.0215374,72.5800568,10000000.0
550,1,Apartment,22.7192412,72.8423906,7500000.0
1650,3,Apartment,23.0000258,72.5051405,15500000.0
1350,2,Apartment,23.0839289,72.6785883,3650000.0
860,1,Apartment,23.0215374,72.5800568,1600000.0
1485,3,Apartment,23.021803,72.4747707,7800000.0
945,2,Apartment,23.0368405,72.5535663,6000000.0
1935,3,Apartment,23.0359998,72.5643429,15000000.0
585,1,Apartment,22.9986596,72.6114013,2500000.0
720,1,Apartment,22.915314,72.5910498,1700000.0000000002
700,3,Apartment,23.298153,72.3397926,6500000.0
3915,4,Apartment,23.0445921,72.517344,30000000.0
1890,3,Apartment,23.0968537,72.8731855,6500000.0
585,1,Apartment,22.9785228,72.6101796,2200000.0
1250,2,Apartment,23.0810804,72.6819875,4500000.0
1845,3,Apartment,23.0232163,72.4708784,6500000.0
540,1,Apartment,22.9785228,72.6101796,1700000.0000000002
585,1,Apartment,23.0854097,72.6580946,1000000.0
720,2,Apartment,22.9402206,72.4567127,1350000.0
1800,3,Apartment,23.0649034,72.5268918,9000000.0
1125,2,Apartment,23.107121,72.5848584,4099999.9999999995
765,1,Apartment,22.9867206,72.6458765,1400000.0000000002
412,1,Apartment,23.0057574,72.6269822,1500000.0
576,1,Apartment,23.0215374,72.5800568,2100000.0
1242,2,Apartment,22.9948656,72.6624431,4000000.0
1300,2,Apartment,22.995457,72.5990646,6000000.0
1000,2,Apartment,22.9986596,72.6114013,2000000.0
1350,3,Apartment,23.0567133,72.5508575,10000000.0
800,2,Apartment,23.2770506,72.0875893,5000000.0
1125,2,Apartment,22.9948656,72.6624431,3500000.0
1611,3,Apartment,23.1358111,72.5818846,6400000.0
800,4,Apartment,23.0434823,72.6810611,7000000.0
1000,2,Apartment,23.1279171,72.5487314,10000000.0
945,2,Apartment,23.0226117,72.5490834,6500000.0
650,1,Apartment,22.9811295,72.6012948,2051000.0
720,1,Apartment,23.02139,72.5892915,1300000.0
675,2,Apartment,23.0215374,72.5800568,1300000.0
1709,3,Apartment,23.021803,72.4747707,7500000.0
700,2,Apartment,23.0676665,72.5721746,2500000.0
990,2,Apartment,23.0854097,72.6580946,2200000.0
378,1,Apartment,22.9948656,72.6624431,650000.0
1470,3,Apartment,23.0434823,72.6810611,5000000.0
1116,2,Apartment,22.9986596,72.6114013,4350000.0
990,2,Apartment,23.107121,72.5848584,4000000.0
2109,3,Apartment,22.9993547,72.6137203,8000000.0
1280,1,Apartment,23.021803,72.4747707,6000000.0
1700,3,Apartment,23.0968937,72.6135747,8000000.0
765,1,Apartment,23.0233196,72.4087089,1700000.0000000002
1600,3,Apartment,23.0265739,72.5489628,8000000.0
873,2,Apartment,22.9867206,72.6458765,2500000.0
990,2,Apartment,22.9402206,72.4567127,2300000.0
1108,2,Apartment,23.0145531,72.5635432,6000000.0
666,2,Apartment,23.0011144,72.5168855,3300000.0
1350,3,Apartment,23.0017632,72.5940885,6500000.0
290,1,Apartment,23.0215374,72.5800568,2000000.0
990,2,Apartment,22.8278859,72.3684741,1450000.0
386,1,Apartment,23.0810804,72.6819875,2400000.0
720,1,Apartment,22.9986596,72.6114013,1850000.0
2100,2,Apartment,23.0265739,72.5489628,16500000.0
720,2,Apartment,23.0445921,72.517344,7500000.0
400,1,Apartment,23.0233196,72.4087089,2000000.0
630,2,Apartment,22.9986596,72.6114013,3550000.0
1500,3,Apartment,23.1010002,72.5408363,5000000.0
666,1,Apartment,23.0215374,72.5800568,2000000.0
1880,3,Apartment,22.9935397,72.470143,8500000.0
608,1,Apartment,22.9986596,72.6114013,2410000.0
450,2,Apartment,23.0406995,72.6822689,600000.0
1890,3,Apartment,23.0494863,72.5672615,12500000.0
1200,2,Apartment,23.0485393,72.511742,7500000.0
900,2,Apartment,23.0676665,72.5721746,5800000.0
1800,3,Apartment,23.0079064,72.5174367,13600000.000000002
675,1,Apartment,23.0406995,72.6822689,1300000.0
1000,2,Apartment,23.057541,72.5435085,8000000.0
1161,3,Apartment,23.0567133,72.5508575,9000000.0
775,2,Apartment,23.0233196,72.4087089,2150000.0
567,1,Apartment,23.0215374,72.5800568,1500000.0
1440,3,Apartment,23.0676665,72.5721746,9000000.0
882,1,Apartment,22.9729765,72.5895984,2000000.0
1125,2,Apartment,23.0368405,72.5535663,15000000.0
1854,3,Apartment,23.0227526,72.5383118,6899999.999999999
720,2,Apartment,22.726607,72.4411863,1351000.0
1500,3,Apartment,23.021803,72.4747707,7000000.0
1533,1,Apartment,23.0854097,72.6580946,2375000.0
3330,3,Villa,23.0227526,72.5383118,24500000.0
1944,2,Villa,23.0839289,72.6785883,3150000.0
1185,2,Apartment,22.915314,72.5910498,20000000.0
1044,2,Apartment,23.0215374,72.5800568,2200000.0
855,2,Apartment,22.9785228,72.6101796,2400000.0
900,2,Apartment,22.9993547,72.6137203,5500000.0
420,1,Apartment,22.9878599,72.4928926,2700000.0
675,2,Apartment,23.0847978,72.5512141,1700000.0000000002
1000,2,Apartment,23.107121,72.5848584,4200000.0
1638,3,Apartment,23.107121,72.5848584,7500000.0
1200,2,Apartment,23.0560952,72.6156604,3899000.0000000005
400,1,Apartment,22.9948656,72.6624431,6500000.0
645,2,Apartment,23.1283467,72.558657,3700000.0
792,2,Apartment,23.0676665,72.5721746,2800000.0000000005
750,1,Apartment,23.1153559,72.5366513,2500000.0
990,2,Apartment,23.0069372,72.5208415,4500000.0
1818,3,Apartment,23.0054726,72.531336,20000000.0
1107,2,Apartment,23.0839289,72.6785883,8500000.0
1200,3,Apartment,23.0215374,72.5800568,2700000.0
240,1,Apartment,22.9986596,72.6114013,1400000.0000000002
1733,3,Apartment,23.0674161,72.5827507,21500000.0
1422,3,Apartment,23.0787426,72.6681866,5500000.0
900,2,Apartment,22.9986596,72.6114013,2650000.0
150,1,Apartment,23.0854097,72.6580946,4000000.0
658,2,Apartment,23.0457058,72.5268056,2500000.0
1200,2,Apartment,23.0069372,72.5208415,6500000.0
1440,3,Apartment,23.021803,72.4747707,8000000.0
400,1,Apartment,23.107121,72.5848584,3000000.0
1260,2,Apartment,23.107121,72.5848584,6200000.0
425,1,Apartment,23.0809819,72.6213037,2000000.0
720,1,Apartment,22.8959246,72.6782442,30000000.0
1890,3,Apartment,23.0397618,72.5293269,15000000.0
675,2,Apartment,23.0215374,72.5800568,1400000.0000000002
1800,4,Apartment,23.0017632,72.5940885,13500000.0
1313,2,Apartment,23.0560952,72.6156604,4651000.0
612,1,Apartment,22.9785228,72.6101796,1500000.0
359,2,Apartment,23.0215374,72.5800568,2500000.0
720,1,Apartment,22.9589978,72.6297981,2000000.0
2475,3,Apartment,23.0145531,72.5635432,15000000.0
1200,2,Apartment,23.0854097,72.6580946,4300000.0
397,1,Apartment,23.02314,72.5716348,1050000.0
810,1,Apartment,23.1646919,72.5821046,3200000.0
808,1,Apartment,22.8278859,72.3684741,1400000.0000000002
810,1,Apartment,23.086171,72.534872,4000000.0
765,1,Apartment,22.9461238,72.5972209,3100000.0
684,1,Apartment,23.0326231,72.5709891,1700000.0000000002
684,1,Apartment,23.1010002,72.5408363,3300000.0
750,1,Apartment,23.1010002,72.5408363,3200000.0
600,1,Apartment,23.0567133,72.5508575,3200000.0
650,1,Apartment,22.9924509,72.3825613,1700000.0000000002
600,1,Apartment,22.9924509,72.3825613,1600000.0
720,1,Apartment,23.0556364,72.5965538,4000000.0
720,1,Apartment,23.2770506,72.0875893,3200000.0
387,1,Apartment,23.0069372,72.5208415,2300000.0
600,1,Apartment,23.0069372,72.5208415,3000000.0
549,1,Apartment,23.0215374,72.5800568,2100000.0
585,1,Apartment,23.0069372,72.5208415,2000000.0
1080,2,Apartment,23.0326231,72.5709891,3200000.0
945,2,Apartment,23.0226117,72.5490834,6500000.0
945,2,Apartment,23.0787426,72.6681866,6500000.0
1215,2,Apartment,23.0674161,72.5827507,7500000.0
1350,2,Apartment,23.0326231,72.5709891,1800000.0
1500,2,Apartment,23.0326231,72.5709891,7000000.0
855,2,Apartment,23.0326231,72.5709891,3800000.0
900,2,Apartment,23.0232163,72.4708784,4000000.0
1200,2,Apartment,23.0232163,72.4708784,5500000.0
1179,2,Apartment,23.0847978,72.5512141,5100000.0
1260,2,Apartment,23.0847978,72.5512141,4500000.0
1050,2,Apartment,23.0847978,72.5512141,3800000.0
1035,2,Apartment,23.0847978,72.5512141,4500000.0
1215,2,Apartment,23.0847978,72.5512141,5500000.0
1200,2,Apartment,22.9402206,72.4567127,2500000.0
990,2,Apartment,23.02314,72.5716348,4200000.0
1200,2,Apartment,23.02314,72.5716348,4000000.0
1108,2,Apartment,23.0145531,72.5635432,6000000.0
1000,2,Apartment,23.0145531,72.5635432,5500000.0
1296,2,Apartment,22.9924509,72.3825613,3500000.0
1125,2,Apartment,23.2401161,72.5010726,3700000.0
1200,2,Apartment,22.9924509,72.3825613,3150000.0
1116,2,Apartment,23.0111491,72.5132562,5500000.0
1080,2,Apartment,23.0876048,72.4927391,5500000.0
774,2,Apartment,23.0556364,72.5965538,4600000.0
936,2,Apartment,23.0556364,72.5965538,6000000.0
1530,2,Apartment,23.0556364,72.5965538,7000000.0
1200,2,Apartment,23.0232163,72.4708784,4300000.0
1134,2,Apartment,23.0368405,72.5535663,3200000.0
1188,2,Apartment,23.0326231,72.5709891,6700000.0
1089,2,Apartment,23.2770506,72.0875893,5600000.000000001
1035,2,Apartment,23.0400861,72.5290418,7000000.0
1250,2,Apartment,23.0400861,72.5290418,6500000.0
765,2,Apartment,23.0215374,72.5800568,5800000.0
1220,2,Apartment,23.1634079,72.6888935,5500000.0
990,2,Apartment,22.9983067,72.5184644,4500000.0
810,2,Apartment,23.0215374,72.5800568,5111000.0
1150,2,Apartment,23.0069372,72.5208415,3860000.0
850,2,Apartment,23.067695,72.5658899,4500000.0
1125,2,Apartment,23.1358111,72.5818846,5000000.0
990,3,Apartment,23.0471515,72.5527534,6200000.0
1400,3,Apartment,23.0445921,72.517344,9000000.0
1800,3,Apartment,23.0445921,72.517344,9000000.0
1550,3,Apartment,23.02314,72.5716348,4500000.0
1470,3,Apartment,23.0326231,72.5709891,6500000.0
1620,3,Apartment,23.086171,72.534872,11100000.000000002
1980,3,Apartment,23.0847978,72.5512141,9700000.0
1350,3,Apartment,23.0326231,72.5709891,6400000.0
1500,3,Apartment,23.0326231,72.5709891,8500000.0
2284,3,Apartment,23.0215374,72.5800568,16000000.0
1485,3,Apartment,23.081994,72.5519258,5950000.0
1935,3,Apartment,23.1832937,72.6400618,10000000.0
1500,3,Apartment,23.2294787,72.7273294,4800000.0
1737,3,Apartment,23.0567133,72.5508575,9000000.0
1076,3,Apartment,23.0215374,72.5800568,4000000.0
1008,3,Apartment,23.0359998,72.5643429,12000000.0
1560,3,Apartment,23.0145531,72.5635432,15000000.0
1530,3,Apartment,23.0277757,72.5412896,9500000.0
2070,3,Apartment,23.0145531,72.5635432,14500000.0
2250,3,Apartment,23.0157768,72.5132008,13000000.0
1575,3,Apartment,22.9924509,72.3825613,5100000.0
1890,3,Apartment,23.0239019,72.5669824,5500000.0
2000,3,Apartment,23.0368405,72.5535663,9500000.0
1610,3,Apartment,23.0215374,72.5800568,13000000.0
1500,3,Apartment,23.083664,72.5168563,12000000.0
1600,3,Apartment,23.0774129,72.4943545,8349000.0
1200,3,Apartment,23.0622375,72.552987,7000000.0
1350,3,Apartment,23.057541,72.5435085,6500000.0
1620,3,Apartment,23.0215374,72.5800568,9500000.0
1376,3,Apartment,23.02314,72.5716348,7500000.0
1850,3,Apartment,23.0485393,72.511742,13000000.0
2025,3,Apartment,23.0485393,72.511742,17000000.0
875,3,Apartment,23.0215374,72.5800568,9500000.0
1440,2,Apartment,23.1358111,72.5818846,5600000.000000001
1800,4,Apartment,23.0359998,72.5643429,10000000.0
1890,4,Apartment,23.0145531,72.5635432,15000000.0
1800,4,Apartment,23.0326231,72.5709891,9500000.0
2300,2,Apartment,23.0847978,72.5512141,6000000.0
1665,3,Apartment,23.0215374,72.5800568,9000000.0
1053,2,Apartment,23.057541,72.5435085,6500000.0
1100,2,Apartment,23.0111491,72.5132562,7000000.0
720,2,Apartment,22.9402206,72.4567127,1500000.0
603,1,Apartment,23.0326231,72.5709891,2500000.0
2250,3,Apartment,23.0485393,72.511742,14000000.0
1395,2,Apartment,23.0847978,72.5512141,6500000.0
1240,2,Apartment,23.0295113,72.4506006,4800000.0
1350,3,Apartment,23.0145531,72.5635432,10000000.0
800,1,Apartment,22.9821021,72.4975186,2200000.0
957,2,Apartment,22.9402206,72.4567127,2700000.0
756,1,Apartment,22.9924509,72.3825613,2800000.0000000005
1620,3,Apartment,23.0326231,72.5709891,6500000.0
990,2,Apartment,22.9924509,72.3825613,2400000.0
600,1,Apartment,23.0000258,72.5051405,3000000.0
972,2,Apartment,22.9924509,72.3825613,3000000.0
1170,3,Apartment,23.0226117,72.5490834,9000000.0
2250,3,Apartment,23.0682646,72.5624497,8500000.0
810,2,Apartment,23.0215374,72.5800568,4000000.0
2061,3,Apartment,23.0359998,72.5643429,16500000.0
2511,3,Apartment,23.0326231,72.5709891,18000000.0
1000,2,Apartment,23.0069372,72.5208415,4500000.0
2250,4,Apartment,23.0326231,72.5709891,9900000.0
720,2,Apartment,23.0215374,72.5800568,1650000.0
1800,3,Apartment,23.0359998,72.5643429,14000000.0
540,1,Apartment,23.0770712,72.5890677,2500000.0
2335,3,Apartment,23.0229809,72.5671331,16500000.0
1225,2,Apartment,23.02314,72.5716348,5500000.0
990,2,Apartment,23.0326231,72.5709891,5000000.0
800,2,Apartment,23.0145531,72.5635432,6300000.0
1170,2,Apartment,23.0326231,72.5709891,7600000.0
1728,3,Apartment,23.0359998,72.5643429,12000000.0
1185,2,Apartment,22.9821021,72.4975186,3000000.0
585,1,Apartment,22.9924509,72.3825613,1800000.0
1440,3,Apartment,23.0674161,72.5827507,7000000.0
1128,3,Apartment,23.0069372,72.5208415,6500000.0
652,2,Apartment,23.0215374,72.5800568,5100000.0
1386,3,Apartment,23.0145531,72.5635432,9700000.0
1250,3,Apartment,23.0682646,72.5624497,5500000.0
1239,2,Apartment,23.0215374,72.5800568,6800000.000000001
2115,3,Apartment,23.0159173,72.5633874,12500000.0
1200,2,Apartment,23.0556364,72.5965538,13500000.0
4300,4,Apartment,23.02314,72.5716348,50000000.0
1300,3,Apartment,23.0215374,72.5800568,6800000.000000001
1485,3,Apartment,23.1358111,72.5818846,7500000.0
750,2,Apartment,23.0326231,72.5709891,3200000.0
1026,2,Apartment,23.0326231,72.5709891,5000000.0
1134,2,Apartment,23.0215374,72.5800568,5200000.0
900,2,Apartment,23.0567133,72.5508575,4500000.0
1143,2,Apartment,23.0000258,72.5051405,7500000.0
1107,3,Apartment,23.0145531,72.5635432,7500000.0
1359,4,Apartment,23.0226117,72.5490834,9000000.0
900,2,Apartment,22.8278859,72.3684741,1500000.0
3500,4,Apartment,23.0265739,72.5489628,18000000.0
990,3,Apartment,23.0770712,72.5890677,5000000.0
630,1,Apartment,23.0682646,72.5624497,4099999.9999999995
945,2,Apartment,22.9402206,72.4567127,2100000.0
1125,2,Apartment,23.2770506,72.0875893,4800000.0
405,1,Apartment,23.0069372,72.5208415,1600000.0
774,1,Apartment,23.0069372,72.5208415,2700000.0
646,1,Apartment,23.02314,72.5716348,2500000.0
1089,3,Apartment,23.0326231,72.5709891,12000000.0
1764,3,Apartment,23.0455615,72.541361,9775000.0
1035,2,Apartment,23.1646919,72.5821046,4000000.0
1125,2,Apartment,23.0277757,72.5412896,6000000.0
900,2,Apartment,22.9402206,72.4567127,2300000.0
1180,2,Apartment,23.0215374,72.5800568,5400000.0
855,2,Apartment,23.0556364,72.5965538,5500000.0
1080,2,Apartment,23.02314,72.5716348,4500000.0
1125,3,Apartment,22.9924509,72.3825613,2800000.0000000005
1395,3,Apartment,23.1010002,72.5408363,7300000.0
540,1,Apartment,23.0069372,72.5208415,1450000.0
1755,3,Apartment,23.0326231,72.5709891,10500000.0
675,1,Apartment,22.8278859,72.3684741,1300000.0
900,2,Apartment,23.0145531,72.5635432,5600000.000000001
2106,3,Apartment,23.0556364,72.5965538,12500000.0
3000,3,Apartment,23.086171,72.534872,14000000.0
1260,2,Apartment,23.2770506,72.0875893,8000000.0
1035,2,Apartment,23.0368405,72.5535663,5500000.0
1215,2,Apartment,23.0359998,72.5643429,6000000.0
1000,2,Apartment,23.2770506,72.0875893,6000000.0
1485,4,Apartment,23.0326231,72.5709891,9000000.0
585,1,Apartment,23.0063315,72.536517,3000000.0
2124,3,Apartment,23.0847978,72.5512141,7500000.0
540,1,Apartment,23.0839289,72.6785883,1900000.0
650,1,Apartment,22.9402206,72.4567127,850000.0000000001
1125,2,Apartment,23.0839289,72.6785883,6000000.0
900,2,Apartment,23.0069372,72.5208415,3800000.0
1665,2,Apartment,23.0145531,72.5635432,10000000.0
1250,2,Apartment,23.1051351,72.5697895,8500000.0
990,2,Apartment,23.0556364,72.5965538,5500000.0
1350,2,Apartment,23.0069372,72.5208415,5600000.000000001
990,2,Apartment,23.0145531,72.5635432,5800000.0
1890,3,Apartment,23.02314,72.5716348,13000000.0
1755,3,Apartment,23.0359998,72.5643429,10000000.0
1350,3,Apartment,23.0215374,72.5800568,6500000.0
450,1,Apartment,23.0287779,72.6282364,2000000.0
648,1,Apartment,23.1010002,72.5408363,3000000.0
450,2,Apartment,22.9402206,72.4567127,1419999.9999999998
612,1,Apartment,23.2770506,72.0875893,3250000.0
3250,4,Apartment,23.0494863,72.5672615,25000000.0
810,2,Apartment,23.0326231,72.5709891,4099999.9999999995
1575,2,Apartment,23.0368405,72.5535663,2500000.0
900,3,Apartment,23.1360943,72.5425805,6500000.0
1035,2,Apartment,23.2896948,72.8259353,6000000.0
1170,2,Apartment,23.0232163,72.4708784,5000000.0
1170,2,Apartment,23.1010002,72.5408363,6000000.0
680,1,Apartment,23.0326231,72.5709891,1751000.0
1845,3,Apartment,23.0232163,72.4708784,6000000.0
360,1,Apartment,22.9402206,72.4567127,625000.0
1125,2,Apartment,23.0069372,72.5208415,5500000.0
2430,4,Apartment,23.0232163,72.4708784,13600000.000000002
1170,3,Apartment,23.0682646,72.5624497,6500000.0
1620,3,Apartment,23.0111491,72.5132562,7000000.0
1710,3,Apartment,23.1283467,72.558657,6300000.0
1000,2,Apartment,22.983483,72.5007203,4099999.9999999995
1188,2,Apartment,23.0295113,72.4506006,3200000.0
900,2,Apartment,23.0295113,72.4506006,4000000.0
990,2,Apartment,23.0839289,72.6785883,2000000.0
1323,2,Apartment,22.9924509,72.3825613,3100000.0
2349,3,Apartment,23.0232163,72.4708784,5000000.0
600,1,Apartment,23.0847978,72.5512141,1700000.0000000002
1215,3,Apartment,23.0111491,72.5132562,6500000.0
1400,2,Apartment,23.0326231,72.5709891,3200000.0
900,2,Apartment,23.0069372,72.5208415,4000000.0
1323,2,Apartment,23.0847978,72.5512141,6000000.0
720,1,Apartment,22.9924509,72.3825613,2000000.0
300,1,Apartment,22.9402206,72.4567127,600000.0
1125,2,Apartment,23.0215374,72.5800568,15000000.0
1440,3,Apartment,23.0326231,72.5709891,8000000.0
540,1,Apartment,22.9402206,72.4567127,1000000.0
1386,3,Apartment,23.0145531,72.5635432,7600000.0
990,2,Apartment,22.9821021,72.4975186,4000000.0
1125,2,Apartment,23.0326231,72.5709891,9200000.0
1503,3,Apartment,23.0847978,72.5512141,7500000.0
1440,3,Apartment,23.273674,72.3225573,6200000.0
900,2,Apartment,23.0069372,72.5208415,3000000.0
785,2,Apartment,22.9924509,72.3825613,2200000.0
918,2,Apartment,23.0215374,72.5800568,6500000.0
2250,3,Apartment,23.0485393,72.511742,16000000.0
1485,3,Apartment,23.0485393,72.511742,9500000.0
900,2,Apartment,23.0682646,72.5624497,5000000.0
1017,2,Apartment,23.0326231,72.5709891,2500000.0
819,1,Apartment,23.0326231,72.5709891,2300000.0
720,2,Apartment,23.0326231,72.5709891,1100000.0
1700,3,Apartment,23.0360509,72.5611735,9800000.0
549,1,Apartment,23.0069372,72.5208415,2700000.0
1575,3,Apartment,23.0556364,72.5965538,7500000.0
1269,2,Apartment,23.0063315,72.536517,7500000.0
800,2,Apartment,23.0215374,72.5800568,2700000.0
1125,3,Apartment,23.0215374,72.5800568,7500000.0
1170,2,Apartment,23.0069372,72.5208415,6000000.0
810,1,Apartment,22.9924509,72.3825613,1800000.0
775,2,Apartment,22.9821021,72.4975186,2500000.0
900,2,Apartment,23.0326231,72.5709891,6500000.0
1100,2,Apartment,23.0494863,72.5672615,5000000.0
783,1,Apartment,23.0069372,72.5208415,3000000.0
640,1,Apartment,23.0215374,72.5800568,2000000.0
990,2,Apartment,22.9821021,72.4975186,5000000.0
800,1,Apartment,23.0264444,72.5120935,3600000.0
1215,2,Apartment,22.9821021,72.4975186,4500000.0
2360,3,Apartment,23.1360943,72.5425805,16000000.0
1035,2,Apartment,23.0847978,72.5512141,4200000.0
1179,2,Apartment,23.1010002,72.5408363,4500000.0
720,1,Apartment,23.02314,72.5716348,5000000.0
1140,2,Apartment,23.0326231,72.5709891,7500000.0
900,2,Apartment,23.1811486,72.63985,4000000.0
612,1,Apartment,23.0215374,72.5800568,2800000.0000000005
1800,3,Apartment,22.9924509,72.3825613,5500000.0
1665,3,Apartment,23.0755432,72.5652278,12500000.0
1665,3,Apartment,23.0226117,72.5490834,10000000.0
900,2,Apartment,23.0063315,72.536517,5000000.0
1550,3,Apartment,23.0215374,72.5800568,8500000.0
360,1,Apartment,23.02314,72.5716348,700000.0000000001
630,1,Apartment,22.9402206,72.4567127,1880000.0
900,3,Apartment,23.0359998,72.5643429,12000000.0
1440,3,Apartment,23.0215374,72.5800568,7500000.0
1800,3,Apartment,23.0326231,72.5709891,13000000.0
1000,2,Apartment,23.2770506,72.0875893,6500000.0
1215,3,Apartment,23.0226117,72.5490834,10000000.0
990,2,Apartment,23.1010002,72.5408363,6000000.0
1440,3,Apartment,23.0145531,72.5635432,11500000.0
3240,4,Apartment,23.2120774,72.6859769,21000000.0
600,2,Apartment,23.0359998,72.5643429,4500000.0
960,2,Apartment,22.9924509,72.3825613,1700000.0000000002
2250,3,Apartment,23.0215374,72.5800568,14000000.0
540,1,Apartment,23.1634079,72.6888935,1500000.0
1108,2,Apartment,23.0326231,72.5709891,4500000.0
1180,2,Apartment,23.081994,72.5519258,5500000.0
2880,4,Apartment,23.0145531,72.5635432,24000000.0
1575,3,Apartment,23.0940395,72.5449519,7200000.0
990,2,Apartment,23.0011144,72.5168855,4000000.0
972,2,Apartment,22.9924509,72.3825613,1800000.0
2385,3,Apartment,23.0359998,72.5643429,16000000.0
432,1,Apartment,23.0069372,72.5208415,1000000.0
2250,4,Apartment,23.0359998,72.5643429,13500000.0
693,1,Apartment,22.9402206,72.4567127,1900000.0
1150,2,Apartment,23.0682646,72.5624497,6000000.0
1520,3,Apartment,23.1010002,72.5408363,7800000.0
1458,3,Apartment,23.0111491,72.5132562,7000000.0
1000,2,Apartment,23.02314,72.5716348,2800000.0000000005
1000,2,Apartment,23.067695,72.5658899,5500000.0
1350,2,Apartment,23.02314,72.5716348,5100000.0
645,1,Apartment,22.8278859,72.3684741,1000000.0
658,1,Apartment,22.9402206,72.4567127,1800000.0
1863,3,Apartment,23.0682646,72.5624497,9200000.0
1485,3,Apartment,23.0145531,72.5635432,11500000.0
1260,2,Apartment,23.0111491,72.5132562,5200000.0
1026,2,Apartment,23.0770712,72.5890677,5000000.0
1100,2,Apartment,23.0329263,72.4259729,3600000.0
2898,4,Apartment,23.0494863,72.5672615,15500000.0
1485,3,Apartment,23.0145531,72.5635432,7500000.0
700,2,Apartment,23.0011144,72.5168855,3200000.0
485,1,Apartment,22.9924509,72.3825613,1450000.0
1200,2,Apartment,23.0069372,72.5208415,3100000.0
945,2,Apartment,23.0226117,72.5490834,6600000.0
1800,3,Apartment,22.9797925,72.4548655,20000000.0
1111,3,Apartment,23.0215374,72.5800568,6500000.0
792,1,Apartment,22.9924509,72.3825613,2000000.0
927,2,Apartment,22.9402206,72.4567127,2600000.0
1500,3,Apartment,23.0544372,72.4720756,8500000.0
1630,3,Apartment,23.0567133,72.5508575,11100000.000000002
2475,4,Apartment,23.0774129,72.4943545,23500000.0
1877,3,Apartment,23.0326231,72.5709891,10000000.0
720,2,Apartment,22.9402206,72.4567127,1350000.0
900,2,Apartment,23.0215374,72.5800568,2000000.0
972,2,Apartment,22.9924509,72.3825613,1500000.0
600,1,Apartment,23.1010002,72.5408363,3200000.0
1890,3,Apartment,23.0145531,72.5635432,11000000.0
561,2,Apartment,22.8278859,72.3684741,1500000.0
630,1,Apartment,22.9402206,72.4567127,1100000.0
972,2,Apartment,22.9924509,72.3825613,1200000.0
720,2,Apartment,23.0215374,72.5800568,5800000.0
1800,2,Apartment,23.0567133,72.5508575,7000000.0
750,1,Apartment,23.0847978,72.5512141,2500000.0
700,1,Apartment,22.9924509,72.3825613,1500000.0
765,2,Apartment,23.0215374,72.5800568,5800000.0
1728,3,Apartment,23.2294787,72.7273294,5000000.0
1812,3,Apartment,22.9800511,72.451563,9000000.0
972,2,Apartment,22.9924509,72.3825613,1600000.0
1600,3,Apartment,23.0295113,72.4506006,7000000.0
1089,2,Apartment,23.2770506,72.0875893,4200000.0
945,2,Apartment,23.0326231,72.5709891,4600000.0
792,1,Apartment,22.8278859,72.3684741,1250000.0
1890,3,Apartment,23.0359998,72.5643429,14500000.0
630,1,Apartment,23.0069372,72.5208415,2000000.0
800,1,Apartment,23.0295113,72.4506006,2200000.0
1170,2,Apartment,23.0215374,72.5800568,5000000.0
2070,3,Apartment,23.1132827,72.6583896,18500000.0
610,1,Apartment,22.9402206,72.4567127,1500000.0
1980,4,Apartment,23.0494863,72.5672615,9500000.0
990,2,Apartment,23.0567133,72.5508575,6300000.0
900,2,Apartment,23.0368405,72.5535663,5000000.0
1100,3,Apartment,23.0567133,72.5508575,6262000.0
2500,4,Apartment,23.0359998,72.5643429,20200000.0
1620,3,Apartment,23.067695,72.5658899,6000000.0
990,2,Apartment,22.9821021,72.4975186,3000000.0
648,1,Apartment,23.2770506,72.0875893,3700000.0
1764,3,Apartment,23.0494863,72.5672615,10600000.0
531,1,Apartment,23.0069372,72.5208415,2000000.0
990,2,Apartment,23.0326231,72.5709891,6500000.0
2772,6,Apartment,23.0674161,72.5827507,20000000.0
1575,3,Apartment,23.1010002,72.5408363,7500000.0
405,1,Apartment,23.0069372,72.5208415,1800000.0
1413,2,Apartment,23.0145531,72.5635432,13000000.0
1500,3,Apartment,23.0368405,72.5535663,6000000.0
675,1,Apartment,22.8278859,72.3684741,1700000.0000000002
1980,3,Apartment,23.0567133,72.5508575,13500000.0
1305,3,Apartment,23.0567133,72.5508575,9500000.0
1233,2,Apartment,23.0295113,72.4506006,5400000.0
560,1,Apartment,22.9402206,72.4567127,1000000.0
1566,3,Apartment,23.1010002,72.5408363,7500000.0
1080,2,Apartment,23.0682238,72.5640995,4400000.0
2250,4,Apartment,23.0111491,72.5132562,10000000.0
1485,4,Apartment,23.0145531,72.5635432,7500000.0
2115,3,Apartment,23.0485393,72.511742,18500000.0
819,2,Apartment,23.0599213,72.5807667,4500000.0
1620,3,Apartment,23.0494863,72.5672615,10000000.0
810,2,Apartment,23.0326231,72.5709891,6000000.0
1080,2,Apartment,23.2770506,72.0875893,5200000.0
810,1,Apartment,22.9402206,72.4567127,1700000.0000000002
1440,3,Apartment,23.1283467,72.558657,6000000.0
945,2,Apartment,23.02314,72.5716348,4400000.0
450,1,Apartment,23.0111491,72.5132562,2800000.0000000005
1800,3,Apartment,23.0556364,72.5965538,9500000.0
850,2,Apartment,23.2770506,72.0875893,6000000.0
972,2,Apartment,22.9924509,72.3825613,2000000.0
2205,4,Apartment,23.0111491,72.5132562,19000000.0
1458,4,Apartment,23.0326231,72.5709891,7000000.0
981,2,Apartment,23.0847978,72.5512141,4200000.0
1467,3,Apartment,23.1360943,72.5425805,7000000.0
972,2,Apartment,22.9924509,72.3825613,1250000.0
1215,3,Apartment,23.0326231,72.5709891,4500000.0
1350,2,Apartment,23.0145531,72.5635432,7200000.0
630,1,Apartment,23.0368405,72.5535663,1800000.0
1287,3,Apartment,23.0457058,72.5268056,8500000.0
1980,4,Apartment,23.0770712,72.5890677,13500000.0
2484,4,Apartment,23.0326231,72.5709891,22500000.0
1150,2,Apartment,23.0839289,72.6785883,4000000.0
1125,3,Apartment,23.0770712,72.5890677,9600000.0
1400,2,Apartment,23.0556364,72.5965538,8600000.0
990,2,Apartment,23.0770712,72.5890677,4000000.0
1330,2,Apartment,23.0326231,72.5709891,9000000.0
810,2,Apartment,23.0232163,72.4708784,3900000.0
1125,2,Apartment,23.0232163,72.4708784,5500000.0
675,1,Apartment,23.0326231,72.5709891,2500000.0
2790,4,Apartment,23.0226117,72.5490834,20000000.0
1412,2,Apartment,22.9800511,72.451563,4500000.0
351,1,Apartment,23.0215374,72.5800568,800000.0
1500,2,Apartment,23.0839289,72.6785883,7500000.0
1800,3,Apartment,23.0226117,72.5490834,11500000.0
1260,3,Apartment,23.0682646,72.5624497,10500000.0
1485,3,Apartment,23.0215374,72.5800568,9200000.0
1080,2,Apartment,23.0232163,72.4708784,4950000.0
1350,2,Apartment,23.0326231,72.5709891,4400000.0
1575,3,Apartment,23.02314,72.5716348,9000000.0
1170,2,Apartment,23.0295113,72.4506006,2900000.0
1044,2,Apartment,23.086171,72.534872,4500000.0
950,2,Apartment,23.0226117,72.5490834,6500000.0
1400,3,Apartment,23.0215374,72.5800568,6000000.0
1200,2,Apartment,23.0295113,72.4506006,3500000.0
868,2,Apartment,23.0069372,72.5208415,3400000.0000000005
1100,2,Apartment,23.0069372,72.5208415,4000000.0
1350,2,Apartment,22.9800511,72.451563,5000000.0
999,2,Apartment,23.0215374,72.5800568,4200000.0
1035,2,Apartment,23.02314,72.5716348,4200000.0
1629,3,Apartment,23.1283467,72.558657,6600000.0
1500,4,Apartment,23.0215374,72.5800568,7000000.0
1440,3,Apartment,23.1358111,72.5818846,6500000.0
1050,2,Apartment,23.0445921,72.517344,7500000.0
1170,2,Apartment,23.0145531,72.5635432,5500000.0
2160,3,Apartment,23.0485393,72.511742,11100000.000000002
808,1,Apartment,22.8278859,72.3684741,1225000.0
1827,3,Apartment,23.0145531,72.5635432,12500000.0
720,2,Apartment,23.1634079,72.6888935,1200000.0
990,2,Apartment,23.0277757,72.5412896,5699999.999999999
855,1,Apartment,23.0000258,72.5051405,4500000.0
2700,4,Apartment,23.0359998,72.5643429,18000000.0
945,1,Apartment,23.0215374,72.5800568,2100000.0
1450,3,Apartment,23.0111491,72.5132562,10000000.0
1500,3,Apartment,23.0215374,72.5800568,5200000.0
1073,2,Apartment,23.0069372,72.5208415,5500000.0
405,1,Apartment,23.0847978,72.5512141,1700000.0000000002
765,2,Apartment,23.0215374,72.5800568,5800000.0
675,2,Apartment,23.2770506,72.0875893,5800000.0
700,3,Apartment,23.0326231,72.5709891,3200000.0
1260,2,Apartment,23.1010002,72.5408363,5600000.000000001
1079,3,Apartment,23.0368405,72.5535663,7500000.0
990,2,Apartment,22.8278859,72.3684741,1300000.0
1793,3,Apartment,23.0556364,72.5965538,13500000.0
930,3,Apartment,23.0326231,72.5709891,8199999.999999999
2700,3,Apartment,23.0326231,72.5709891,17500000.0
1350,3,Apartment,23.0145531,72.5635432,7250000.0
1665,3,Apartment,23.0359998,72.5643429,9900000.0
1170,2,Apartment,23.0215374,72.5800568,5300000.0
1170,2,Apartment,23.0326231,72.5709891,3800000.0
1251,2,Apartment,23.0567133,72.5508575,8500000.0
1440,3,Apartment,23.1360943,72.5425805,8000000.0
1035,2,Apartment,23.0215374,72.5800568,2000000.0
650,1,Apartment,22.9402206,72.4567127,1700000.0000000002
1485,2,Apartment,23.2770506,72.0875893,8500000.0
612,1,Apartment,22.9402206,72.4567127,1600000.0
900,2,Apartment,22.9402206,72.4567127,2000000.0
2160,3,Apartment,23.0145531,72.5635432,13100000.0
3000,4,Apartment,23.0359998,72.5643429,24000000.0
1530,3,Apartment,23.0544372,72.4720756,9500000.0
1125,2,Apartment,22.9924509,72.3825613,3000000.0
1440,3,Apartment,23.0556364,72.5965538,7500000.0
1350,2,Apartment,23.0326231,72.5709891,6800000.000000001
1320,1,Apartment,23.086171,72.534872,4200000.0
1260,2,Apartment,23.0215374,72.5800568,5100000.0
600,1,Apartment,22.9402206,72.4567127,1200000.0
990,3,Apartment,23.0556364,72.5965538,6500000.0
936,2,Apartment,23.0215374,72.5800568,7500000.0
630,1,Apartment,22.9402206,72.4567127,1000000.0
720,2,Apartment,23.0326231,72.5709891,4000000.0
790,2,Apartment,23.0111491,72.5132562,1700000.0000000002
2250,3,Apartment,23.0145531,72.5635432,9000000.0
810,2,Apartment,23.0326231,72.5709891,2800000.0000000005
1188,2,Apartment,23.02314,72.5716348,7500000.0
510,2,Apartment,22.9821021,72.4975186,2500000.0
1305,3,Apartment,23.0326231,72.5709891,6500000.0
1665,3,Apartment,23.02314,72.5716348,8000000.0
720,1,Apartment,23.2770506,72.0875893,3000000.0
990,2,Apartment,23.0326231,72.5709891,6200000.0
972,2,Apartment,22.9924509,72.3825613,2000000.0
1107,2,Apartment,22.9924509,72.3825613,2700000.0
1170,3,Apartment,23.0567133,72.5508575,8000000.0
1125,2,Apartment,23.0215374,72.5800568,3200000.0
475,1,Apartment,23.0215374,72.5800568,3800000.0
800,2,Apartment,22.8278859,72.3684741,1700000.0000000002
600,2,Apartment,23.0326231,72.5709891,3000000.0
1035,2,Apartment,23.0847978,72.5512141,4500000.0
1359,2,Apartment,23.1010002,72.5408363,6500000.0
1791,3,Apartment,23.0056298,72.5231013,10000000.0
990,2,Apartment,23.0556364,72.5965538,6000000.0
2250,3,Apartment,23.0226117,72.5490834,25000000.0
567,2,Apartment,22.9821021,72.4975186,2700000.0
1143,2,Apartment,23.1153559,72.5366513,5250000.0
1224,3,Apartment,23.0145531,72.5635432,10500000.0
972,2,Apartment,22.9924509,72.3825613,1800000.0
1800,3,Apartment,23.0215374,72.5800568,13000000.0
1539,3,Apartment,23.0215374,72.5800568,8000000.0
603,1,Apartment,22.8278859,72.3684741,1200000.0
765,2,Apartment,23.0567133,72.5508575,3800000.0
1485,3,Apartment,23.2770506,72.0875893,10000000.0
972,2,Apartment,22.9924509,72.3825613,2020000.0000000002
990,2,Apartment,22.9821021,72.4975186,3800000.0
693,1,Apartment,22.9402206,72.4567127,1600000.0
920,2,Apartment,23.0226117,72.5490834,5000000.0
1062,2,Apartment,23.0544372,72.4720756,5500000.0
630,1,Apartment,23.2770506,72.0875893,3150000.0
2340,3,Apartment,23.0229809,72.5671331,13500000.0
400,1,Apartment,23.0839289,72.6785883,2000000.0
1250,2,Apartment,23.0111491,72.5132562,2500000.0
450,1,Apartment,23.0069372,72.5208415,2651000.0
580,1,Apartment,22.9402206,72.4567127,1200000.0
720,2,Apartment,23.0145531,72.5635432,6500000.0
780,1,Apartment,22.9924509,72.3825613,2230000.0
855,1,Apartment,23.3254747,72.0554467,4000000.0
900,2,Apartment,22.8278859,72.3684741,1500000.0
1200,2,Apartment,23.0295113,72.4506006,7000000.0
1035,2,Apartment,23.0770712,72.5890677,4500000.0
990,2,Apartment,23.0494863,72.5672615,4200000.0
1125,2,Apartment,23.1360943,72.5425805,4800000.0
1800,3,Apartment,23.0215374,72.5800568,8000000.0
650,1,Apartment,23.114943,72.581545,1250000.0
1125,2,Apartment,23.0567133,72.5508575,5500000.0
1050,2,Apartment,23.0232163,72.4708784,4800000.0
720,1,Apartment,22.9402206,72.4567127,1800000.0
1278,2,Apartment,23.0326231,72.5709891,2500000.0
1088,2,Apartment,22.9924509,72.3825613,2750000.0
1170,2,Apartment,23.0368405,72.5535663,6800000.000000001
1080,1,Apartment,22.9924509,72.3825613,2000000.0
1500,3,Apartment,23.0215374,72.5800568,6000000.0
585,1,Apartment,23.0366663,72.5492165,1400000.0000000002
720,2,Apartment,23.0400861,72.5290418,3800000.0
1500,3,Apartment,23.0226117,72.5490834,8500000.0
1530,3,Apartment,23.0145531,72.5635432,11500000.0
1035,2,Apartment,23.0226117,72.5490834,4500000.0
920,2,Apartment,23.0326231,72.5709891,7300000.0
774,2,Apartment,23.0215374,72.5800568,4000000.0
1250,3,Apartment,23.0226117,72.5490834,8500000.0
1035,2,Apartment,23.0295113,72.4506006,4000000.0
927,2,Apartment,23.067695,72.5658899,3600000.0
1854,2,Apartment,23.1283467,72.558657,6500000.0
990,2,Apartment,23.067695,72.5658899,2800000.0000000005
1400,3,Apartment,23.0215374,72.5800568,3000000.0
646,1,Apartment,23.0839289,72.6785883,2400000.0
1260,3,Apartment,23.0145531,72.5635432,9700000.0
1215,3,Apartment,22.9846105,72.4558477,7000000.0
1359,2,Apartment,23.0682646,72.5624497,9000000.0
1035,2,Apartment,23.0494863,72.5672615,6000000.0
1900,3,Apartment,23.0494863,72.5672615,13000000.0
990,2,Apartment,22.9402206,72.4567127,2500000.0
1125,2,Apartment,23.1358111,72.5818846,4500000.0
1224,2,Apartment,22.9924509,72.3825613,3200000.0
700,1,Apartment,23.0368405,72.5535663,3200000.0
600,1,Apartment,23.0215374,72.5800568,2100000.0
559,1,Apartment,22.9821021,72.4975186,2200000.0
954,2,Apartment,23.0232163,72.4708784,4200000.0
900,2,Apartment,23.0326231,72.5709891,2400000.0
1080,2,Apartment,23.0232163,72.4708784,5200000.0
1665,3,Apartment,23.0079064,72.5174367,10000000.0
1500,3,Apartment,23.0215374,72.5800568,6000000.0
1200,2,Apartment,23.0368405,72.5535663,7000000.0
1512,3,Apartment,23.0556364,72.5965538,20000000.0
1782,3,Apartment,23.0329263,72.4259729,14000000.0
1350,2,Apartment,23.057541,72.5435085,7000000.0
1710,3,Apartment,23.0111491,72.5132562,8500000.0
2970,6,Apartment,23.0544372,72.4720756,18000000.0
1809,3,Apartment,23.057541,72.5435085,25000000.0
918,2,Apartment,23.02314,72.5716348,5500000.0
1000,2,Apartment,23.0265739,72.5489628,7000000.0
1350,3,Apartment,23.0567133,72.5508575,8500000.0
450,1,Apartment,23.0839289,72.6785883,1200000.0
1260,2,Apartment,22.9924509,72.3825613,3100000.0
900,2,Apartment,23.0056298,72.5231013,3000000.0
2097,3,Apartment,23.0326231,72.5709891,13000000.0
1000,2,Apartment,23.2770506,72.0875893,7000000.0
1080,2,Apartment,23.0326231,72.5709891,5000000.0
1455,2,Apartment,23.0232163,72.4708784,6000000.0
950,2,Apartment,23.02314,72.5716348,9000000.0
1500,3,Apartment,23.086171,72.534872,6500000.0
2250,3,Apartment,23.0485393,72.511742,13500000.0
1600,3,Apartment,23.0145531,72.5635432,9000000.0
1710,3,Apartment,23.0232163,72.4708784,10000000.0
752,2,Apartment,23.0063315,72.536517,4720000.0
1305,3,Apartment,23.0145531,72.5635432,7000000.0
900,2,Apartment,22.8278859,72.3684741,1500000.0
1710,3,Apartment,23.0226117,72.5490834,8500000.0
639,1,Apartment,23.0847978,72.5512141,3000000.0
2124,3,Apartment,23.0847978,72.5512141,7500000.0
1215,3,Apartment,23.0145531,72.5635432,7100000.0
1125,3,Apartment,23.0359998,72.5643429,9500000.0
2070,4,Apartment,23.0145531,72.5635432,14000000.0
1665,3,Apartment,23.0326231,72.5709891,8000000.0
500,1,Apartment,23.2770506,72.0875893,3000000.0
1125,2,Apartment,23.067695,72.5658899,6000000.0
3060,4,Apartment,23.0368405,72.5535663,30000000.0
1350,3,Apartment,23.0326231,72.5709891,11000000.0
950,2,Apartment,23.0360509,72.5611735,12000000.0
1098,3,Apartment,23.0567133,72.5508575,12500000.0
1200,2,Apartment,23.0295113,72.4506006,4800000.0
1287,2,Apartment,23.086171,72.534872,6000000.0
1000,2,Apartment,22.8278859,72.3684741,1800000.0
1710,3,Apartment,22.9924509,72.3825613,7000000.0
1200,2,Apartment,23.0567133,72.5508575,4000000.0
800,2,Apartment,23.0226117,72.5490834,4800000.0
945,2,Apartment,23.0697965,72.5524459,5500000.0
1800,3,Apartment,23.0111491,72.5132562,14000000.0
900,2,Apartment,23.0326231,72.5709891,4500000.0
2070,3,Apartment,23.1579352,72.8006066,7800000.0
315,1,Apartment,23.0063315,72.536517,1200000.0
1200,2,Apartment,23.0567133,72.5508575,7000000.0
1395,3,Apartment,23.0145531,72.5635432,6500000.0
648,1,Apartment,22.9402206,72.4567127,1700000.0000000002
1836,3,Apartment,23.069237,72.5111307,13500000.0
2500,3,Apartment,23.0359998,72.5643429,12000000.0
1458,3,Apartment,23.02314,72.5716348,9500000.0
1611,3,Apartment,23.0215374,72.5800568,6100000.0
990,2,Apartment,23.0359998,72.5643429,7000000.0
1386,3,Apartment,23.0145531,72.5635432,7600000.0
1548,4,Apartment,23.0445921,72.517344,13000000.0
900,2,Apartment,23.2770506,72.0875893,5000000.0
2000,4,Apartment,23.0265739,72.5489628,12500000.0
1250,2,Apartment,23.0326231,72.5709891,3200000.0
1215,2,Apartment,23.0215374,72.5800568,6000000.0
1800,3,Apartment,23.0215374,72.5800568,17000000.0
1710,3,Apartment,23.0326231,72.5709891,11000000.0
1128,3,Apartment,23.0069372,72.5208415,5200000.0
1926,3,Apartment,23.0359998,72.5643429,9200000.0
1152,3,Apartment,23.0494863,72.5672615,8500000.0
900,2,Apartment,23.0567133,72.5508575,12500000.0
1500,3,Apartment,23.0359998,72.5643429,11000000.0
1260,2,Apartment,23.0556364,72.5965538,9500000.0
747,1,Apartment,22.9402206,72.4567127,1700000.0000000002
1926,3,Apartment,23.0359998,72.5643429,12000000.0
1080,3,Apartment,23.0326231,72.5709891,7000000.0
495,1,Apartment,23.0069372,72.5208415,2000000.0
1750,3,Apartment,22.9800511,72.451563,5500000.0
1253,3,Apartment,23.0215374,72.5800568,16000000.0
1485,3,Apartment,23.1360943,72.5425805,7500000.0
630,1,Apartment,23.0839289,72.6785883,1000000.0
1400,3,Apartment,22.9924509,72.3825613,7000000.0
1260,3,Apartment,23.0368405,72.5535663,7000000.0
1125,2,Apartment,23.0063315,72.536517,4000000.0
1296,2,Apartment,23.0326231,72.5709891,3500000.0
1625,3,Apartment,23.1010002,72.5408363,9800000.0
650,1,Apartment,23.0215374,72.5800568,3000000.0
2025,3,Apartment,23.0494863,72.5672615,15000000.0
1800,3,Apartment,23.0770712,72.5890677,9000000.0
1870,3,Apartment,23.057541,72.5435085,12500000.0
945,2,Apartment,23.0215374,72.5800568,3000000.0
1000,2,Apartment,23.0063315,72.536517,4000000.0
1080,3,Apartment,23.0226117,72.5490834,6000000.0
2130,3,Apartment,23.0226117,72.5490834,22000000.0
1170,2,Apartment,23.067695,72.5658899,4500000.0
1080,2,Apartment,23.0697965,72.5524459,5000000.0
1008,2,Apartment,23.0145531,72.5635432,7900000.0
1215,2,Apartment,22.9924509,72.3825613,3000000.0
1357,2,Apartment,23.0682646,72.5624497,5600000.000000001
2635,3,Apartment,23.0485393,72.511742,24000000.0
1035,2,Apartment,23.0556364,72.5965538,6000000.0
876,2,Apartment,23.0215374,72.5800568,4000000.0
630,1,Apartment,22.9402206,72.4567127,1500000.0
800,1,Apartment,23.1010002,72.5408363,3200000.0
666,2,Apartment,23.0069372,72.5208415,3500000.0
1035,2,Apartment,23.0839289,72.6785883,3400000.0000000005
2871,4,Apartment,23.0145531,72.5635432,20000000.0
612,1,Apartment,23.0069372,72.5208415,2400000.0
945,2,Apartment,23.02314,72.5716348,3600000.0
1214,3,Apartment,23.0215374,72.5800568,15000000.0
900,2,Apartment,23.0567133,72.5508575,6000000.0
972,2,Apartment,22.9924509,72.3825613,2000000.0
1890,3,Apartment,23.0215374,72.5800568,8199999.999999999
1638,3,Apartment,23.0145531,72.5635432,8500000.0
1224,2,Apartment,23.1010002,72.5408363,5500000.0
1107,3,Apartment,23.0226117,72.5490834,6000000.0
2025,3,Apartment,23.0226117,72.5490834,17500000.0
2358,3,Apartment,23.0359998,72.5643429,18000000.0
1800,3,Apartment,23.0368405,72.5535663,18100000.0
2439,4,Apartment,23.0145531,72.5635432,17000000.0
4000,6,Apartment,23.0326231,72.5709891,30000000.0
1710,3,Apartment,23.0485393,72.511742,14000000.0
2052,3,Apartment,23.0567133,72.5508575,10000000.0
1098,2,Apartment,23.2770506,72.0875893,7000000.0
765,2,Apartment,23.0248671,72.5461617,10500000.0
1260,3,Apartment,23.0360509,72.5611735,8500000.0
918,2,Apartment,22.9402206,72.4567127,2900000.0
927,2,Apartment,23.0215374,72.5800568,2500000.0
1215,3,Apartment,23.0567133,72.5508575,7000000.0
1053,2,Apartment,23.0215374,72.5800568,4700000.0
1665,3,Apartment,23.0145531,72.5635432,10000000.0
1575,3,Apartment,23.0265739,72.5489628,14000000.0
840,2,Apartment,23.0063315,72.536517,4600000.0
1080,3,Apartment,23.0556364,72.5965538,7300000.0
369,1,Apartment,22.9402206,72.4567127,1100000.0
1251,2,Apartment,23.1358111,72.5818846,6000000.0
1800,3,Apartment,23.0111491,72.5132562,11000000.0
1296,2,Apartment,23.1010002,72.5408363,6200000.0
635,2,Apartment,23.0295113,72.4506006,3500000.0
1845,3,Apartment,23.0111491,72.5132562,11500000.0
1350,3,Apartment,23.0145531,72.5635432,7320000.0
2115,3,Apartment,23.02314,72.5716348,8500000.0
594,2,Apartment,23.273674,72.3225573,2500000.0
730,1,Apartment,22.9821021,72.4975186,2600000.0
1134,3,Apartment,23.0674161,72.5827507,8000000.0
2178,3,Apartment,23.0674161,72.5827507,12500000.0
1710,2,Apartment,23.0215374,72.5800568,7500000.0
1304,2,Apartment,23.0847978,72.5512141,6000000.0
1854,3,Apartment,23.0295113,72.4506006,8500000.0
2772,4,Apartment,23.0535306,72.4934085,30500000.0
1560,3,Apartment,23.0232163,72.4708784,8000000.0
750,2,Apartment,23.0359998,72.5643429,6300000.0
1152,2,Apartment,23.02314,72.5716348,4200000.0
972,2,Apartment,23.2125309,72.684767,3500000.0
900,2,Apartment,23.0069372,72.5208415,4500000.0
1215,2,Apartment,22.9924509,72.3825613,2600000.0
495,1,Apartment,23.0111491,72.5132562,2400000.0
1566,3,Apartment,23.1358111,72.5818846,6490000.0
1035,2,Apartment,23.1646919,72.5821046,3700000.0
1890,3,Apartment,23.0359998,72.5643429,14000000.0
1800,3,Apartment,23.0968937,72.6135747,11000000.0
1035,2,Apartment,23.0359998,72.5643429,4800000.0
2771,1,Apartment,23.02314,72.5716348,23600000.0
1560,3,Apartment,23.0232163,72.4708784,8000000.0
646,1,Apartment,23.0839289,72.6785883,2500000.0
1700,3,Apartment,23.0215374,72.5800568,8800000.0
1080,2,Apartment,23.0655502,72.5837193,4800000.0
460,1,Apartment,23.0111491,72.5132562,3700000.0
1845,3,Apartment,23.0145531,72.5635432,10600000.0
1700,3,Apartment,23.0232163,72.4708784,7400000.0
720,1,Apartment,23.0215374,72.5800568,1550000.0
1000,2,Apartment,23.0295113,72.4506006,5500000.0
1602,3,Apartment,23.081994,72.5519258,7500000.0
1089,2,Apartment,23.1646919,72.5821046,3800000.0
298,1,Apartment,23.1010002,72.5408363,2150000.0
1305,2,Apartment,23.02314,72.5716348,4200000.0
1935,3,Apartment,23.0968937,72.6135747,10000000.0
1152,2,Apartment,23.0295113,72.4506006,4200000.0
700,1,Apartment,23.0011144,72.5168855,2500000.0
544,1,Apartment,23.0226117,72.5490834,6000000.0
1125,2,Apartment,23.1010002,72.5408363,6000000.0
900,3,Apartment,23.1010002,72.5408363,4500000.0
765,2,Apartment,23.0516973,72.535169,11000000.0
810,2,Apartment,23.2770506,72.0875893,6500000.0
1143,2,Apartment,23.0326231,72.5709891,5000000.0
1891,3,Apartment,23.1010002,72.5408363,8700000.0
1080,2,Apartment,23.0326231,72.5709891,5500000.0
1170,2,Apartment,23.0839289,72.6785883,5600000.000000001
585,1,Apartment,23.2770506,72.0875893,4900000.0
945,2,Apartment,23.1010002,72.5408363,5000000.0
2385,3,Apartment,23.0774129,72.4943545,22000000.0
873,1,Apartment,23.1010002,72.5408363,3800000.0
1200,2,Apartment,23.0655502,72.5837193,4800000.0
1035,2,Apartment,23.0215374,72.5800568,5000000.0
1350,3,Apartment,23.0359998,72.5643429,7000000.0
1200,2,Apartment,23.0215374,72.5800568,4000000.0
1650,3,Apartment,23.1073065,72.6597701,8500000.0
585,1,Apartment,23.0215374,72.5800568,2900000.0
1206,2,Apartment,23.0215374,72.5800568,5300000.0
1350,2,Apartment,23.0839289,72.6785883,7200000.0
3700,4,Apartment,23.0368405,72.5535663,31400000.0
1566,3,Apartment,23.0544372,72.4720756,7250000.0
2250,3,Apartment,23.0682646,72.5624497,13000000.0
1800,3,Apartment,23.0567133,72.5508575,10400000.0
810,1,Apartment,23.0295113,72.4506006,3700000.0
1464,3,Apartment,23.0145531,72.5635432,12000000.0
2133,3,Apartment,23.0360509,72.5611735,16000000.0
1053,2,Apartment,23.067695,72.5658899,6500000.0
900,3,Apartment,22.9924509,72.3825613,4000000.0
1056,3,Apartment,23.0567133,72.5508575,14000000.0
1035,2,Apartment,23.0215374,72.5800568,4800000.0
2200,3,Apartment,23.0226117,72.5490834,10000000.0
720,1,Apartment,23.0111491,72.5132562,3500000.0
662,1,Apartment,23.1360943,72.5425805,4000000.0
900,2,Apartment,23.0215374,72.5800568,3500000.0
1300,2,Apartment,23.0215374,72.5800568,5300000.0
1242,2,Apartment,22.9924509,72.3825613,3500000.0
1089,2,Apartment,23.2770506,72.0875893,5000000.0
945,3,Apartment,23.0556364,72.5965538,6500000.0
2430,4,Apartment,23.0326231,72.5709891,13500000.0
855,2,Apartment,23.2896948,72.8259353,4500000.0
1440,3,Apartment,23.02314,72.5716348,7500000.0
3150,3,Apartment,23.0111491,72.5132562,13000000.0
1656,2,Apartment,23.1010002,72.5408363,2650000.0
981,2,Apartment,23.0226117,72.5490834,9500000.0
675,2,Apartment,23.0359998,72.5643429,4500000.0
1035,2,Apartment,23.0770712,72.5890677,6500000.0
990,2,Apartment,22.9924509,72.3825613,2200000.0
1548,3,Apartment,23.0770712,72.5890677,7500000.0
1500,2,Apartment,23.0494863,72.5672615,4500000.0
720,2,Apartment,23.0079064,72.5174367,3000000.0
1233,2,Apartment,23.0232163,72.4708784,5300000.0
1170,2,Apartment,23.0326231,72.5709891,5500000.0
1800,3,Apartment,23.0326231,72.5709891,9500000.0
1215,3,Apartment,23.0145531,72.5635432,8500000.0
675,2,Apartment,23.0326231,72.5709891,8000000.0
1170,2,Apartment,23.0839289,72.6785883,5000000.0
1200,3,Apartment,23.0368405,72.5535663,8000000.0
2835,3,Apartment,23.02314,72.5716348,30000000.0
1350,2,Apartment,23.0326231,72.5709891,5200000.0
1170,2,Apartment,23.017704,72.4696021,6000000.0
2403,3,Apartment,23.0368405,72.5535663,7500000.0
1395,2,Apartment,23.0847978,72.5512141,6200000.0
1665,3,Apartment,23.0145531,72.5635432,10000000.0
1500,3,Apartment,23.0054726,72.531336,9000000.0
720,2,Apartment,22.9402206,72.4567127,1700000.0000000002
1485,3,Apartment,23.0682646,72.5624497,8650000.0
2000,3,Apartment,23.0359998,72.5643429,11500000.0
1530,3,Apartment,23.002498,72.5610944,8500000.0
1215,3,Apartment,23.0145531,72.5635432,7000000.0
1350,2,Apartment,23.0326231,72.5709891,6000000.0
810,2,Apartment,23.0215374,72.5800568,5800000.0
720,1,Apartment,23.1646919,72.5821046,2500000.0
1710,3,Apartment,23.0326231,72.5709891,11500000.0
990,3,Apartment,23.0682238,72.5640995,5100000.0
985,2,Apartment,23.069237,72.5111307,9500000.0
810,1,Apartment,23.0145531,72.5635432,4000000.0
1728,3,Apartment,22.9924509,72.3825613,6000000.0
405,1,Apartment,22.9821021,72.4975186,1450000.0
1485,3,Apartment,23.0556364,72.5965538,9500000.0
1080,2,Apartment,23.0295113,72.4506006,4000000.0
1890,3,Apartment,23.0145531,72.5635432,11100000.000000002
1575,3,Apartment,23.0232163,72.4708784,7500000.0
1314,2,Apartment,23.1646919,72.5821046,5800000.0
720,1,Apartment,23.0326231,72.5709891,3000000.0
2600,4,Apartment,23.0226117,72.5490834,21500000.0
1200,3,Apartment,23.0556364,72.5965538,7500000.0
820,2,Apartment,23.0111491,72.5132562,5300000.0
950,2,Apartment,23.0326231,72.5709891,5500000.0
1944,3,Apartment,23.0359998,72.5643429,13500000.0
900,2,Apartment,23.067695,72.5658899,4500000.0
2493,3,Apartment,23.0774129,72.4943545,18000000.0
720,1,Apartment,23.0326231,72.5709891,1850000.0
2070,4,Apartment,23.0556364,72.5965538,20000000.0
1080,2,Apartment,23.0326231,72.5709891,7000000.0
864,2,Apartment,23.0145531,72.5635432,5000000.0
1584,3,Apartment,23.1201139,72.6251307,8500000.0
882,2,Apartment,23.0111491,72.5132562,3500000.0
675,1,Apartment,23.0847978,72.5512141,3800000.0
450,1,Apartment,23.0544372,72.4720756,2500000.0
1000,2,Apartment,23.0516973,72.535169,6800000.000000001
855,2,Apartment,23.0145531,72.5635432,6500000.0
1215,2,Apartment,23.0457058,72.5268056,10000000.0
1560,3,Apartment,22.9797925,72.4548655,15500000.0
1287,3,Apartment,23.0359998,72.5643429,8000000.0
1100,2,Apartment,23.0215374,72.5800568,5200000.0
1719,3,Apartment,23.0215374,72.5800568,8800000.0
990,2,Apartment,23.0567133,72.5508575,4700000.0
1080,2,Apartment,23.0069372,72.5208415,5500000.0
1890,3,Apartment,23.0145531,72.5635432,15000000.0
450,1,Apartment,23.1360943,72.5425805,2100000.0
1134,2,Apartment,23.062275,72.571217,5000000.0
1377,2,Apartment,23.0326231,72.5709891,8199999.999999999
1192,2,Apartment,23.0326231,72.5709891,3500000.0
1260,3,Apartment,23.0326231,72.5709891,5000000.0
1584,3,Apartment,23.0326231,72.5709891,12000000.0
702,2,Apartment,23.0215374,72.5800568,4500000.0
1044,2,Apartment,23.1010002,72.5408363,4800000.0
900,2,Apartment,23.0876048,72.4927391,5500000.0
1810,3,Apartment,23.0567133,72.5508575,11000000.0
1200,2,Apartment,23.0215374,72.5800568,3800000.0
1440,3,Apartment,23.0226117,72.5490834,9500000.0
1800,3,Apartment,22.7304066,72.4368132,8000000.0
1135,2,Apartment,23.0226117,72.5490834,6200000.0
1250,3,Apartment,23.0326231,72.5709891,7500000.0
765,1,Apartment,22.8278859,72.3684741,1950000.0
1125,3,Apartment,23.0145531,72.5635432,7000000.0
1000,2,Apartment,23.0226117,72.5490834,7000000.0
1233,2,Apartment,23.0295113,72.4506006,5000000.0
1890,3,Apartment,23.086171,72.534872,9500000.0
1080,2,Apartment,23.0326231,72.5709891,5500000.0
1500,3,Apartment,23.0326231,72.5709891,14000000.0
585,1,Apartment,23.0063315,72.536517,4500000.0
2295,4,Apartment,23.0265739,72.5489628,24500000.0
1818,3,Apartment,23.057541,72.5435085,13500000.0
720,1,Apartment,22.9402206,72.4567127,1900000.0
1224,2,Apartment,23.0368405,72.5535663,4200000.0
900,2,Apartment,23.0674161,72.5827507,6100000.0
1620,3,Apartment,23.086171,72.534872,11000000.0
1260,2,Apartment,23.0847978,72.5512141,6200000.0
1350,2,Apartment,23.0839289,72.6785883,6000000.0
630,1,Apartment,23.2770506,72.0875893,3600000.0
1530,3,Apartment,23.0215374,72.5800568,8100000.000000001
1125,2,Apartment,23.0215374,72.5800568,5500000.0
1125,2,Apartment,23.1360943,72.5425805,4700000.0
1125,2,Apartment,23.0215374,72.5800568,4000000.0
1200,2,Apartment,23.0839289,72.6785883,2500000.0
765,2,Apartment,23.0069372,72.5208415,4200000.0
837,2,Apartment,23.0368405,72.5535663,2300000.0
2250,3,Apartment,23.0326231,72.5709891,7200000.0
1005,2,Apartment,23.0111491,72.5132562,6000000.0
1224,2,Apartment,23.1223913,72.5733728,6000000.0
2115,3,Apartment,23.1073065,72.6597701,8700000.0
405,1,Apartment,22.9402206,72.4567127,850000.0000000001
1200,2,Apartment,22.9924509,72.3825613,3800000.0
2500,3,Apartment,23.0225299,72.5416944,20000000.0
1000,2,Apartment,23.0326231,72.5709891,6000000.0
2100,3,Apartment,23.0485393,72.511742,11000000.0
735,1,Apartment,22.983483,72.5007203,2000000.0
1152,2,Apartment,23.0069372,72.5208415,5500000.0
585,1,Apartment,23.0069372,72.5208415,2100000.0
1143,2,Apartment,23.086171,72.534872,5100000.0
1560,3,Apartment,22.9983067,72.5184644,8400000.0
1260,2,Apartment,23.086171,72.534872,7200000.0
2250,4,Apartment,23.0368405,72.5535663,12100000.0
2025,3,Apartment,23.069237,72.5111307,13100000.0
2300,3,Apartment,23.057541,72.5435085,16000000.0
1827,3,Apartment,23.02314,72.5716348,11000000.0
975,2,Apartment,23.0226117,72.5490834,6000000.0
3366,3,Apartment,23.1132827,72.6583896,25099999.999999996
1260,2,Apartment,23.1010002,72.5408363,5200000.0
1350,3,Apartment,23.0215374,72.5800568,8000000.0
1377,3,Apartment,23.02314,72.5716348,8000000.0
1152,2,Apartment,22.9924509,72.3825613,3200000.0
1044,2,Apartment,23.1010002,72.5408363,4300000.0
2685,3,Apartment,23.0360509,72.5611735,19900000.0
1470,3,Apartment,23.0326231,72.5709891,7200000.0
1845,3,Apartment,23.02314,72.5716348,10800000.0
1836,3,Apartment,23.0215374,72.5800568,11100000.000000002
1500,3,Apartment,23.0056298,72.5231013,7500000.0
585,1,Apartment,23.2770506,72.0875893,4200000.0
1125,2,Apartment,22.9924509,72.3825613,4200000.0
640,1,Apartment,23.0069372,72.5208415,3000000.0
1125,2,Apartment,23.0295113,72.4506006,4500000.0
675,1,Apartment,23.0063315,72.536517,3500000.0
1469,3,Apartment,23.0069372,72.5208415,9000000.0
1890,3,Apartment,23.0359998,72.5643429,12500000.0
1080,2,Apartment,23.1201139,72.6251307,4500000.0
675,1,Apartment,23.0069372,72.5208415,2700000.0
700,1,Apartment,23.0069372,72.5208415,2100000.0
1017,2,Apartment,23.1632457,72.6500247,5100000.0
1800,3,Apartment,23.0215374,72.5800568,12500000.0
1197,2,Apartment,23.02314,72.5716348,4600000.0
1305,3,Apartment,23.0145531,72.5635432,7200000.0
294,1,Apartment,23.0271267,72.5226289,2500000.0
1215,3,Apartment,23.02314,72.5716348,7500000.0
408,1,Apartment,22.9402206,72.4567127,900000.0
600,1,Apartment,23.0839289,72.6785883,1300000.0
1080,2,Apartment,23.0968937,72.6135747,5500000.0
720,1,Apartment,22.9924509,72.3825613,1700000.0000000002
1125,2,Apartment,23.0847978,72.5512141,5250000.0
1755,3,Apartment,23.1010002,72.5408363,8657000.0
2000,3,Apartment,23.0226117,72.5490834,12500000.0
900,2,Apartment,23.02314,72.5716348,3600000.0
1170,2,Apartment,23.0368405,72.5535663,4000000.0
801,1,Apartment,23.0368405,72.5535663,2900000.0
1620,3,Apartment,23.0024361,72.5204272,8199999.999999999
1242,2,Apartment,23.2770506,72.0875893,7500000.0
1179,2,Apartment,23.1632457,72.6500247,4900000.0
1150,1,Apartment,22.983483,72.5007203,2500000.0
1224,2,Apartment,23.057541,72.5435085,8000000.0
1125,2,Apartment,23.0697965,72.5524459,5500000.0
1440,3,Apartment,23.0368405,72.5535663,6000000.0
2700,1,Apartment,23.2420572,72.4880711,30000000.0
2115,3,Apartment,23.0494863,72.5672615,14000000.0
1200,2,Apartment,23.0011144,72.5168855,5200000.0
1512,3,Apartment,23.2294787,72.7273294,4500000.0
1125,2,Apartment,23.0326231,72.5709891,11100000.000000002
605,2,Apartment,23.0225299,72.5416944,4900000.0
750,2,Apartment,23.0847978,72.5512141,3190000.0
1080,2,Apartment,23.0145531,72.5635432,6500000.0
1125,2,Apartment,23.0215374,72.5800568,6000000.0
1215,2,Apartment,23.2770506,72.0875893,8500000.0
1300,2,Apartment,23.0539511,72.595426,7600000.0
873,2,Apartment,23.2770506,72.0875893,5600000.000000001
2120,4,Apartment,23.0359998,72.5643429,15000000.0
950,2,Apartment,23.0485393,72.511742,5800000.0
1200,2,Apartment,23.0326231,72.5709891,3250000.0
810,3,Apartment,23.0494863,72.5672615,6500000.0
1800,3,Apartment,23.0556364,72.5965538,15000000.0
513,1,Apartment,23.0069372,72.5208415,2900000.0
1500,3,Apartment,23.0295113,72.4506006,6500000.0
2500,3,Apartment,23.0674161,72.5827507,6000000.0
1000,2,Apartment,23.0682646,72.5624497,4500000.0
1485,3,Apartment,23.0326231,72.5709891,13000000.0
1000,2,Apartment,23.0445921,72.517344,7500000.0
1035,2,Apartment,23.0215374,72.5800568,6700000.0
1710,3,Apartment,23.240989,72.503137,5200000.0
1800,3,Apartment,23.0232163,72.4708784,7500000.0
1300,2,Apartment,23.0215374,72.5800568,6851000.0
1260,2,Apartment,23.0847978,72.5512141,6500000.0
1215,2,Apartment,23.0215374,72.5800568,5400000.0
4320,4,Apartment,23.02314,72.5716348,40000000.0
1215,2,Apartment,23.1283467,72.558657,5000000.0
1368,2,Apartment,23.1010002,72.5408363,5550000.000000001
1233,2,Apartment,23.1010002,72.5408363,6500000.0
870,2,Apartment,23.0682646,72.5624497,4500000.0
1600,3,Apartment,23.2420572,72.4880711,9000000.0
1700,3,Apartment,23.0544372,72.4720756,11000000.0
720,2,Apartment,23.0056298,72.5231013,4000000.0
1215,2,Apartment,23.0326231,72.5709891,4099999.9999999995
868,2,Apartment,23.0215374,72.5800568,5200000.0
1800,4,Apartment,23.2669142,72.6447182,16000000.0
1170,3,Apartment,23.2770506,72.0875893,9000000.0
2036,2,Apartment,23.2294787,72.7273294,5000000.0
1530,3,Apartment,23.0215374,72.5800568,10500000.0
1575,2,Apartment,23.0145531,72.5635432,12500000.0
2250,3,Apartment,23.1010002,72.5408363,10500000.0
945,2,Apartment,23.0682646,72.5624497,5500000.0
2700,3,Apartment,23.0226117,72.5490834,16100000.000000002
1710,3,Apartment,22.7476765,73.152612,7500000.0
945,1,Apartment,23.1743872,72.8270334,1651000.0
1001,1,Apartment,23.0295113,72.4506006,4000000.0
1710,3,Apartment,23.0145531,72.5635432,7500000.0
1215,2,Apartment,23.0295113,72.4506006,5350000.0
900,2,Apartment,23.0111491,72.5132562,4651000.0
2169,3,Apartment,23.0227526,72.5383118,17600000.0
612,1,Apartment,22.9402206,72.4567127,1500000.0
558,2,Apartment,23.0329263,72.4259729,3000000.0
900,2,Apartment,23.0145531,72.5635432,5699999.999999999
2520,2,Apartment,23.2770506,72.0875893,16000000.0
1080,2,Apartment,23.0226117,72.5490834,7200000.0
990,2,Apartment,22.983483,72.5007203,3500000.0
1170,2,Apartment,23.0556364,72.5965538,7200000.0
2493,3,Apartment,23.0359998,72.5643429,21000000.0
1660,3,Apartment,23.1010002,72.5408363,7800000.0
1215,2,Apartment,23.0655502,72.5837193,5265000.0
630,1,Apartment,23.02314,72.5716348,1950000.0
1548,3,Apartment,23.0544372,72.4720756,8100000.000000001
1260,2,Apartment,22.9821021,72.4975186,5200000.0
1980,3,Apartment,23.0326231,72.5709891,12000000.0
2340,4,Apartment,23.0215374,72.5800568,17500000.0
1215,2,Apartment,23.1010002,72.5408363,6300000.0
1400,3,Apartment,23.0494863,72.5672615,7150000.0
1431,2,Apartment,23.02314,72.5716348,4700000.0
1593,3,Apartment,23.069237,72.5111307,13000000.0
1800,3,Apartment,23.0556364,72.5965538,7500000.0
720,1,Apartment,23.2770506,72.0875893,2900000.0
945,2,Apartment,23.0145531,72.5635432,6800000.000000001
1548,3,Apartment,23.0770712,72.5890677,7500000.0
1089,2,Apartment,23.0510656,72.6436615,5000000.0
1455,2,Apartment,23.0326231,72.5709891,7000000.0
1300,2,Apartment,23.0295113,72.4506006,5800000.0
576,1,Apartment,23.0069372,72.5208415,3100000.0
400,2,Apartment,23.0682646,72.5624497,4000000.0
1872,3,Apartment,23.1360943,72.5425805,12500000.0
414,1,Apartment,23.0069372,72.5208415,1650000.0
1098,2,Apartment,23.0368405,72.5535663,4440000.0
765,2,Apartment,23.0215374,72.5800568,1200000.0
1710,3,Apartment,23.0215374,72.5800568,13100000.0
2025,3,Apartment,23.0215374,72.5800568,11500000.0
1410,2,Apartment,23.2294787,72.7273294,4500000.0
1080,2,Apartment,23.0839289,72.6785883,5000000.0
1143,2,Apartment,23.0326231,72.5709891,5500000.0
900,2,Apartment,23.0145531,72.5635432,4600000.0
1100,2,Apartment,23.0326231,72.5709891,4400000.0
1800,3,Apartment,23.0368405,72.5535663,18000000.0
513,1,Apartment,23.0011144,72.5168855,2500000.0
1433,4,Apartment,23.0225299,72.5416944,35000000.0
1143,2,Apartment,23.1010002,72.5408363,5600000.000000001
1773,3,Apartment,23.0215374,72.5800568,11100000.000000002
963,2,Apartment,23.2770506,72.0875893,5500000.0
1485,3,Apartment,23.0326231,72.5709891,4500000.0
1260,2,Apartment,23.0326231,72.5709891,5200000.0
4142,4,Apartment,23.0242849,72.5313961,38000000.0
610,1,Apartment,23.0368405,72.5535663,1500000.0
1323,2,Apartment,23.1010002,72.5408363,6000000.0
945,2,Apartment,23.0111491,72.5132562,4500000.0
517,1,Apartment,23.0215374,72.5800568,3600000.0
900,2,Apartment,23.0145531,72.5635432,5000000.0
621,1,Apartment,23.0556364,72.5965538,3900000.0
585,1,Apartment,23.0366663,72.5492165,1500000.0
729,2,Apartment,23.0326231,72.5709891,5800000.0
1300,2,Apartment,22.9924509,72.3825613,3500000.0
585,1,Apartment,23.2770506,72.0875893,3500000.0
540,1,Apartment,23.06384,72.5430733,2000000.0
1062,3,Apartment,23.0770712,72.5890677,4900000.0
900,2,Apartment,23.0567133,72.5508575,6500000.0
1485,3,Apartment,23.1360943,72.5425805,6700000.0
630,1,Apartment,23.0215374,72.5800568,2900000.0
774,2,Apartment,23.240989,72.503137,3000000.0
1170,3,Apartment,23.0063315,72.536517,5000000.0
1260,2,Apartment,23.1283467,72.558657,4000000.0
828,2,Apartment,23.086171,72.534872,5500000.0
1044,2,Apartment,23.1010002,72.5408363,4650000.0
900,2,Apartment,23.0556364,72.5965538,6700000.0
1035,2,Apartment,23.0457058,72.5268056,7700000.0
990,2,Apartment,22.9975921,72.6046587,4000000.0
1580,3,Apartment,22.9924509,72.3825613,5800000.0
729,2,Apartment,23.0215374,72.5800568,2400000.0
1350,3,Apartment,23.0232163,72.4708784,6500000.0
1314,2,Apartment,23.0215374,72.5800568,8800000.0
1134,3,Apartment,23.0839931,72.5876185,8500000.0
1215,2,Apartment,23.0655502,72.5837193,5500000.0
2430,4,Apartment,23.1358111,72.5818846,13000000.0
1125,2,Apartment,23.0567133,72.5508575,6500000.0
2385,3,Apartment,23.0215374,72.5800568,17000000.0
2160,3,Apartment,23.02314,72.5716348,20000000.0
1215,2,Apartment,23.02314,72.5716348,3800000.0
963,2,Apartment,23.0215374,72.5800568,6000000.0
1125,2,Apartment,22.9924509,72.3825613,3900000.0
380,1,Apartment,23.0215374,72.5800568,869999.9999999999
864,2,Apartment,23.0226117,72.5490834,7800000.0
1305,2,Apartment,23.0847978,72.5512141,6500000.0
730,1,Apartment,22.9811295,72.6012948,2600000.0
1125,2,Apartment,23.0326231,72.5709891,2500000.0
1215,2,Apartment,23.0755432,72.5652278,6500000.0
1200,2,Apartment,23.0111491,72.5132562,7000000.0
1000,2,Apartment,23.013976,72.5296525,5275000.0
1000,2,Apartment,23.0111491,72.5132562,6000000.0
675,1,Apartment,22.9878599,72.4928926,3200000.0
1125,2,Apartment,23.0111491,72.5132562,6200000.0
2025,3,Apartment,23.0359998,72.5643429,16000000.0
1755,3,Villa,23.2125309,72.684767,8700000.0
600,2,Apartment,23.0215374,72.5800568,2800000.0000000005
585,1,Apartment,23.2770506,72.0875893,2100000.0
810,1,Apartment,23.0069372,72.5208415,4996000.0
1170,2,Apartment,23.0232163,72.4708784,5500000.0
1215,2,Apartment,23.107121,72.5848584,5500000.0
1215,2,Apartment,23.2770506,72.0875893,7000000.0
758,2,Apartment,23.0233196,72.4087089,2700000.0
1000,2,Apartment,23.0111491,72.5132562,5500000.0
1760,3,Apartment,22.995457,72.5990646,12500000.0
1053,2,Apartment,23.0111491,72.5132562,4750000.0
1170,2,Apartment,23.1010002,72.5408363,6000000.0
1097,2,Apartment,23.0111491,72.5132562,9000000.0
720,2,Apartment,23.0227526,72.5383118,7000000.0
2040,3,Apartment,23.1634079,72.6888935,12000000.0
2250,4,Apartment,23.0567133,72.5508575,9900000.0
2500,4,Apartment,23.0567133,72.5508575,10500000.0
585,1,Apartment,23.0847978,72.5512141,3800000.0
1300,3,Apartment,23.0774129,72.4943545,23000000.0
432,1,Apartment,22.9930907,72.6053857,2500000.0
1530,3,Apartment,23.0787426,72.6681866,7000000.0
828,2,Apartment,23.2770506,72.0875893,6000000.0
1512,3,Apartment,23.1010002,72.5408363,10000000.0
1100,2,Apartment,23.2770506,72.0875893,5500000.0
1485,2,Apartment,23.0215374,72.5800568,6000000.0
2070,3,Apartment,23.069237,72.5111307,14800000.0
1450,3,Apartment,23.0359998,72.5643429,9500000.0
630,2,Apartment,23.2770506,72.0875893,6000000.0
1000,2,Apartment,23.2294787,72.7273294,2500000.0
1170,2,Apartment,23.0145531,72.5635432,6860000.000000001
900,2,Apartment,23.2770506,72.0875893,4800000.0
1260,2,Apartment,23.0907373,72.5906069,3600000.0
1188,2,Apartment,23.0682646,72.5624497,9500000.0
1550,3,Apartment,23.0215374,72.5800568,8300000.0
1215,2,Apartment,23.1010002,72.5408363,6800000.000000001
1034,2,Apartment,22.9821021,72.4975186,4400000.0
1260,2,Apartment,23.0215374,72.5800568,6500000.0
678,2,Apartment,23.2770506,72.0875893,5830000.0
750,2,Apartment,23.0359998,72.5643429,6300000.0
1161,2,Apartment,23.0326231,72.5709891,5800000.0
1980,3,Apartment,23.0398447,72.6298154,11000000.0
1188,2,Apartment,23.0847978,72.5512141,4700000.0
2160,3,Apartment,23.0145531,72.5635432,14000000.0
1845,3,Apartment,23.0264444,72.5120935,16000000.0
1098,2,Apartment,23.0360509,72.5611735,4700000.0
738,2,Apartment,23.0069372,72.5208415,4200000.0
1980,3,Apartment,23.02314,72.5716348,11500000.0
1323,3,Apartment,23.0457058,72.5268056,13000000.0
1206,2,Apartment,23.1360943,72.5425805,4500000.0
1260,3,Apartment,23.2770506,72.0875893,7900000.0
1098,2,Apartment,23.0713102,72.539578,5200000.0
495,1,Villa,23.0069372,72.5208415,6000000.0
1100,2,Apartment,23.0713102,72.539578,5500000.0
2500,4,Villa,23.2356278,72.4995748,17500000.0
953,2,Apartment,22.9962826,72.516429,5000000.0
1128,3,Apartment,22.9962826,72.516429,6500000.0
1570,3,Apartment,23.1634079,72.6888935,9000000.0
560,1,Apartment,23.0111491,72.5132562,2600000.0
1650,3,Apartment,23.0024361,72.5204272,8800000.0
2808,5,Apartment,23.0069372,72.5208415,28000000.0
1170,4,Apartment,23.1579315,72.6575495,17000000.0
1355,2,Apartment,23.0024361,72.5204272,6500000.0
1242,2,Apartment,23.0024361,72.5204272,6000000.0
1242,2,Apartment,23.0024361,72.5204272,6100000.0
600,2,Apartment,23.0069372,72.5208415,6500000.0
7200,4,Villa,23.0450061,72.5462858,112000000.0
750,2,Apartment,23.0069372,72.5208415,3700000.0
1200,2,Villa,23.0887798,72.6500054,6500000.0
1080,2,Apartment,23.0069372,72.5208415,7300000.0
382,1,Apartment,22.9962826,72.516429,3500000.0
900,2,Apartment,23.0011144,72.5168855,5000000.0
1008,1,Apartment,23.0069372,72.5208415,5500000.0
610,1,Apartment,23.0366663,72.5492165,3100000.0
900,1,Villa,23.0069372,72.5208415,5000000.0
738,2,Apartment,23.0069372,72.5208415,4200000.0
522,1,Apartment,23.0111491,72.5132562,3200000.0
1500,4,Apartment,23.0069372,72.5208415,16000000.0
600,1,Apartment,23.0111491,72.5132562,2150000.0
787,1,Apartment,23.0839289,72.6785883,3700000.0
456,1,Apartment,23.0111491,72.5132562,2300000.0
990,2,Apartment,23.0069372,72.5208415,4500000.0
990,2,Apartment,23.2420572,72.4880711,4600000.0
1170,2,Apartment,23.0011144,72.5168855,5500000.0
810,1,Apartment,23.0111491,72.5132562,1900000.0
1050,1,Apartment,23.0787426,72.6681866,3000000.0
810,2,Apartment,23.0111491,72.5132562,3500000.0
828,1,Apartment,23.0069372,72.5208415,2800000.0000000005
1900,3,Apartment,23.0011144,72.5168855,11000000.0
1500,2,Apartment,23.0167952,72.5126585,5000000.0
958,2,Apartment,23.0069372,72.5208415,4700000.0
433,1,Apartment,23.0787426,72.6681866,2500000.0
1260,3,Apartment,23.0271267,72.5226289,5500000.0
432,1,Apartment,23.0546669,72.6392596,2900000.0
557,2,Apartment,23.0011144,72.5168855,3800000.0
700,3,Apartment,23.0111491,72.5132562,5900000.0
1020,2,Apartment,23.0069372,72.5208415,4500000.0
350,1,Apartment,23.0111491,72.5132562,2800000.0000000005
600,1,Apartment,23.0069372,72.5208415,3200000.0
990,2,Apartment,23.1634079,72.6888935,5000000.0
900,2,Apartment,23.0111491,72.5132562,4500000.0
1600,2,Villa,23.0069372,72.5208415,12500000.0
450,4,Apartment,23.0110669,72.5137432,6000000.0
750,1,Apartment,23.0069372,72.5208415,2700000.0
432,1,Apartment,22.9461238,72.5972209,2400000.0
3060,4,Villa,23.0232163,72.4708784,19500000.0
1600,3,Villa,23.0069372,72.5208415,2300000.0
270,1,Apartment,23.0011144,72.5168855,4000000.0
720,1,Apartment,23.0015561,72.5132033,3600000.0
3600,4,Apartment,23.0069372,72.5208415,32500000.0
459,1,Apartment,23.0069372,72.5208415,2700000.0
1800,4,Apartment,23.0069372,72.5208415,18000000.0
513,1,Apartment,23.0011144,72.5168855,2350000.0
640,1,Apartment,23.0084483,72.5684667,3200000.0
530,2,Apartment,22.9962826,72.516429,4700000.0
1112,3,Apartment,22.9962826,72.516429,6000000.0
1076,2,Apartment,23.1634079,72.6888935,5500000.0
759,2,Apartment,23.0111491,72.5132562,4200000.0
700,1,Apartment,23.0011144,72.5168855,3000000.0
1049,2,Apartment,22.9962826,72.516429,4800000.0
550,1,Apartment,23.0111491,72.5132562,2700000.0
648,4,Apartment,23.0069372,72.5208415,7000000.0
810,2,Apartment,23.0069372,72.5208415,5100000.0
900,2,Apartment,23.0011144,72.5168855,3600000.0
550,1,Apartment,23.0546669,72.6392596,2700000.0
900,2,Apartment,23.0011144,72.5168855,6500000.0
1400,1,Villa,23.0069372,72.5208415,12000000.0
995,2,Apartment,23.0084483,72.5684667,5000000.0
1620,3,Apartment,23.0024361,72.5204272,7500000.0
1128,3,Apartment,22.9962826,72.516429,5500000.0
590,2,Apartment,23.0069372,72.5208415,4700000.0
900,2,Apartment,23.0713102,72.539578,4600000.0
576,1,Apartment,23.0111491,72.5132562,3000000.0
900,2,Apartment,23.0011144,72.5168855,4800000.0
958,2,Apartment,23.0069372,72.5208415,4600000.0
1100,2,Apartment,23.0069372,72.5208415,6500000.0
1665,4,Apartment,23.0069372,72.5208415,15000000.0
2000,4,Apartment,23.0069372,72.5208415,9000000.0
450,2,Apartment,23.0069372,72.5208415,3500000.0
900,2,Apartment,23.0159516,72.5669759,5000000.0
1170,4,Apartment,23.0069372,72.5208415,12000000.0
495,2,Villa,23.0069624,72.5440056,6000000.0
1170,6,Villa,23.0472393,72.5371594,21500000.0
890,2,Apartment,23.0069372,72.5208415,4000000.0
1134,2,Apartment,23.0069372,72.5208415,2800000.0000000005
1620,6,Villa,23.0069372,72.5208415,15000000.0
720,1,Apartment,23.0069372,72.5208415,1700000.0000000002
2718,3,Apartment,23.0069372,72.5208415,22000000.0
1000,4,Villa,23.1110532,72.5619714,9000000.0
810,3,Apartment,23.0069624,72.5440056,7500000.0
756,2,Apartment,23.0069372,72.5208415,4800000.0
1105,2,Apartment,22.9962826,72.516429,4500000.0
405,2,Apartment,23.0069372,72.5208415,5500000.0
900,2,Apartment,23.0069372,72.5208415,4200000.0
900,2,Apartment,23.0069372,72.5208415,9000000.0
1350,2,Apartment,23.0069372,72.5208415,1100000.0
765,2,Apartment,23.0069372,72.5208415,4500000.0
4410,4,Villa,23.0069372,72.5208415,25000000.0
1206,3,Villa,22.9949449,72.5885536,7500000.0
1314,2,Apartment,23.0069372,72.5208415,5600000.000000001
990,2,Apartment,23.0011144,72.5168855,3900000.0
1100,2,Apartment,23.0069372,72.5208415,4000000.0
1800,1,Apartment,23.0069372,72.5208415,18000000.0
1080,6,Apartment,23.0069372,72.5208415,8000000.0
2700,6,Villa,23.0069372,72.5208415,41500000.0
900,2,Apartment,23.0069372,72.5208415,7000000.0
1071,2,Apartment,22.9962826,72.516429,5300000.0
1008,3,Apartment,23.0011144,72.5168855,5500000.0
850,2,Apartment,23.0111491,72.5132562,5000000.0
1200,2,Apartment,23.0839289,72.6785883,6500000.0
2055,4,Apartment,23.0069372,72.5208415,19800000.0
1000,4,Villa,23.0069372,72.5208415,9000000.0
3800,2,Apartment,23.0544372,72.4720756,250000000.0
7191,2,Apartment,23.0574157,72.3828011,32500000.0
10201,5,Apartment,23.0485393,72.511742,43000000.0
10920,5,Apartment,23.057541,72.5435085,15200000.0
7288,5,Apartment,23.0535306,72.4934085,89600000.00000001
882,3,Apartment,22.9969634,72.633455,5100000.0
810,2,Apartment,22.9975921,72.6046587,4700000.0
2475,4,Apartment,23.0445921,72.517344,49500000.0
945,2,Apartment,22.9729765,72.5895984,2500000.0
720,1,Apartment,22.9729765,72.5895984,2100000.0
1053,2,Apartment,22.9729765,72.5895984,2350000.0
1125,2,Apartment,22.9729765,72.5895984,2650000.0
1125,2,Apartment,22.9729765,72.5895984,2600000.0
1206,2,Apartment,22.9729765,72.5895984,2450000.0
2025,3,Apartment,22.9729765,72.5895984,12500000.0
1125,2,Apartment,22.9729765,72.5895984,3000000.0
1500,2,Apartment,22.9729765,72.5895984,6000000.0
1200,2,Apartment,22.9729765,72.5895984,2600000.0
765,1,Apartment,22.9729765,72.5895984,2250000.0
900,1,Apartment,22.9729765,72.5895984,1550000.0
1602,3,Apartment,22.9729765,72.5895984,5500000.0
1575,3,Apartment,22.9729765,72.5895984,6500000.0
1206,3,Apartment,22.9729765,72.5895984,7800000.0
945,2,Apartment,22.9729765,72.5895984,3000000.0
1620,3,Apartment,22.9729765,72.5895984,5300000.0
724,3,Apartment,22.9729765,72.5895984,6500000.0
900,2,Apartment,23.2522871,72.4840233,2351000.0
1800,2,Apartment,23.2798133,72.4416517,4800000.0
750,2,Apartment,23.2935817,72.3290988,2800000.0000000005
720,1,Apartment,22.9729765,72.5895984,1600000.0
774,1,Apartment,23.1743872,72.8270334,1650000.0
738,1,Apartment,23.0891617,72.5597109,2300000.0
857,3,Apartment,23.107121,72.5848584,7249000.0
2601,3,Apartment,23.057541,72.5435085,52500000.0
2610,3,Apartment,23.0774129,72.4943545,14700000.0
11090,6,Apartment,23.0796581,72.4947377,45800000.0
10920,5,Apartment,23.057541,72.5435085,15200000.0
1985,3,Apartment,23.0796581,72.4947377,16500000.0
1890,3,Apartment,23.057541,72.5435085,11500000.0
4464,4,Apartment,23.0774129,72.4943545,29800000.0
4257,4,Apartment,23.0796581,72.4947377,32000000.0
4059,4,Apartment,23.0774129,72.4943545,29600000.0
1926,3,Apartment,23.057541,72.5435085,14000000.0
5679,4,Villa,23.0774129,72.4943545,64000000.0
3339,4,Villa,23.0774129,72.4943545,67500000.0
7218,4,Villa,23.0774129,72.4943545,130000000.0
6914,5,Apartment,23.0796581,72.4947377,51900000.00000001
5514,4,Apartment,23.0796581,72.4947377,41400000.0
2106,3,Apartment,23.057541,72.5435085,15000000.0
2160,3,Apartment,23.057541,72.5435085,39000000.0
2043,3,Apartment,23.057541,72.5435085,15000000.0
1845,3,Apartment,23.0774129,72.4943545,12700000.0
4698,3,Apartment,23.0774129,72.4943545,51100000.0
2025,3,Apartment,23.057541,72.5435085,15500000.0
1323,2,Apartment,23.0774129,72.4943545,8100000.000000001
1071,3,Apartment,23.057541,72.5435085,9800000.0
1845,3,Apartment,23.057541,72.5435085,14500000.0
1188,3,Apartment,23.0774129,72.4943545,14500000.0
945,2,Apartment,23.0774129,72.4943545,8000000.0
2196,4,Villa,23.0774129,72.4943545,37000000.0
2700,3,Villa,23.0774129,72.4943545,48000000.0
3114,4,Apartment,23.0774129,72.4943545,22500000.0
1845,3,Apartment,23.057541,72.5435085,14000000.0
6930,6,Villa,23.0774129,72.4943545,130000000.0
2268,3,Apartment,23.0774129,72.4943545,18000000.0
2160,3,Villa,23.0774129,72.4943545,37000000.0
1800,3,Apartment,23.0774129,72.4943545,12100000.0
5157,4,Villa,23.0774129,72.4943545,80000000.0
1305,2,Apartment,23.057541,72.5435085,7200000.0
1350,2,Apartment,23.057541,72.5435085,8300000.0
3744,4,Villa,23.0774129,72.4943545,80000000.0
1845,3,Apartment,23.057541,72.5435085,12500000.0
1224,2,Apartment,23.057541,72.5435085,8000000.0
3483,3,Villa,23.057541,72.5435085,67500000.0
2178,3,Apartment,23.057541,72.5435085,20500000.0
807,3,Apartment,23.0774129,72.4943545,7500000.0
1431,4,Apartment,23.057541,72.5435085,17000000.0
4877,4,Apartment,23.0774129,72.4943545,32000000.0
5508,7,Villa,23.0774129,72.4943545,125100000.0
2594,3,Apartment,23.0796581,72.4947377,15000000.0
5119,4,Apartment,23.0774129,72.4943545,35800000.0
4675,4,Apartment,23.0774129,72.4943545,32700000.0
2788,3,Apartment,23.0796581,72.4947377,18100000.0
5390,4,Apartment,23.057541,72.5435085,38800000.0
4995,4,Apartment,23.057541,72.5435085,36000000.0
4650,4,Apartment,23.0774129,72.4943545,28800000.0
2594,3,Apartment,23.0796581,72.4947377,14500000.0
2925,4,Villa,23.0774129,72.4943545,55000000.0
1953,3,Apartment,23.057541,72.5435085,15000000.0
2412,3,Apartment,23.057541,72.5435085,15300000.0
4041,4,Apartment,23.057541,72.5435085,25600000.0
3050,4,Apartment,23.0774129,72.4943545,17600000.0
2610,3,Apartment,23.0774129,72.4943545,18300000.0
3267,4,Apartment,23.0774129,72.4943545,20000000.0
3159,4,Apartment,23.0774129,72.4943545,19300000.0
3159,4,Apartment,23.0774129,72.4943545,18300000.0
5850,4,Apartment,23.0774129,72.4943545,65000000.0
2088,3,Apartment,23.0774129,72.4943545,13500000.0
3735,4,Villa,23.0774129,72.4943545,58000000.0
1575,3,Apartment,23.057541,72.5435085,9900000.0
1618,4,Apartment,23.057541,72.5435085,25000000.0
4500,4,Villa,23.0774129,72.4943545,40000000.0
5922,4,Apartment,23.0796581,72.4947377,44400000.00000001
5517,4,Apartment,23.0796581,72.4947377,41400000.0
5553,4,Apartment,23.0796581,72.4947377,41600000.0
6957,5,Apartment,23.0796581,72.4947377,52200000.0
7047,5,Apartment,23.0796581,72.4947377,52900000.0
5679,4,Apartment,23.0796581,72.4947377,42600000.0
10611,6,Apartment,23.0796581,72.4947377,79600000.0
11088,5,Apartment,23.0796581,72.4947377,83200000.0
4500,3,Villa,23.0774129,72.4943545,50000000.0
5400,6,Apartment,23.0774129,72.4943545,80000000.0
7281,5,Villa,23.0774129,72.4943545,110000000.0
8199,4,Apartment,23.057541,72.5435085,140000000.0
3200,4,Apartment,23.0774129,72.4943545,25000000.0
1998,4,Apartment,23.0774129,72.4943545,42000000.0
1782,4,Apartment,23.0774129,72.4943545,37000000.0
10080,6,Apartment,23.0774129,72.4943545,95000000.0
3548,5,Apartment,23.0774129,72.4943545,70000000.0
6345,5,Apartment,23.0774129,72.4943545,52000000.0
1998,4,Apartment,23.057541,72.5435085,42500000.0
4455,4,Apartment,23.0774129,72.4943545,37500000.0
5391,4,Apartment,23.057541,72.5435085,47500000.0
5514,4,Apartment,23.0796581,72.4947377,41400000.0
5514,4,Apartment,23.0796581,72.4947377,41600000.0
2925,3,Apartment,23.0796581,72.4947377,21000000.0
4500,4,Apartment,23.0774129,72.4943545,50000000.0
8325,4,Apartment,23.0774129,72.4943545,125000000.0
5508,4,Apartment,23.0796581,72.4947377,47500000.0
3825,4,Apartment,23.0774129,72.4943545,30000000.0
2727,3,Apartment,23.0774129,72.4943545,18300000.0
2520,3,Apartment,23.0774129,72.4943545,39900000.0
2862,3,Apartment,23.0774129,72.4943545,18500000.0
4455,4,Apartment,23.057541,72.5435085,32100000.0
1184,3,Apartment,23.057541,72.5435085,19500000.0
1080,2,Apartment,23.0774129,72.4943545,6200000.0
1755,4,Villa,23.057541,72.5435085,37500000.0
2594,3,Apartment,23.0796581,72.4947377,18500000.0
2412,3,Apartment,23.057541,72.5435085,16100000.000000002
1325,2,Apartment,23.057541,72.5435085,8199999.999999999
2079,3,Apartment,23.057541,72.5435085,21500000.0
12699,5,Villa,23.0774129,72.4943545,210000000.0
1314,2,Apartment,23.057541,72.5435085,8500000.0
3564,3,Apartment,23.0774129,72.4943545,38000000.0
1400,3,Apartment,23.0774129,72.4943545,17100000.0
2700,3,Apartment,23.0796581,72.4947377,15400000.0
3825,4,Apartment,23.0774129,72.4943545,26000000.0
1314,2,Apartment,23.057541,72.5435085,8199999.999999999
1710,3,Apartment,23.057541,72.5435085,12500000.0
2250,3,Apartment,23.057541,72.5435085,18800000.0
1984,3,Apartment,23.0796581,72.4947377,19000000.0
4086,4,Villa,23.0774129,72.4943545,62500000.0
1890,3,Apartment,23.0774129,72.4943545,12500000.0
1800,3,Apartment,23.057541,72.5435085,12000000.0
2844,3,Apartment,23.0774129,72.4943545,21000000.0
1746,3,Apartment,23.0774129,72.4943545,9300000.0
3870,4,Apartment,23.0774129,72.4943545,25000000.0
2100,3,Apartment,23.0774129,72.4943545,14500000.0
2788,3,Apartment,23.0796581,72.4947377,19500000.0
1800,3,Apartment,23.057541,72.5435085,11500000.0
2657,3,Apartment,23.096244,72.4657337,17500000.0
3770,4,Apartment,23.0796581,72.4947377,27500000.0
7920,3,Villa,23.0774129,72.4943545,85000000.0
2000,3,Apartment,23.057541,72.5435085,12500000.0
2745,3,Apartment,23.0774129,72.4943545,18000000.0
2835,3,Apartment,23.0774129,72.4943545,28100000.0
1305,2,Apartment,23.0774129,72.4943545,7500000.0
3564,3,Apartment,23.0774129,72.4943545,38000000.0
8199,4,Apartment,23.0774129,72.4943545,150000000.0
2511,3,Apartment,23.0796581,72.4947377,16700000.0
4608,4,Apartment,23.0774129,72.4943545,35700000.0
2925,4,Villa,23.0774129,72.4943545,47500000.0
1656,3,Villa,23.057541,72.5435085,30000000.0
5679,4,Villa,23.0774129,72.4943545,60000000.0
4230,4,Apartment,23.0774129,72.4943545,64000000.0
2921,3,Apartment,23.0796581,72.4947377,17500000.0
6500,4,Apartment,23.0774129,72.4943545,30000000.0
5400,4,Apartment,23.0796581,72.4947377,35100000.0
5116,4,Apartment,23.0796581,72.4947377,29700000.000000004
1890,3,Apartment,23.057541,72.5435085,13500000.0
3770,4,Apartment,23.0796581,72.4947377,24500000.0
2106,3,Apartment,23.057541,72.5435085,16000000.0
1184,3,Apartment,23.057541,72.5435085,19000000.0
2657,3,Apartment,23.096244,72.4657337,17500000.0
3770,4,Apartment,23.0774129,72.4943545,27500000.0
7920,3,Villa,23.1008171,72.4946672,85000000.0
2745,3,Apartment,23.1451332,72.5328112,18000000.0
2835,3,Apartment,23.1743872,72.8270334,28100000.0
3564,3,Apartment,23.1008171,72.4946672,38000000.0
8199,4,Apartment,23.0581179,72.5047692,150000000.0
2043,3,Apartment,23.0084483,72.5684667,15000000.0
2925,4,Villa,23.0774129,72.4943545,47500000.0
1656,3,Villa,23.057541,72.5435085,30000000.0
5679,4,Villa,23.0774129,72.4943545,60000000.0
4230,4,Apartment,23.0774129,72.4943545,64000000.0
1890,3,Apartment,23.057541,72.5435085,13500000.0
3204,4,Villa,23.1020055,72.5948103,42500000.0
2862,4,Villa,23.1020055,72.5948103,40000000.0
4293,4,Apartment,23.1281388,72.5476575,29200000.0
1998,3,Apartment,23.2424869,72.4956214,14000000.0
2646,3,Apartment,23.1281388,72.5476575,20500000.0
3744,4,Villa,23.0329263,72.4259729,80000000.0
2430,4,Villa,23.059683,72.5806993,45000000.0
2790,4,Villa,23.2478221,72.4852775,50000000.0
2511,3,Apartment,23.0851841,72.5224248,15000000.0
3537,4,Apartment,23.0539511,72.595426,26000000.0
2879,5,Apartment,22.996342,72.5043085,20600000.0
1450,3,Apartment,23.0604301,72.6537943,9500000.0
1210,2,Apartment,22.996342,72.5043085,9000000.0
1812,3,Apartment,22.996342,72.5043085,14400000.0
1600,3,Apartment,22.996342,72.5043085,8000000.0
1080,2,Apartment,22.9982993,72.5043337,7200000.0
1152,2,Apartment,23.0399922,72.5778602,7050000.0
1860,3,Apartment,22.996342,72.5043085,10200000.0
1915,3,Apartment,22.996342,72.5043085,13200000.0
3611,4,Apartment,22.996342,72.5043085,20700000.0
2332,3,Apartment,22.996342,72.5043085,12000000.0
1890,3,Apartment,22.996342,72.5043085,12000000.0
1260,2,Apartment,22.996342,72.5043085,6600000.0
1860,3,Apartment,22.996342,72.5043085,10500000.0
1260,2,Apartment,22.996342,72.5043085,6700000.0
5400,4,Apartment,22.996342,72.5043085,50000000.0
2398,3,Apartment,22.996342,72.5043085,14400000.0
1260,2,Apartment,22.996342,72.5043085,6800000.000000001
971,3,Apartment,23.0716125,72.6367479,16200000.000000002
1210,2,Apartment,22.996342,72.5043085,7900000.0
1215,2,Apartment,22.996342,72.5043085,10000000.0
1845,3,Apartment,22.996342,72.5043085,10500000.0
4275,4,Apartment,23.04711,72.527537,26500000.0
3611,4,Apartment,22.996342,72.5043085,22500000.0
2332,3,Apartment,22.996342,72.5043085,15000000.0
1485,3,Apartment,22.996342,72.5043085,8800000.0
1450,3,Apartment,22.996342,72.5043085,10000000.0
1227,3,Apartment,23.04711,72.527537,13100000.0
3611,4,Apartment,23.04711,72.527537,19800000.0
3611,4,Apartment,23.04711,72.527537,19900000.0
2292,3,Apartment,23.017704,72.4696021,12500000.0
2398,3,Apartment,22.996342,72.5043085,13700000.000000002
2398,3,Apartment,22.996342,72.5043085,12500000.0
2398,3,Apartment,23.04711,72.527537,12000000.0
1705,3,Apartment,22.996342,72.5043085,12500000.0
2332,3,Apartment,22.996342,72.5043085,11200000.000000002
3611,4,Apartment,23.04711,72.527537,20000000.0
3611,4,Apartment,23.04711,72.527537,18000000.0
1070,2,Apartment,22.996342,72.5043085,6798999.999999999
1600,3,Apartment,22.9993778,72.5050671,9000000.0
1540,4,Apartment,22.996342,72.5043085,13400000.0
1730,3,Apartment,22.996342,72.5043085,9000000.0
1663,3,Apartment,23.3254747,72.0554467,8000000.0
1064,2,Apartment,22.9993778,72.5050671,6850000.000000001
1770,3,Apartment,22.996342,72.5043085,8199999.999999999
1070,2,Apartment,22.9982993,72.5043337,7500000.0
2082,4,Apartment,23.04711,72.527537,22000000.0
1905,3,Apartment,22.996342,72.5043085,15000000.0
1305,2,Apartment,22.996342,72.5043085,7000000.0
1600,3,Apartment,22.9993778,72.5050671,8500000.0
1730,3,Apartment,23.2145657,72.6856816,7800000.0
1560,3,Apartment,23.3254747,72.0554467,8500000.0
1070,2,Apartment,22.9982993,72.5043337,6700000.0
2300,3,Apartment,23.017704,72.4696021,10400000.0
990,3,Apartment,23.0649034,72.5268918,2500000.0
2332,3,Apartment,22.996342,72.5043085,14200000.0
1064,2,Apartment,22.9993778,72.5050671,5900000.0
1125,2,Apartment,22.996342,72.5043085,5250000.0
1915,3,Apartment,22.996342,72.5043085,17500000.0
970,2,Apartment,22.996342,72.5043085,7100000.0
1070,2,Apartment,22.996342,72.5043085,7000000.0
210,2,Apartment,22.996342,72.5043085,30000000.0
1663,3,Apartment,23.3254747,72.0554467,9900000.0
3611,4,Apartment,23.04711,72.527537,19000000.0
1870,3,Apartment,23.2408258,72.5031982,8300000.0
1080,2,Apartment,22.9982993,72.5043337,9000000.0
1705,3,Apartment,22.9982993,72.5043337,10500000.0
970,2,Apartment,22.996342,72.5043085,5000000.0
2300,3,Apartment,23.04711,72.527537,13000000.0
650,1,Apartment,23.2369487,72.6656897,3633000.0
2292,3,Apartment,23.04711,72.527537,12000000.0
1088,2,Apartment,22.9993778,72.5050671,5600000.000000001
2292,3,Apartment,23.04711,72.527537,14000000.0
6075,2,Apartment,22.996342,72.5043085,5000000.0
1984,3,Apartment,22.996342,72.5043085,10500000.0
970,2,Apartment,22.996342,72.5043085,6000000.0
970,2,Apartment,22.996342,72.5043085,5100000.0
970,2,Apartment,22.996342,72.5043085,5400000.0
1770,3,Apartment,22.996342,72.5043085,9000000.0
1730,3,Apartment,22.996342,72.5043085,9500000.0
1881,3,Apartment,22.996342,72.5043085,11000000.0
650,1,Apartment,22.996342,72.5043085,3000000.0
1892,3,Apartment,23.3254747,72.0554467,11000000.0
1000,2,Apartment,22.996342,72.5043085,4700000.0
1050,2,Apartment,22.996342,72.5043085,7500000.0
2475,4,Apartment,22.996342,72.5043085,19000000.0
1892,3,Apartment,22.996342,72.5043085,10500000.0
1800,3,Apartment,22.996342,72.5043085,10700000.0
970,2,Apartment,22.996342,72.5043085,4099999.9999999995
2237,4,Apartment,23.0417971,72.4911758,36500000.0
517,4,Apartment,23.0417971,72.4911758,95000000.0
4050,4,Apartment,23.0417971,72.4911758,70000000.0
3967,4,Apartment,23.073874,72.661675,45000000.0
3280,4,Apartment,23.0417971,72.4911758,29000000.0
3400,4,Apartment,23.0375426,72.5670608,28800000.0
5616,4,Villa,22.9969634,72.633455,110000000.0
4752,4,Villa,23.0417971,72.4911758,105000000.0
13185,5,Villa,23.0417971,72.4911758,280000000.0
4725,4,Apartment,23.0417971,72.4911758,40199999.99999999
4320,4,Apartment,23.0417971,72.4911758,36700000.0
4776,4,Apartment,23.0417971,72.4911758,40599999.99999999
4000,4,Apartment,23.0417971,72.4911758,36000000.0
4170,4,Apartment,23.0458191,72.5523558,35400000.0
3967,4,Apartment,23.0417971,72.4911758,38500000.0
1185,2,Apartment,23.0417971,72.4911758,7000000.0
2340,4,Apartment,23.0417971,72.4911758,37800000.0
1440,3,Apartment,23.0295113,72.4506006,7500000.0
1700,3,Apartment,23.0295113,72.4506006,7700000.0
1440,3,Apartment,23.0295113,72.4506006,7000000.0
1500,3,Villa,23.0295113,72.4506006,16000000.0
1700,3,Apartment,23.0295113,72.4506006,7200000.0
1500,3,Apartment,23.0295113,72.4506006,9000000.0
1250,2,Apartment,23.0295113,72.4506006,5800000.0
3465,5,Villa,23.0295113,72.4506006,48500000.0
1440,3,Villa,23.0295113,72.4506006,15500000.0
2376,4,Villa,23.0295113,72.4506006,30000000.0
1700,3,Apartment,23.0295113,72.4506006,7300000.0
1700,3,Apartment,23.0295113,72.4506006,7500000.0
1224,3,Apartment,23.0295113,72.4506006,7800000.0
768,3,Apartment,23.0295113,72.4506006,7600000.0
1270,2,Apartment,23.0295113,72.4506006,5500000.0
775,3,Apartment,23.0295113,72.4506006,7800000.0
873,2,Apartment,23.0295113,72.4506006,4200000.0
565,2,Apartment,23.0295113,72.4506006,5800000.0
2250,3,Apartment,23.0295113,72.4506006,25000000.0
1244,2,Apartment,23.0296268,72.5583652,5900000.0
1300,2,Apartment,23.0295113,72.4506006,5000000.0
753,1,Apartment,23.0241902,72.5785562,3000000.0
1700,3,Apartment,22.9884742,72.3357236,7000000.0
1692,4,Apartment,23.166292,72.8125255,25099999.999999996
1265,2,Apartment,23.0296268,72.5583652,5760000.0
1200,2,Apartment,23.0295113,72.4506006,5000000.0
1000,2,Apartment,23.1049551,72.6672825,5200000.0
1485,3,Apartment,23.0295113,72.4506006,7000000.0
1710,3,Villa,23.017704,72.4696021,15000000.0
1575,3,Apartment,23.0489175,72.6041847,18000000.0
1485,4,Villa,23.2929639,72.4440194,15000000.0
1700,3,Apartment,22.9884742,72.3357236,6800000.000000001
851,3,Apartment,23.0295113,72.4506006,7300000.0
1665,3,Apartment,23.0295113,72.4506006,16000000.0
2050,3,Apartment,23.017704,72.4696021,15100000.0
1710,3,Apartment,23.0295113,72.4506006,22000000.0
5985,4,Apartment,23.0295113,72.4506006,37100000.0
3060,4,Villa,23.0295113,72.4506006,35100000.0
2250,3,Apartment,23.0295113,72.4506006,20000000.0
1750,3,Apartment,23.0295113,72.4506006,8199999.999999999
1359,2,Apartment,22.9811933,72.6319432,5168000.0
2052,4,Apartment,23.0839289,72.6785883,21100000.0
3060,4,Villa,23.0295113,72.4506006,31500000.0
1755,3,Apartment,23.0295113,72.4506006,7500000.0
1265,2,Apartment,23.0295113,72.4506006,5600000.000000001
1310,2,Apartment,23.0295113,72.4506006,5800000.0
1944,4,Villa,23.0295113,72.4506006,25000000.0
1700,3,Apartment,23.0295113,72.4506006,5950000.0
1245,2,Apartment,23.0295113,72.4506006,4358000.0
1602,3,Villa,23.0295113,72.4506006,19000000.0
4005,3,Apartment,23.0295113,72.4506006,45000000.0
1850,3,Apartment,23.0295113,72.4506006,8500000.0
1360,2,Apartment,23.0295113,72.4506006,6400000.0
2700,3,Villa,23.166292,72.8125255,24500000.0
700,2,Apartment,23.0295113,72.4506006,4900000.0
1280,2,Apartment,23.0295113,72.4506006,6500000.0
750,2,Apartment,23.0295113,72.4506006,6000000.0
1710,3,Villa,23.0295113,72.4506006,22700000.0
3465,4,Apartment,23.0730267,72.6528769,48500000.0
1323,4,Villa,23.0295113,72.4506006,23500000.0
1170,2,Apartment,23.0295113,72.4506006,4900000.0
1700,3,Apartment,23.0295113,72.4506006,6899999.999999999
1529,3,Apartment,23.0295113,72.4506006,6500000.0
1700,3,Apartment,23.0295113,72.4506006,8500000.0
1170,2,Apartment,23.0295113,72.4506006,5100000.0
1265,2,Apartment,23.0295113,72.4506006,5699999.999999999
1750,3,Apartment,23.0295113,72.4506006,7500000.0
1245,2,Apartment,22.9884742,72.3357236,4500000.0
1700,3,Apartment,23.0295113,72.4506006,7600000.0
2250,4,Villa,23.0069624,72.5440056,16000000.0
2637,4,Villa,23.166292,72.8125255,16500000.0
3393,2,Apartment,23.011444,72.5106175,14100000.0
1244,2,Apartment,23.0296268,72.5583652,4976000.0
11340,3,Apartment,23.0295113,72.4506006,5500000.0
1620,4,Villa,23.166292,72.8125255,17000000.0
1484,3,Apartment,23.0295113,72.4506006,5850000.0
1244,2,Apartment,23.0295113,72.4506006,4500000.0
1575,4,Villa,23.0069624,72.5440056,20000000.0
1863,3,Villa,23.0069624,72.5440056,11500000.0
1053,2,Apartment,22.969366,72.3045954,4099999.9999999995
1170,3,Villa,23.0386182,72.5615846,6500000.0
1233,1,Apartment,23.0295113,72.4506006,5500000.0
720,1,Apartment,23.0295113,72.4506006,3000000.0
1555,3,Apartment,23.0295113,72.4506006,5909000.0
680,2,Apartment,23.062275,72.571217,4800000.0
900,2,Apartment,23.0295113,72.4506006,3700000.0
1105,2,Apartment,23.0295113,72.4506006,5200000.0
1224,4,Villa,23.0295113,72.4506006,17500000.0
1235,3,Apartment,23.0295113,72.4506006,5500000.0
568,2,Apartment,23.0295113,72.4506006,3500000.0
1710,4,Villa,23.0295113,72.4506006,10000000.0
2925,4,Villa,23.0295113,72.4506006,16100000.000000002
675,3,Villa,23.0295113,72.4506006,10500000.0
1800,4,Villa,23.0901491,72.6505239,13500000.0
1517,3,Apartment,23.0296268,72.5583652,6550000.0
639,2,Apartment,23.0054636,72.4567714,3800000.0
1530,3,Apartment,23.2356278,72.4995748,6800000.000000001
2025,4,Apartment,23.0069624,72.5440056,21500000.0
846,3,Apartment,23.0295113,72.4506006,8500000.0
1184,2,Apartment,23.2125309,72.684767,5100000.0
1244,2,Apartment,23.0296268,72.5583652,6100000.0
1560,3,Apartment,23.0295113,72.4506006,8500000.0
1350,4,Apartment,23.0063315,72.536517,15500000.0
1215,2,Apartment,23.0295113,72.4506006,5000000.0
873,2,Apartment,22.969366,72.3045954,4350000.0
1700,3,Apartment,23.0295113,72.4506006,6500000.0
1080,3,Villa,23.0295113,72.4506006,12000000.0
1250,2,Apartment,23.0604301,72.6537943,4500000.0
666,1,Apartment,22.9884742,72.3357236,2400000.0
1800,1,Apartment,23.0296268,72.5583652,8000000.0
3438,3,Apartment,23.0398379,72.5276503,38200000.0
1250,2,Apartment,23.0655907,72.643304,3500000.0
1050,2,Apartment,23.0111491,72.5132562,5800000.0
1305,2,Apartment,23.2356278,72.4995748,7500000.0
1200,3,Apartment,23.0295113,72.4506006,4400000.0
1125,2,Apartment,23.0839289,72.6785883,4300000.0
1800,3,Apartment,23.0295113,72.4506006,11000000.0
1245,2,Apartment,23.0295113,72.4506006,5300000.0
1517,3,Apartment,23.0296268,72.5583652,7000000.0
900,2,Apartment,23.1049551,72.6672825,5000000.0
1245,2,Apartment,22.9884742,72.3357236,5600000.000000001
630,1,Apartment,23.0398447,72.6298154,2700000.0
1572,3,Apartment,23.1081937,72.5328119,8000000.0
2385,3,Villa,23.0295113,72.4506006,13500000.0
2350,4,Villa,23.0295113,72.4506006,13500000.0
1150,2,Apartment,23.0295113,72.4506006,4850000.0
1260,2,Apartment,23.0295113,72.4506006,5600000.000000001
2610,3,Villa,23.0295113,72.4506006,40000000.0
2745,4,Villa,23.0295113,72.4506006,27500000.0
1620,3,Villa,23.0295113,72.4506006,13000000.0
2250,4,Villa,23.0295113,72.4506006,16000000.0
900,2,Villa,23.0295113,72.4506006,7000000.0
2700,3,Villa,23.0295113,72.4506006,26000000.0
1773,3,Apartment,23.0295113,72.4506006,9500000.0
1260,2,Apartment,23.0295113,72.4506006,5500000.0
1240,2,Apartment,23.0295113,72.4506006,5400000.0
1359,4,Villa,23.0295113,72.4506006,16000000.0
1485,4,Villa,23.0295113,72.4506006,13500000.0
1244,2,Apartment,23.2145657,72.6856816,5170000.0
1100,2,Apartment,23.0295113,72.4506006,4800000.0
1053,2,Apartment,23.0295113,72.4506006,3700000.0
1053,2,Apartment,23.0295113,72.4506006,4500000.0
1500,3,Apartment,23.0295113,72.4506006,4950000.0
1143,2,Apartment,23.0295113,72.4506006,4500000.0
1998,4,Villa,23.0295113,72.4506006,25000000.0
1260,2,Apartment,23.0295113,72.4506006,5500000.0
1305,4,Villa,23.0295113,72.4506006,18700000.0
1500,3,Apartment,23.0295113,72.4506006,7800000.0
1143,2,Apartment,23.2125309,72.684767,5000000.0
1570,3,Apartment,23.1081937,72.5328119,7600000.0
1242,4,Villa,23.0295113,72.4506006,11000000.0
738,1,Apartment,23.0295113,72.4506006,3000000.0
1890,3,Villa,23.2929639,72.4440194,20500000.0
1710,3,Villa,23.0295113,72.4506006,11500000.0
1250,3,Apartment,23.0295113,72.4506006,6500000.0
1609,3,Apartment,23.0295113,72.4506006,6851000.0
1800,3,Apartment,23.0295113,72.4506006,17000000.0
1800,3,Apartment,23.0295113,72.4506006,25000000.0
1000,2,Apartment,23.2929639,72.4440194,4200000.0
1500,3,Apartment,23.0069624,72.5440056,5800000.0
1900,3,Apartment,23.0494863,72.5672615,13000000.0
1467,3,Apartment,23.0674161,72.5827507,12500000.0
2933,5,Apartment,23.0494863,72.5672615,29500000.0
1260,4,Apartment,23.0494863,72.5672615,17500000.0
630,2,Apartment,23.0494863,72.5672615,5800000.0
1611,3,Apartment,23.0494863,72.5672615,11000000.0
900,2,Apartment,23.0494863,72.5672615,6000000.0
3222,5,Apartment,23.0494863,72.5672615,32500000.0
990,2,Apartment,23.0494863,72.5672615,7400000.0
1890,3,Apartment,23.0494863,72.5672615,12000000.0
1449,3,Apartment,23.0494863,72.5672615,8199999.999999999
900,2,Apartment,23.0494863,72.5672615,8100000.000000001
900,1,Apartment,23.0494863,72.5672615,12500000.0
4000,5,Apartment,23.0494863,72.5672615,18500000.0
900,2,Apartment,23.0494863,72.5672615,6500000.0
1300,2,Apartment,23.0494863,72.5672615,5000000.0
1305,2,Apartment,23.0494863,72.5672615,7500000.0
2115,3,Apartment,23.0494863,72.5672615,12900000.0
6930,8,Apartment,23.0674161,72.5827507,150000000.0
2115,3,Apartment,23.0494863,72.5672615,12700000.0
1215,2,Apartment,23.0494863,72.5672615,6200000.0
2520,4,Villa,23.0494863,72.5672615,25200000.0
500,4,Villa,23.0494863,72.5672615,55000000.0
1575,3,Apartment,23.0787426,72.6681866,11000000.0
1935,4,Apartment,23.0069624,72.5440056,16500000.0
1300,4,Apartment,23.0787426,72.6681866,7000000.0
1100,3,Apartment,23.0069624,72.5440056,5800000.0
450,1,Apartment,23.0788863,72.5917636,4000000.0
1026,3,Apartment,23.0788549,72.5906398,6200000.0
1215,2,Apartment,23.0069624,72.5440056,7000000.0
4770,6,Villa,23.2400577,72.5000558,92700000.0
990,4,Apartment,23.0494863,72.5672615,25000000.0
4500,6,Villa,23.0494863,72.5672615,41500000.0
2357,3,Apartment,23.0494863,72.5672615,16000000.0
990,2,Apartment,23.0494863,72.5672615,6500000.0
1530,3,Apartment,23.0494863,72.5672615,9100000.0
1980,4,Apartment,23.0494863,72.5672615,9000000.0
2340,4,Apartment,23.0494863,72.5672615,19500000.0
2997,2,Villa,23.0494863,72.5672615,31600000.0
1530,3,Apartment,23.0494863,72.5672615,19000000.0
1125,2,Apartment,23.0326231,72.5709891,5800000.0
1620,3,Apartment,23.0494863,72.5672615,13100000.0
3078,4,Villa,23.2420572,72.4880711,38000000.0
1910,2,Apartment,23.0494863,72.5672615,15000000.0
1800,3,Apartment,23.0494863,72.5672615,30000000.0
1395,3,Apartment,23.0674161,72.5827507,7500000.0
1440,3,Apartment,23.0494863,72.5672615,7000000.0
1200,2,Apartment,23.0839289,72.6785883,3500000.0
720,4,Apartment,23.0069624,72.5440056,6000000.0
1210,4,Apartment,23.0063315,72.536517,10000000.0
900,2,Apartment,23.0111491,72.5132562,3300000.0
1260,4,Apartment,22.9909348,72.6367666,14000000.0
200,2,Apartment,23.0649034,72.5268918,3000000.0
2475,3,Villa,23.0271267,72.5226289,9200000.0
1150,2,Villa,23.0215374,72.5800568,8500000.0
1455,2,Apartment,23.0637665,72.555444,6899999.999999999
900,2,Villa,22.992195,72.6116113,7500000.0
800,2,Villa,23.0616704,72.6721767,6000000.0
1200,3,Villa,23.0215374,72.5800568,9000000.0
495,2,Apartment,23.0713102,72.539578,2000000.0
900,4,Apartment,23.0616704,72.6721767,11000000.0
1300,2,Apartment,23.0111491,72.5132562,2200000.0
896,2,Apartment,23.0111491,72.5132562,4000000.0
765,2,Apartment,23.0215374,72.5800568,1800000.0
720,3,Villa,23.0616704,72.6721767,4500000.0
855,2,Apartment,23.0111491,72.5132562,3500000.0
900,2,Apartment,23.0215374,72.5800568,4800000.0
740,2,Apartment,23.0637665,72.555444,2500000.0
990,2,Villa,23.0215374,72.5800568,5500000.0
1647,3,Villa,23.2420572,72.4880711,9800000.0
1350,2,Apartment,23.0326239,72.6392784,3200000.0
2500,4,Apartment,22.9969634,72.633455,7500000.0
350,1,Apartment,23.0787426,72.6681866,1200000.0
1080,2,Apartment,22.9732159,72.6114964,4500000.0
1000,2,Apartment,23.0111491,72.5132562,4200000.0
1440,4,Villa,23.0215374,72.5800568,15000000.0
1080,3,Apartment,23.273674,72.3225573,6000000.0
1425,2,Apartment,23.0111491,72.5132562,3200000.0
1076,2,Apartment,23.0215374,72.5800568,3500000.0
675,1,Apartment,23.298153,72.3397926,1650000.0
2023,3,Apartment,23.0616704,72.6721767,15000000.0
1200,3,Apartment,23.0637665,72.555444,4500000.0
1100,2,Apartment,23.0398447,72.6298154,3650000.0
2800,5,Apartment,23.0616704,72.6721767,30000000.0
1215,3,Apartment,23.0366663,72.5492165,4500000.0
900,3,Apartment,23.0637665,72.555444,6000000.0
1000,2,Apartment,23.0616704,72.6721767,7000000.0
900,3,Villa,23.0215374,72.5800568,6000000.0
2500,3,Apartment,22.9637812,72.6082167,7000000.0
350,1,Apartment,23.0649034,72.5268918,2200000.0
1215,2,Apartment,23.298153,72.3397926,3100000.0
4800,3,Apartment,23.0069624,72.5440056,16000000.0
2880,3,Apartment,23.0284731,72.5590087,8800000.0
1458,2,Apartment,23.0434823,72.6810611,4900000.0
476,1,Apartment,23.0434823,72.6810611,3250000.0
648,2,Apartment,23.0434823,72.6810611,5500000.0
720,1,Apartment,23.0434823,72.6810611,3100000.0
1179,2,Apartment,23.0434823,72.6810611,4600000.0
765,1,Apartment,23.0434823,72.6810611,3200000.0
1179,2,Apartment,23.0434823,72.6810611,4500000.0
1125,2,Apartment,23.0434823,72.6810611,5500000.0
2430,4,Apartment,23.0434823,72.6810611,13500000.0
1053,4,Apartment,23.0434823,72.6810611,32500000.0
1242,2,Apartment,23.0434823,72.6810611,5350000.0
1431,4,Apartment,23.0434823,72.6810611,22500000.0
1395,3,Apartment,23.0434823,72.6810611,16500000.0
387,1,Apartment,23.0434823,72.6810611,10000000.0
440,1,Apartment,23.0434823,72.6810611,2490000.0
1215,2,Apartment,23.0434823,72.6810611,4099999.9999999995
1512,2,Apartment,23.0616704,72.6721767,6200000.0
2043,3,Apartment,23.0434823,72.6810611,7300000.0
837,1,Apartment,23.0434823,72.6810611,3200000.0
3925,4,Apartment,23.0434823,72.6810611,19500000.0
594,1,Apartment,23.0366663,72.5492165,2500000.0
950,2,Apartment,23.2478221,72.4852775,5499000.000000001
1056,1,Apartment,22.9954909,72.5335463,4500000.0
1053,2,Apartment,23.0434823,72.6810611,4000000.0
1215,3,Apartment,23.0839289,72.6785883,8000000.0
1917,3,Apartment,23.0434823,72.6810611,9000000.0
1125,2,Apartment,23.2145657,72.6856816,5699999.999999999
2295,3,Apartment,23.0434823,72.6810611,8800000.0
1750,3,Apartment,23.2169751,72.6672517,7500000.0
3417,3,Apartment,23.0635608,72.5959508,29500000.0
1395,2,Apartment,23.0839289,72.6785883,5500000.0
1944,3,Apartment,23.0434823,72.6810611,7500000.0
1485,3,Apartment,23.2478221,72.4852775,5800000.0
1494,4,Villa,23.0434823,72.6810611,34500000.0
450,1,Apartment,23.0110669,72.5137432,2100000.0
1528,2,Apartment,23.3254747,72.0554467,5500000.0
1575,2,Apartment,23.0434823,72.6810611,6800000.000000001
1143,2,Apartment,23.0839289,72.6785883,7500000.0
720,1,Apartment,23.06384,72.5430733,2600000.0
2169,3,Apartment,23.0015561,72.5132033,8400000.0
1100,2,Apartment,23.0063315,72.536517,4500000.0
1530,2,Villa,23.0681554,72.5428774,6500000.0
1467,2,Apartment,23.2942714,72.3310286,5151000.0
800,2,Apartment,23.0716125,72.6367479,8000000.0
1251,2,Apartment,22.9881153,72.6348218,4200000.0
702,1,Apartment,23.0434823,72.6810611,2500000.0
1152,2,Apartment,23.0195503,72.4687169,4811000.0
2988,3,Apartment,23.0116938,72.5114895,14100000.0
1250,2,Apartment,23.017704,72.4696021,4500000.0
1080,2,Apartment,23.2524609,72.4843063,3700000.0
624,2,Apartment,23.030038,72.5138178,6050000.0
1287,2,Apartment,23.0305611,72.5584223,4500000.0
1647,3,Apartment,23.0366663,72.5492165,14100000.0
2150,3,Apartment,23.0434823,72.6810611,12000000.0
1935,3,Apartment,23.0901491,72.6505239,8900000.0
1917,3,Apartment,23.0434823,72.6810611,8100000.000000001
1602,2,Apartment,23.3254747,72.0554467,6600000.0
1395,4,Villa,23.0434823,72.6810611,25000000.0
1233,2,Apartment,23.0839289,72.6785883,4500000.0
1161,2,Apartment,23.0434823,72.6810611,4900000.0
1305,2,Apartment,23.0839289,72.6785883,4700000.0
1125,2,Apartment,23.0839289,72.6785883,5500000.0
2988,3,Apartment,23.0434823,72.6810611,18000000.0
990,2,Apartment,23.0401695,72.6625484,4800000.0
450,1,Apartment,23.0111491,72.5132562,1419999.9999999998
1367,2,Apartment,23.2990325,72.4371042,3500000.0
725,2,Apartment,23.0434823,72.6810611,5300000.0
1458,2,Apartment,23.0434823,72.6810611,4900000.0
1250,1,Apartment,23.0434823,72.6810611,8000000.0
1062,2,Apartment,23.0434823,72.6810611,4200000.0
700,1,Apartment,23.0839289,72.6785883,2500000.0
2115,3,Apartment,23.0434823,72.6810611,9000000.0
1458,4,Apartment,23.0434823,72.6810611,25000000.0
1053,2,Apartment,23.0434823,72.6810611,4099999.9999999995
387,2,Apartment,23.0434823,72.6810611,3200000.0
1500,3,Villa,23.0434823,72.6810611,11000000.0
675,1,Apartment,23.0732586,72.6508299,2700000.0
1170,2,Apartment,23.0839289,72.6785883,3700000.0
1287,2,Apartment,23.0434823,72.6810611,4600000.0
1422,2,Apartment,23.1579352,72.8006066,6000000.0
1197,2,Apartment,23.0195503,72.4687169,6000000.0
302,1,Apartment,23.0111491,72.5132562,1500000.0
1200,2,Apartment,23.0156527,72.5301088,4500000.0
836,2,Apartment,23.0434823,72.6810611,5000000.0
1107,2,Apartment,23.0434823,72.6810611,3500000.0
1170,2,Apartment,23.0604301,72.6537943,4700000.0
1944,3,Apartment,23.0434823,72.6810611,10000000.0
675,3,Apartment,23.06384,72.5430733,5500000.0
700,1,Apartment,23.0839289,72.6785883,2600000.0
680,2,Apartment,23.0649034,72.5268918,5600000.000000001
810,1,Apartment,23.0215374,72.5800568,2369000.0
1125,2,Apartment,23.0111491,72.5132562,5300000.0
702,1,Apartment,23.0434823,72.6810611,2700000.0
927,2,Apartment,23.0713102,72.539578,5300000.0
1485,4,Villa,23.0434823,72.6810611,24500000.0
2097,3,Apartment,23.0434823,72.6810611,7800000.0
1998,3,Apartment,23.0434823,72.6810611,8000000.0
1490,3,Apartment,23.0434823,72.6810611,5800000.0
720,1,Apartment,23.0839289,72.6785883,2650000.0
1400,4,Villa,23.0434823,72.6810611,12500000.0
810,1,Apartment,23.036861,72.521212,10000000.0
1152,2,Apartment,23.022616,72.5819947,4550000.0
1330,2,Apartment,23.0839289,72.6785883,5100000.0
1330,2,Apartment,23.0434823,72.6810611,6000000.0
855,1,Apartment,23.0901491,72.6505239,2351000.0
1215,2,Apartment,23.0839289,72.6785883,5000000.0
1053,2,Apartment,23.0616704,72.6721767,4000000.0
750,3,Villa,23.0434823,72.6810611,4500000.0
585,1,Apartment,23.0434823,72.6810611,1400000.0000000002
954,2,Apartment,23.0434823,72.6810611,4200000.0
1062,2,Apartment,23.0110669,72.5137432,3700000.0
1530,3,Apartment,22.9954909,72.5335463,6500000.0
945,2,Apartment,23.0110669,72.5137432,3200000.0
1062,2,Apartment,23.0110669,72.5137432,3751000.0
1280,2,Apartment,23.0434823,72.6810611,4800000.0
1278,2,Apartment,23.0434823,72.6810611,6450000.0
1080,2,Apartment,23.0332098,72.5649625,7200000.0
295,1,Apartment,23.0271267,72.5226289,1000000.0
720,1,Apartment,23.0434823,72.6810611,2500000.0
1440,2,Apartment,23.0434823,72.6810611,6200000.0
1620,2,Apartment,23.0434823,72.6810611,5300000.0
1080,1,Apartment,23.0434823,72.6810611,3850000.0
1400,2,Apartment,23.062275,72.571217,7000000.0
1710,3,Apartment,23.2840623,72.4400098,5000000.0
756,1,Apartment,23.0434823,72.6810611,2500000.0
855,2,Apartment,23.1803332,72.6303374,4000000.0
950,2,Apartment,23.0434823,72.6810611,5500000.0
1980,2,Apartment,23.0434823,72.6810611,8600000.0
1000,2,Apartment,23.0434823,72.6810611,5200000.0
1161,2,Apartment,23.0839289,72.6785883,4600000.0
990,2,Apartment,23.0434823,72.6810611,3500000.0
945,2,Apartment,23.0434823,72.6810611,3500000.0
2097,3,Apartment,23.0434823,72.6810611,8199999.999999999
900,2,Apartment,23.0839289,72.6785883,4500000.0
1125,2,Apartment,23.0839289,72.6785883,4850000.0
500,1,Apartment,23.0111491,72.5132562,3100000.0
750,1,Apartment,23.0839289,72.6785883,2330000.0
1602,3,Apartment,23.2105495,72.6850067,6000000.0
1150,2,Apartment,23.0434823,72.6810611,5500000.0
1260,2,Apartment,23.0434823,72.6810611,4000000.0
1143,2,Apartment,23.0434823,72.6810611,4600000.0
594,1,Apartment,22.999875,72.6575299,2600000.0
1300,2,Apartment,23.0434823,72.6810611,3900000.0
594,1,Apartment,23.0111491,72.5132562,2300000.0
1170,2,Apartment,23.1008171,72.4946672,3900000.0
860,1,Apartment,23.0215374,72.5800568,3000000.0
2385,3,Apartment,23.0332098,72.5649625,12000000.0
1134,2,Apartment,23.0434823,72.6810611,4000000.0
1125,2,Apartment,23.0434823,72.6810611,5000000.0
1300,2,Apartment,23.0110669,72.5137432,4500000.0
1170,2,Apartment,23.0839289,72.6785883,3600000.0
1530,3,Apartment,23.0434823,72.6810611,5699999.999999999
1314,2,Apartment,23.0839289,72.6785883,5000000.0
2070,3,Apartment,23.1429051,72.5392248,11100000.000000002
1170,2,Apartment,23.0839289,72.6785883,4800000.0
1152,2,Apartment,23.1803332,72.6303374,4450000.0
2700,2,Apartment,23.0434823,72.6810611,7300000.0
1305,2,Apartment,23.06384,72.5430733,4700000.0
1215,2,Apartment,23.0718114,72.539258,5251000.0
585,1,Apartment,23.0434823,72.6810611,4800000.0
1224,2,Apartment,23.0434823,72.6810611,4600000.0
927,2,Apartment,23.0434823,72.6810611,3300000.0
1453,2,Apartment,23.0839289,72.6785883,6500000.0
1450,2,Apartment,23.1450085,72.5333041,4600000.0
1215,2,Apartment,23.1429051,72.5392248,5500000.0
1125,2,Apartment,23.0434823,72.6810611,5400000.0
600,2,Apartment,23.0434823,72.6810611,4800000.0
1152,2,Apartment,23.0434823,72.6810611,5500000.0
1548,3,Apartment,23.0839289,72.6785883,13500000.0
1800,3,Apartment,23.0434823,72.6810611,17500000.0
516,2,Apartment,23.0839289,72.6785883,3751000.0
927,2,Apartment,23.0434823,72.6810611,5300000.0
810,2,Villa,23.0366663,72.5492165,3800000.0
1179,2,Apartment,23.0434823,72.6810611,4000000.0
500,1,Apartment,23.0434823,72.6810611,3500000.0
675,1,Apartment,23.0434823,72.6810611,2700000.0
1575,2,Apartment,23.0434823,72.6810611,6200000.0
2016,3,Apartment,23.0084483,72.5684667,6700000.0
801,1,Apartment,23.0434823,72.6810611,3100000.0
1530,2,Apartment,23.3254747,72.0554467,5600000.000000001
575,1,Apartment,23.0434823,72.6810611,2200000.0
855,2,Apartment,22.9881153,72.6348218,3200000.0
945,2,Apartment,23.0839289,72.6785883,3500000.0
1548,2,Apartment,23.0856343,72.5646439,7000000.0
484,1,Apartment,23.0434823,72.6810611,2300000.0
738,1,Apartment,23.0434823,72.6810611,2500000.0
693,1,Apartment,23.0434823,72.6810611,2200000.0
2025,4,Apartment,23.0055252,72.5522649,17000000.0
489,1,Apartment,23.0434823,72.6810611,2300000.0
648,1,Apartment,23.0434823,72.6810611,1700000.0000000002
810,1,Apartment,23.0434823,72.6810611,1150000.0
720,1,Villa,23.0434823,72.6810611,7000000.0
720,1,Apartment,23.0434823,72.6810611,2700000.0
484,1,Apartment,23.0434823,72.6810611,2200000.0
1296,2,Apartment,23.017704,72.4696021,3500000.0
1044,2,Apartment,23.0271267,72.5226289,4800000.0
990,2,Apartment,23.0366663,72.5492165,4000000.0
2700,3,Apartment,23.0434823,72.6810611,7000000.0
350,1,Apartment,23.0215374,72.5800568,1800000.0
414,3,Villa,23.0434823,72.6810611,4000000.0
1170,2,Apartment,23.2393412,72.4962124,5000000.0
2000,3,Apartment,23.0434823,72.6810611,17000000.0
1100,1,Apartment,23.0434823,72.6810611,9100000.0
1089,2,Apartment,23.06384,72.5430733,4500000.0
1000,1,Apartment,23.0111491,72.5132562,2500000.0
1260,2,Apartment,23.0839289,72.6785883,4750000.0
2241,4,Apartment,23.0366663,72.5492165,25000000.0
939,3,Apartment,23.0434823,72.6810611,6800000.000000001
1600,3,Apartment,23.2105495,72.6850067,13000000.0
1193,2,Apartment,23.0111491,72.5132562,4800000.0
1800,3,Apartment,23.2105495,72.6850067,6500000.0
388,1,Apartment,23.0839289,72.6785883,3000000.0
1431,4,Apartment,23.0063315,72.536517,8000000.0
1316,2,Apartment,23.0839289,72.6785883,5000000.0
1350,2,Apartment,23.0839289,72.6785883,5500000.0
1350,2,Apartment,22.7192412,72.8423906,5500000.0
1764,3,Apartment,23.0434823,72.6810611,9000000.0
750,2,Apartment,23.0716125,72.6367479,8000000.0
1287,2,Apartment,23.0305611,72.5584223,7000000.0
945,2,Apartment,23.0366663,72.5492165,3500000.0
1080,3,Apartment,23.0839289,72.6785883,6800000.000000001
800,2,Apartment,23.1671198,72.8137393,5500000.0
1500,3,Villa,23.0434823,72.6810611,31000000.0
342,1,Apartment,23.017704,72.4696021,3000000.0
702,1,Apartment,23.0434823,72.6810611,2300000.0
1600,3,Apartment,23.0434823,72.6810611,7000000.0
1600,3,Apartment,22.992185,72.6067341,7000000.0
750,2,Apartment,23.057541,72.5435085,6700000.0
2043,3,Apartment,23.057541,72.5435085,16000000.0
1800,3,Apartment,23.057541,72.5435085,11100000.000000002
2412,3,Apartment,23.057541,72.5435085,16000000.0
4689,4,Apartment,23.057541,72.5435085,33900000.0
3015,4,Apartment,23.057541,72.5435085,22500000.0
1926,3,Apartment,23.057541,72.5435085,20000000.0
2367,3,Apartment,23.057541,72.5435085,15800000.0
1215,2,Apartment,23.057541,72.5435085,7100000.0
2043,3,Apartment,23.057541,72.5435085,16000000.0
2079,3,Apartment,23.057541,72.5435085,17500000.0
1125,2,Apartment,23.057541,72.5435085,6800000.000000001
1350,2,Apartment,23.057541,72.5435085,7600000.0
1962,3,Apartment,23.057541,72.5435085,16500000.0
870,3,Apartment,23.057541,72.5435085,12500000.0
1836,3,Apartment,23.057541,72.5435085,15000000.0
1215,2,Apartment,23.057541,72.5435085,8500000.0
1935,2,Apartment,23.2408258,72.5031982,11000000.0
2160,2,Apartment,23.057541,72.5435085,13500000.0
1629,3,Apartment,23.057541,72.5435085,9000000.0
1530,3,Apartment,23.1632457,72.6500247,9600000.0
3978,4,Apartment,23.057541,72.5435085,29000000.0
3600,4,Villa,23.0716125,72.6367479,47000000.0
1080,2,Apartment,23.057541,72.5435085,5699999.999999999
5688,4,Apartment,23.057541,72.5435085,37900000.0
3465,4,Apartment,23.057541,72.5435085,23100000.0
449,4,Apartment,23.069237,72.5111307,26900000.0
1926,3,Apartment,23.1579315,72.6575495,14000000.0
2106,3,Apartment,23.057541,72.5435085,15000000.0
2160,3,Apartment,23.057541,72.5435085,39000000.0
2043,3,Apartment,23.057541,72.5435085,15000000.0
1071,3,Apartment,23.0716125,72.6367479,9800000.0
1845,3,Apartment,23.057541,72.5435085,14000000.0
1845,3,Apartment,23.069237,72.5111307,12500000.0
3483,3,Villa,23.057541,72.5435085,67500000.0
2178,3,Apartment,23.057541,72.5435085,20500000.0
1431,4,Apartment,23.057541,72.5435085,17000000.0
1953,3,Apartment,23.057541,72.5435085,15000000.0
2412,3,Apartment,23.057541,72.5435085,15300000.0
4041,4,Apartment,23.069237,72.5111307,25600000.0
1575,3,Apartment,23.069237,72.5111307,9900000.0
8199,4,Apartment,23.022616,72.5819947,140000000.0
1998,4,Apartment,23.069237,72.5111307,42500000.0
5391,4,Apartment,23.069237,72.5111307,47500000.0
1755,4,Villa,23.057541,72.5435085,37500000.0
1325,2,Apartment,23.0774129,72.4943545,8199999.999999999
2079,3,Apartment,23.057541,72.5435085,21500000.0
1314,2,Apartment,23.057541,72.5435085,8500000.0
2143,4,Apartment,23.069237,72.5111307,37500000.0
1314,2,Apartment,23.057541,72.5435085,8199999.999999999
2250,3,Apartment,23.0272427,72.5006121,18800000.0
1800,3,Apartment,23.069237,72.5111307,12000000.0
1800,3,Apartment,23.057541,72.5435085,11500000.0
3024,4,Apartment,22.9493294,72.6238761,30000000.0
1110,5,Apartment,23.0931619,72.6024491,72200000.0
555,4,Apartment,23.0931619,72.6024491,36100000.0
4455,4,Apartment,23.0931619,72.6024491,32200000.000000004
841,2,Apartment,23.069237,72.5111307,9500000.0
3015,4,Apartment,23.069237,72.5111307,23500000.0
1485,2,Apartment,23.069237,72.5111307,10900000.0
2007,2,Apartment,23.069237,72.5111307,15000000.0
1485,2,Apartment,23.069237,72.5111307,10900000.0
2800,3,Apartment,23.057541,72.5435085,18700000.0
1800,3,Apartment,23.057541,72.5435085,11000000.0
1350,3,Apartment,23.2125309,72.684767,15000000.0
1440,3,Apartment,23.0839289,72.6785883,29000000.0
660,4,Villa,23.057541,72.5435085,66300000.0
2142,3,Apartment,23.217789,72.667326,13500000.0
1780,3,Apartment,23.2420572,72.4880711,9500000.0
870,2,Apartment,23.0272427,72.5006121,7200000.0
2000,3,Apartment,23.1641943,72.6799843,15000000.0
2106,3,Apartment,23.057541,72.5435085,11000000.0
1674,3,Apartment,23.0051587,72.4568468,9000000.0
1760,3,Apartment,23.069237,72.5111307,9100000.0
1800,3,Apartment,23.069237,72.5111307,9800000.0
1350,2,Apartment,23.057541,72.5435085,7500000.0
1800,3,Apartment,23.069237,72.5111307,9500000.0
2610,2,Apartment,23.057541,72.5435085,13000000.0
1755,4,Apartment,23.0716125,72.6367479,23000000.0
1500,3,Apartment,23.057541,72.5435085,4500000.0
1575,4,Villa,23.057541,72.5435085,22500000.0
2000,3,Apartment,23.0839289,72.6785883,8000000.0
870,2,Apartment,22.985213,72.6304632,7000000.0
1800,3,Apartment,23.2420572,72.4880711,9100000.0
905,3,Apartment,23.069237,72.5111307,10500000.0
855,2,Apartment,23.057541,72.5435085,6300000.0
1188,2,Apartment,23.057541,72.5435085,9000000.0
3978,4,Apartment,23.069237,72.5111307,30000000.0
1800,3,Apartment,23.069237,72.5111307,12500000.0
2580,3,Apartment,23.0181819,72.4681909,10800000.0
2815,3,Apartment,23.0181819,72.4681909,11800000.0
738,1,Apartment,22.9992107,72.5599564,4700000.0
2385,3,Apartment,23.057541,72.5435085,28000000.0
1638,4,Apartment,23.057541,72.5435085,32500000.0
855,2,Apartment,23.057541,72.5435085,8500000.0
1395,4,Villa,23.0232163,72.4708784,22500000.0
2000,2,Apartment,23.1811486,72.63985,11000000.0
2160,2,Apartment,23.1811486,72.63985,13000000.0
1215,2,Apartment,23.057541,72.5435085,6500000.0
1530,4,Villa,23.057541,72.5435085,27000000.0
1173,2,Apartment,23.057541,72.5435085,7000000.0
600,2,Villa,23.057541,72.5435085,13000000.0
970,3,Apartment,23.069237,72.5111307,12000000.0
2160,3,Villa,23.057541,72.5435085,37000000.0
1575,3,Apartment,23.069237,72.5111307,25000000.0
2556,4,Apartment,23.0838316,72.6488435,17500000.0
2025,4,Villa,23.054759,72.5442061,25099999.999999996
1215,2,Apartment,23.057541,72.5435085,10500000.0
3065,4,Apartment,23.057541,72.5435085,26000000.0
1764,4,Villa,23.054759,72.5442061,23000000.0
1890,4,Apartment,23.057541,72.5435085,29500000.0
4000,3,Apartment,23.057541,72.5435085,31500000.0
1530,3,Apartment,23.0326231,72.5709891,10000000.0
1935,4,Villa,23.2401161,72.5010726,20400000.0
2700,4,Apartment,23.069237,72.5111307,38500000.0
2700,3,Apartment,23.057541,72.5435085,24000000.0
1700,3,Apartment,23.0326231,72.5709891,13200000.0
1125,3,Apartment,23.069237,72.5111307,18000000.0
1030,2,Apartment,23.0838316,72.6488435,12500000.0
2601,4,Apartment,23.057541,72.5435085,27500000.0
2601,4,Apartment,23.057541,72.5435085,27000000.0
1755,3,Villa,23.054759,72.5442061,24000000.0
720,2,Apartment,23.0111491,72.5132562,5551000.0
3150,4,Villa,23.057541,72.5435085,31100000.0
3850,4,Apartment,23.069237,72.5111307,37000000.0
720,1,Apartment,22.9821021,72.4975186,2300000.0
750,2,Apartment,23.0787426,72.6681866,4300000.0
2250,6,Apartment,23.0063315,72.536517,17000000.0
480,1,Apartment,23.0787426,72.6681866,2600000.0
685,1,Apartment,22.9878599,72.4928926,3200000.0
2335,3,Apartment,23.0244466,72.5589826,13400000.0
3230,4,Apartment,23.2023644,72.6469998,16800000.0
2335,3,Apartment,23.0244466,72.5589826,11000000.0
2586,3,Apartment,22.8118046,72.7490972,11000000.0
2645,3,Apartment,22.8118046,72.7490972,11200000.000000002
3318,4,Apartment,23.0244466,72.5589826,16000000.0
3318,4,Apartment,23.0215374,72.5800568,25000000.0
360,1,Apartment,23.0293949,72.5582283,2900000.0
3318,4,Apartment,23.0244466,72.5589826,15900000.0
645,3,Apartment,23.0839289,72.6785883,7500000.0
645,3,Apartment,23.0839289,72.6785883,7000000.0
645,1,Apartment,22.983483,72.5007203,2900000.0
400,1,Apartment,22.9821021,72.4975186,3200000.0
1070,2,Apartment,23.0293949,72.5582283,4558000.0
1000,2,Apartment,23.0839289,72.6785883,4700000.0
772,2,Apartment,23.0839289,72.6785883,4300000.0
1050,2,Apartment,22.9821021,72.4975186,4000000.0
457,1,Apartment,22.9821021,72.4975186,1700000.0000000002
350,1,Apartment,23.0069624,72.5440056,1500000.0
646,1,Apartment,23.0839289,72.6785883,2400000.0
900,2,Apartment,22.983483,72.5007203,3500000.0
2335,3,Apartment,23.0716125,72.6367479,10500000.0
2250,3,Apartment,23.0244466,72.5589826,11900000.0
1125,3,Villa,22.9821021,72.4975186,7000000.0
1350,3,Apartment,22.9821021,72.4975186,7500000.0
1350,3,Apartment,23.0968937,72.6135747,7500000.0
1143,2,Apartment,23.0839289,72.6785883,5699999.999999999
360,2,Apartment,22.983483,72.5007203,4500000.0
2250,6,Apartment,23.0271267,72.5226289,17000000.0
950,3,Villa,23.0069624,72.5440056,4099999.9999999995
745,2,Apartment,22.9878599,72.4928926,3800000.0
1050,2,Apartment,22.9878599,72.4928926,4000000.0
391,1,Apartment,22.983483,72.5007203,2600000.0
365,1,Apartment,22.9878599,72.4928926,1451000.0
571,2,Apartment,22.9821021,72.4975186,4000000.0
749,1,Apartment,22.9821021,72.4975186,3000000.0
450,1,Apartment,22.9821021,72.4975186,4000000.0
330,1,Apartment,23.0293949,72.5582283,2950000.0
2358,3,Apartment,23.0252422,72.5787432,14500000.0
354,1,Apartment,22.9878599,72.4928926,2499000.0
3000,4,Villa,22.9821021,72.4975186,7500000.0
1004,2,Apartment,22.9821021,72.4975186,3800000.0
746,1,Apartment,22.983483,72.5007203,2400000.0
536,2,Apartment,23.0111491,72.5132562,3500000.0
772,2,Apartment,22.9821021,72.4975186,4250000.0
1089,1,Apartment,22.983483,72.5007203,2200000.0
1165,2,Apartment,22.9821021,72.4975186,5100000.0
954,4,Apartment,22.9821021,72.4975186,5200000.0
900,2,Apartment,22.9821021,72.4975186,4500000.0
270,1,Apartment,23.2420572,72.4880711,750000.0
740,2,Apartment,22.983483,72.5007203,2100000.0
1023,2,Apartment,22.983483,72.5007203,4400000.0
2400,3,Apartment,22.9821021,72.4975186,12600000.0
900,3,Villa,23.0831539,72.5209576,5000000.0
900,2,Apartment,23.0326231,72.5709891,3000000.0
1008,4,Apartment,22.9821021,72.4975186,6200000.0
450,3,Apartment,22.9821021,72.4975186,2000000.0
1500,3,Apartment,22.983483,72.5007203,4200000.0
1006,2,Villa,22.9821021,72.4975186,3885000.0
2000,3,Villa,22.983483,72.5007203,6200000.0
1485,4,Villa,22.9821021,72.4975186,15000000.0
495,3,Apartment,22.9821021,72.4975186,2650000.0
1440,2,Apartment,23.0326231,72.5709891,3800000.0
2700,4,Villa,22.9821021,72.4975186,22500000.0
1800,2,Apartment,22.9821021,72.4975186,6800000.000000001
553,2,Apartment,22.9821021,72.4975186,4000000.0
1050,2,Apartment,23.0215374,72.5800568,4500000.0
990,2,Apartment,23.0215374,72.5800568,3600000.0
704,2,Apartment,22.983483,72.5007203,4500000.0
900,2,Apartment,22.9821021,72.4975186,6000000.0
675,2,Apartment,22.9821021,72.4975186,2000000.0
1170,3,Apartment,22.9821021,72.4975186,4500000.0
351,1,Apartment,22.9821021,72.4975186,2500000.0
3000,4,Apartment,22.9821021,72.4975186,7500000.0
2250,6,Villa,22.9821021,72.4975186,20000000.0
1000,2,Apartment,22.9821021,72.4975186,5000000.0
1134,2,Apartment,22.9821021,72.4975186,8000000.0
1341,2,Apartment,23.0366663,72.5492165,6500000.0
1782,3,Apartment,23.0967876,72.5966689,8500000.0
990,3,Apartment,23.1010002,72.5408363,7800000.0
2100,3,Apartment,23.0967876,72.5966689,11000000.0
2248,3,Apartment,23.0967876,72.5966689,12500000.0
3265,4,Apartment,23.0967876,72.5966689,17500000.0
2500,3,Villa,23.0967876,72.5966689,28000000.0
2382,3,Apartment,23.2145657,72.6856816,14000000.0
2700,4,Villa,23.0967876,72.5966689,35000000.0
1485,4,Villa,23.0967876,72.5966689,25000000.0
1080,2,Apartment,23.0967876,72.5966689,6200000.0
950,3,Apartment,23.107121,72.5848584,9700000.0
1800,1,Apartment,23.0967876,72.5966689,15000000.0
1170,2,Apartment,23.0967876,72.5966689,6000000.0
2800,3,Apartment,23.0366663,72.5492165,7900000.0
1665,3,Apartment,23.0967876,72.5966689,8500000.0
1278,2,Apartment,23.0967876,72.5966689,6200000.0
1800,3,Apartment,23.0967876,72.5966689,7200000.0
2316,3,Apartment,23.0967876,72.5966689,14000000.0
990,2,Apartment,23.0967876,72.5966689,4000000.0
1782,3,Apartment,23.0967876,72.5966689,8000000.0
1800,3,Apartment,23.30045,72.33757,9200000.0
1544,3,Apartment,23.0483226,72.5265885,8000000.0
1152,2,Apartment,23.000081,72.608487,5800000.0
990,3,Apartment,23.0967876,72.5966689,11500000.0
4200,4,Apartment,23.0967876,72.5966689,20000000.0
1665,3,Apartment,23.010711,72.5056222,8199999.999999999
1800,3,Apartment,23.0111491,72.5132562,9500000.0
1800,3,Apartment,23.0967876,72.5966689,9000000.0
2250,3,Apartment,23.0716125,72.6367479,11700000.0
1584,3,Apartment,23.0111491,72.5132562,8500000.0
2484,3,Apartment,23.0967876,72.5966689,13500000.0
2170,3,Apartment,23.1014697,72.5988452,12000000.0
1440,3,Apartment,23.0967876,72.5966689,21000000.0
3420,3,Apartment,23.0967876,72.5966689,19500000.0
2448,3,Apartment,23.0967876,72.5966689,12900000.0
1242,2,Apartment,23.0967876,72.5966689,6500000.0
1800,4,Apartment,23.1652086,72.8120091,30000000.0
2970,4,Villa,23.0215374,72.5800568,30000000.0
3708,4,Apartment,23.0097167,72.5076274,21000000.0
2070,3,Apartment,23.062275,72.571217,14500000.0
1200,2,Apartment,22.9811933,72.6319432,6500000.0
1800,3,Apartment,23.0260558,72.5031438,101000000.0
2493,3,Apartment,23.0110669,72.5137432,14600000.0
1845,3,Apartment,22.9979199,72.5595221,8527000.0
2070,3,Apartment,23.0271267,72.5226289,9000000.0
1200,2,Apartment,23.0110669,72.5137432,6000000.0
500,3,Apartment,22.9798046,72.5737246,7200000.0
2025,3,Apartment,23.2145657,72.6856816,8000000.0
1278,2,Apartment,23.0839289,72.6785883,6300000.0
2250,3,Apartment,23.0967876,72.5966689,15500000.0
1800,3,Apartment,23.0968937,72.6135747,8500000.0
1548,4,Villa,23.025739,72.5252397,25000000.0
1125,2,Apartment,23.038676,72.5596366,5800000.0
2070,3,Apartment,23.0967876,72.5966689,15000000.0
2493,3,Apartment,23.0110669,72.5137432,11900000.0
1197,2,Apartment,23.0967876,72.5966689,6500000.0
1845,3,Apartment,23.0967876,72.5966689,7688000.0
1485,4,Apartment,23.0839289,72.6785883,24000000.0
2043,3,Apartment,23.0347103,72.5003763,13500000.0
1800,3,Apartment,23.0366663,72.5492165,7000000.0
400,2,Apartment,23.0376135,72.5497906,5000000.0
1341,2,Apartment,23.0967876,72.5966689,5500000.0
1125,3,Apartment,23.0967876,72.5966689,16500000.0
1300,3,Apartment,23.0839289,72.6785883,10000000.0
2115,4,Villa,23.0562136,72.6207709,27500000.0
1170,3,Villa,23.0215374,72.5800568,18500000.0
720,2,Apartment,23.295656,72.326769,6400000.0
1000,2,Apartment,23.295656,72.326769,5000000.0
1000,2,Apartment,23.1198532,72.6234496,4200000.0
1035,2,Apartment,23.0967876,72.5966689,6400000.0
1215,2,Apartment,23.038676,72.5596366,5500000.0
1440,3,Villa,22.98027,72.595008,7500000.0
2313,3,Apartment,22.9844824,72.4604009,14000000.0
1151,2,Apartment,23.0110669,72.5137432,6200000.0
1544,3,Apartment,23.0483226,72.5265885,7800000.0
1062,2,Apartment,23.0111491,72.5132562,5425000.0
1269,2,Apartment,23.0967876,72.5966689,6000000.0
2970,4,Apartment,23.0967876,72.5966689,30000000.0
1638,3,Apartment,22.98027,72.595008,22500000.0
1800,3,Apartment,23.0839289,72.6785883,16500000.0
1908,3,Apartment,23.0967876,72.5966689,8500000.0
1638,4,Apartment,23.0716125,72.6367479,25000000.0
2430,4,Apartment,23.0366663,72.5492165,29000000.0
1575,3,Apartment,23.1031046,72.602153,9000000.0
1780,3,Apartment,23.0111491,72.5132562,8500000.0
1665,4,Apartment,23.0967876,72.5966689,26000000.0
1580,3,Apartment,23.0111491,72.5132562,8300000.0
1530,2,Apartment,23.2420572,72.4880711,7000000.0
1530,2,Apartment,23.298153,72.3397926,7000000.0
1620,3,Apartment,23.0276996,72.5579376,11000000.0
1746,3,Apartment,23.1640326,72.6884209,8700000.0
1242,2,Apartment,23.0785597,72.6533332,6200000.0
2043,4,Villa,23.0215374,72.5800568,31000000.0
1314,3,Apartment,23.2145657,72.6856816,7350000.0
1350,1,Apartment,23.0967876,72.5966689,12500000.0
1125,2,Apartment,23.0539511,72.595426,6400000.0
2000,3,Apartment,23.0483226,72.5265885,8000000.0
1035,2,Apartment,23.0839289,72.6785883,6500000.0
864,2,Apartment,23.0483226,72.5265885,5800000.0
1800,3,Villa,23.0967876,72.5966689,25000000.0
1215,2,Apartment,23.1137378,72.5416295,6000000.0
1184,2,Apartment,23.0839289,72.6785883,4500000.0
1215,2,Apartment,22.9884742,72.3357236,6650000.0
1530,3,Apartment,23.1192889,72.5656408,12000000.0
1950,4,Apartment,23.0241784,72.5774782,17200000.0
1125,2,Apartment,23.1283467,72.558657,4950000.0
2385,3,Villa,22.9993547,72.6137203,20000000.0
990,2,Apartment,23.2420572,72.4880711,4200000.0
1935,3,Apartment,23.0106847,72.5099278,8500000.0
687,2,Apartment,23.0483226,72.5265885,6800000.000000001
1200,5,Apartment,23.1023628,72.5702646,15000000.0
1280,2,Apartment,22.9884742,72.3357236,5000000.0
1476,3,Apartment,23.0839289,72.6785883,7000000.0
2709,4,Apartment,23.1981316,72.6145679,40000000.0
1044,2,Apartment,23.0015561,72.5132033,5200000.0
700,2,Apartment,23.0416824,72.5517928,5400000.0
3150,4,Apartment,22.8119124,72.7510602,18500000.0
810,2,Apartment,23.1100643,72.5811205,5699999.999999999
880,2,Apartment,23.120525,72.5717867,5000000.0
1125,2,Apartment,23.0839289,72.6785883,5000000.0
720,1,Apartment,23.107121,72.5848584,3449999.9999999995
2160,5,Villa,23.107121,72.5848584,31100000.0
1710,3,Apartment,23.1100643,72.5811205,9000000.0
1332,2,Apartment,23.107121,72.5848584,6000000.0
2925,1,Villa,23.107121,72.5848584,18000000.0
882,2,Apartment,23.1100643,72.5811205,4750000.0
855,2,Apartment,23.0271267,72.5226289,5000000.0
1395,3,Apartment,23.1183825,72.6213211,8000000.0
5400,4,Villa,23.107121,72.5848584,52500000.0
600,2,Apartment,23.0172272,72.4715026,5100000.0
1233,2,Apartment,23.0839289,72.6785883,6000000.0
1530,3,Apartment,23.107121,72.5848584,7400000.0
905,2,Apartment,22.9884742,72.3357236,5500000.0
1530,2,Apartment,23.0510656,72.6436615,6000000.0
950,3,Apartment,23.0451612,72.6051665,9100000.0
1710,3,Apartment,23.107121,72.5848584,9500000.0
1620,3,Apartment,23.1223913,72.5733728,15000000.0
2295,3,Apartment,23.107121,72.5848584,9999000.0
1269,2,Apartment,23.1183825,72.6213211,8500000.0
1665,3,Apartment,23.0159516,72.5669759,7200000.0
1305,2,Apartment,23.107121,72.5848584,4099999.9999999995
675,1,Apartment,23.1071309,72.5856397,3200000.0
1773,3,Apartment,23.107121,72.5848584,8199999.999999999
1980,3,Apartment,23.119713,72.6051136,12800000.0
1300,2,Apartment,23.107121,72.5848584,6500000.0
1260,2,Apartment,23.107121,72.5848584,5699999.999999999
1700,3,Apartment,23.107121,72.5848584,9000000.0
1350,3,Apartment,23.107121,72.5848584,16500000.0
1980,3,Apartment,23.1803332,72.6303374,13000000.0
2250,3,Apartment,23.107121,72.5848584,15100000.0
1800,3,Apartment,23.2990325,72.4371042,8500000.0
1998,3,Apartment,23.0839289,72.6785883,11000000.0
2286,3,Villa,23.0271267,72.5226289,25000000.0
1170,2,Apartment,23.107121,72.5848584,5699999.999999999
400,2,Apartment,23.1183825,72.6213211,7000000.0
1845,3,Apartment,23.107121,72.5848584,8400000.0
3150,4,Apartment,23.107121,72.5848584,15500000.0
1665,3,Apartment,23.1183825,72.6213211,6800000.000000001
1134,2,Apartment,23.0979368,72.5328323,5200000.0
1170,2,Apartment,23.107121,72.5848584,6500000.0
2160,3,Apartment,23.107121,72.5848584,9360000.0
819,3,Apartment,23.107121,72.5848584,6899999.999999999
1215,2,Apartment,23.1100643,72.5811205,5500000.0
1260,2,Apartment,23.1358111,72.5818846,5499000.000000001
1260,2,Apartment,23.107121,72.5848584,6465000.0
1260,2,Apartment,23.1100643,72.5811205,5800000.0
1530,3,Apartment,23.107121,72.5848584,7500000.0
1242,2,Apartment,23.107121,72.5848584,6500000.0
1989,3,Apartment,23.107121,72.5848584,12500000.0
1710,3,Apartment,23.107121,72.5848584,7000000.0
1080,3,Apartment,23.107121,72.5848584,19500000.0
1458,2,Apartment,23.0604301,72.6537943,6500000.0
3600,3,Apartment,23.0215374,72.5800568,20000000.0
1665,3,Apartment,23.107121,72.5848584,11500000.0
1575,3,Apartment,23.107121,72.5848584,7700000.0
2610,3,Apartment,23.2000565,72.6239357,12500000.0
1441,4,Apartment,23.1709715,72.5325602,12500000.0
1125,2,Apartment,23.0604301,72.6537943,5200000.0
1080,2,Apartment,23.107121,72.5848584,5600000.000000001
1200,2,Apartment,23.0604301,72.6537943,6300000.0
2565,2,Villa,23.107121,72.5848584,18500000.0
1215,2,Apartment,23.107121,72.5848584,6000000.0
3100,3,Villa,23.0360509,72.5611735,35000000.0
1413,2,Apartment,23.2990325,72.4371042,6500000.0
1935,3,Apartment,23.1100643,72.5811205,9000000.0
1560,3,Apartment,23.1100643,72.5811205,7000000.0
1630,3,Apartment,23.107121,72.5848584,8500000.0
1485,3,Apartment,23.107121,72.5848584,6700000.0
641,2,Apartment,23.107121,72.5848584,6300000.0
1831,2,Villa,23.1100643,72.5811205,15000000.0
2403,6,Apartment,23.107121,72.5848584,35000000.0
1250,2,Apartment,23.107121,72.5848584,6200000.0
1215,2,Apartment,23.107121,72.5848584,5800000.0
3375,3,Apartment,23.107121,72.5848584,15000000.0
1530,3,Apartment,23.0979368,72.5328323,6800000.000000001
1134,2,Apartment,23.1752409,72.6421831,4800000.0
2340,2,Villa,23.0604301,72.6537943,8000000.0
1125,2,Apartment,23.107121,72.5848584,5300000.0
4590,4,Apartment,23.0749393,72.6424444,20700000.0
1215,2,Apartment,23.107121,72.5848584,6700000.0
2844,4,Apartment,23.107121,72.5848584,11500000.0
1620,3,Apartment,23.107121,72.5848584,8000000.0
1215,2,Apartment,23.1100643,72.5811205,3800000.0
1530,3,Apartment,23.107121,72.5848584,9000000.0
700,4,Apartment,22.8119124,72.7510602,14200000.0
2000,3,Apartment,23.0451612,72.6051665,9500000.0
859,3,Apartment,23.107121,72.5848584,6600000.0
400,2,Apartment,22.9884742,72.3357236,5800000.0
1260,2,Apartment,23.1100643,72.5811205,5600000.000000001
1323,2,Apartment,23.107121,72.5848584,6899999.999999999
1521,3,Apartment,23.1100643,72.5811205,7800000.0
945,2,Apartment,23.1100643,72.5811205,4700000.0
1247,2,Apartment,23.0839289,72.6785883,5200000.0
1179,2,Apartment,23.107121,72.5848584,5500000.0
3100,3,Apartment,23.107121,72.5848584,11000000.0
3000,3,Apartment,23.107121,72.5848584,21000000.0
1170,2,Apartment,23.107121,72.5848584,4300000.0
729,1,Apartment,23.107121,72.5848584,3650000.0
756,1,Apartment,23.107121,72.5848584,3000000.0
1125,2,Apartment,23.1100643,72.5811205,4800000.0
1215,2,Apartment,23.107121,72.5848584,5600000.000000001
2475,3,Apartment,23.2145657,72.6856816,11000000.0
1260,2,Apartment,23.107121,72.5848584,5000000.0
1197,2,Apartment,23.107121,72.5848584,5600000.000000001
700,2,Apartment,23.1100643,72.5811205,5150000.0
943,3,Apartment,23.1100643,72.5811205,8500000.0
1200,2,Apartment,23.0839289,72.6785883,5500000.0
500,2,Apartment,23.0839289,72.6785883,5500000.0
1200,2,Apartment,23.0837834,72.5889122,5500000.0
1170,2,Apartment,23.0839289,72.6785883,5100000.0
1350,3,Apartment,23.107121,72.5848584,7600000.0
1494,3,Apartment,23.107121,72.5848584,5600000.000000001
1800,3,Apartment,23.2522871,72.4840233,8000000.0
1350,2,Apartment,23.0839289,72.6785883,4600000.0
1044,2,Apartment,23.107121,72.5848584,6800000.000000001
1080,2,Apartment,23.107121,72.5848584,6650000.0
1080,2,Apartment,23.107121,72.5848584,6800000.000000001
1080,2,Apartment,23.1100643,72.5811205,6200000.0
1440,3,Villa,23.298153,72.3397926,13000000.0
1080,2,Apartment,23.1100643,72.5811205,6000000.0
1800,3,Apartment,23.107121,72.5848584,9000000.0
1080,2,Apartment,22.9884742,72.3357236,6500000.0
2160,3,Apartment,23.0677935,72.5722381,11500000.0
1764,3,Apartment,23.0540923,72.6429145,7700000.0
2475,3,Apartment,23.0677935,72.5722381,13100000.0
1125,2,Apartment,23.107121,72.5848584,4950000.0
1600,3,Apartment,23.0272427,72.5006121,13000000.0
3150,3,Apartment,23.0483226,72.5265885,12000000.0
3150,3,Apartment,23.0106847,72.5099278,105000000.0
1440,3,Apartment,23.2145657,72.6856816,7000000.0
1500,3,Apartment,23.107121,72.5848584,6800000.000000001
1000,2,Apartment,23.1100643,72.5811205,4500000.0
1206,2,Apartment,23.1100643,72.5811205,4300000.0
2448,3,Apartment,23.1100643,72.5811205,11700000.0
3393,4,Apartment,23.1100643,72.5811205,16200000.000000002
1225,2,Apartment,23.107121,72.5848584,5300000.0
800,2,Apartment,23.107121,72.5848584,5699999.999999999
1845,3,Apartment,23.120525,72.5717867,8900000.0
720,2,Apartment,23.1100643,72.5811205,6000000.0
2997,3,Apartment,23.1100643,72.5811205,13200000.0
2115,3,Apartment,23.107121,72.5848584,9282000.0
2475,4,Apartment,23.0716125,72.6367479,41000000.0
2250,4,Apartment,23.0716125,72.6367479,35000000.0
1800,3,Apartment,23.107121,72.5848584,7300000.0
2034,3,Apartment,23.107121,72.5848584,8500000.0
1845,3,Apartment,23.107121,72.5848584,7000000.0
1125,2,Apartment,23.1100643,72.5811205,5500000.0
2295,3,Apartment,23.0604301,72.6537943,11500000.0
1350,2,Apartment,23.2145657,72.6856816,6200000.0
1710,3,Apartment,23.1100643,72.5811205,8500000.0
1035,2,Apartment,23.107121,72.5848584,5400000.0
1100,2,Apartment,23.0839289,72.6785883,4500000.0
1215,2,Apartment,23.2145657,72.6856816,5699999.999999999
1620,4,Apartment,23.1191006,72.6054631,24000000.0
3060,4,Apartment,23.107121,72.5848584,20000000.0
2835,4,Villa,23.1201139,72.6251307,35000000.0
945,2,Apartment,23.1100643,72.5811205,3800000.0
1200,2,Apartment,23.1223913,72.5733728,6500000.0
400,2,Apartment,23.0604301,72.6537943,5000000.0
1800,3,Apartment,23.107121,72.5848584,7000000.0
400,2,Apartment,23.120525,72.5717867,4800000.0
1215,2,Apartment,23.1100643,72.5811205,5000000.0
1161,2,Apartment,23.107121,72.5848584,4700000.0
1620,3,Apartment,23.107121,72.5848584,7200000.0
1935,3,Apartment,22.9504545,72.6221998,12500000.0
1845,3,Apartment,23.107121,72.5848584,10500000.0
1575,3,Apartment,23.107121,72.5848584,8600000.0
1233,2,Apartment,23.1100643,72.5811205,5300000.0
972,2,Apartment,23.107121,72.5848584,4800000.0
1125,2,Apartment,23.1100643,72.5811205,4500000.0
1152,2,Apartment,23.107121,72.5848584,4500000.0
1500,2,Apartment,23.0398447,72.6298154,6000000.0
1500,2,Apartment,23.107121,72.5848584,5800000.0
1500,2,Apartment,23.107121,72.5848584,5500000.0
1530,3,Apartment,23.107121,72.5848584,7000000.0
2200,3,Villa,23.166292,72.8125255,20000000.0
1350,2,Apartment,23.107121,72.5848584,4200000.0
1600,2,Apartment,23.0215374,72.5800568,6500000.0
1400,2,Apartment,23.107121,72.5848584,5100000.0
1700,2,Apartment,23.107121,72.5848584,6000000.0
1800,2,Apartment,23.107121,72.5848584,5699999.999999999
1600,2,Apartment,23.107121,72.5848584,4600000.0
2000,3,Apartment,23.107121,72.5848584,10000000.0
1600,2,Apartment,23.0604301,72.6537943,4500000.0
1600,2,Apartment,23.238942,72.49073,5000000.0
1500,2,Apartment,23.107121,72.5848584,7200000.0
2000,3,Apartment,23.2840623,72.4400098,9500000.0
1700,2,Apartment,23.107121,72.5848584,5699999.999999999
1600,2,Apartment,23.107121,72.5848584,5500000.0
1300,2,Apartment,23.107121,72.5848584,5600000.000000001
1400,2,Apartment,23.1100643,72.5811205,4300000.0
1500,2,Apartment,23.1100643,72.5811205,5800000.0
1400,2,Apartment,23.107121,72.5848584,6700000.0
1900,3,Apartment,23.107121,72.5848584,9200000.0
1600,3,Apartment,23.107121,72.5848584,15000000.0
2484,4,Apartment,23.1051351,72.5697895,28000000.0
1350,2,Villa,23.107121,72.5848584,15000000.0
1305,2,Apartment,23.2990325,72.4371042,4950000.0
1000,2,Apartment,23.107121,72.5848584,5000000.0
1080,2,Apartment,23.107121,72.5848584,5000000.0
1809,3,Apartment,23.107121,72.5848584,6532000.0
1845,3,Apartment,23.107121,72.5848584,9000000.0
675,2,Apartment,23.107121,72.5848584,6300000.0
1200,3,Apartment,23.107121,72.5848584,13500000.0
1530,3,Apartment,23.107121,72.5848584,8000000.0
970,3,Apartment,23.107121,72.5848584,11500000.0
1100,3,Apartment,23.0360509,72.5611735,24000000.0
2610,3,Apartment,23.2990325,72.4371042,14000000.0
1170,2,Apartment,23.0510656,72.6436615,5100000.0
1206,2,Apartment,22.9884742,72.3357236,4900000.0
900,3,Apartment,23.2420572,72.4880711,7500000.0
1200,2,Apartment,23.0172272,72.4715026,4800000.0
1017,2,Apartment,23.0901711,72.6504536,4200000.0
1062,2,Apartment,23.1100643,72.5811205,4700000.0
923,3,Apartment,23.107121,72.5848584,8000000.0
1170,2,Apartment,23.120525,72.5717867,4000000.0
1314,2,Apartment,23.107121,72.5848584,4500000.0
1215,2,Apartment,23.107121,72.5848584,4500000.0
1044,2,Apartment,23.1100643,72.5811205,5000000.0
1125,2,Apartment,23.107121,72.5848584,4400000.0
1026,2,Apartment,23.107121,72.5848584,4500000.0
756,1,Apartment,23.1100643,72.5811205,3400000.0000000005
1980,3,Apartment,23.031029,72.5623938,12500000.0
765,2,Apartment,23.0839289,72.6785883,3650000.0
2005,3,Apartment,23.107121,72.5848584,10500000.0
1423,4,Apartment,23.107121,72.5848584,20000000.0
675,1,Apartment,23.107121,72.5848584,2500000.0
500,1,Apartment,23.0111491,72.5132562,2500000.0
999,1,Apartment,23.107121,72.5848584,4250000.0
1062,2,Apartment,23.0229809,72.5671331,4200000.0
1206,2,Apartment,22.9884742,72.3357236,6000000.0
1465,1,Apartment,23.107121,72.5848584,5500000.0
918,2,Apartment,23.107121,72.5848584,5200000.0
1370,2,Apartment,23.2358085,72.4908671,5100000.0
1413,2,Apartment,23.2990325,72.4371042,5800000.0
710,2,Apartment,23.107121,72.5848584,6500000.0
587,2,Apartment,23.0172272,72.4715026,4950000.0
1776,3,Villa,23.107121,72.5848584,13000000.0
1620,3,Apartment,23.107121,72.5848584,5100000.0
1200,1,Apartment,23.0839289,72.6785883,3000000.0
450,2,Apartment,22.9884742,72.3357236,3200000.0
1225,2,Apartment,23.0244466,72.5589826,5600000.000000001
700,1,Apartment,23.1100643,72.5811205,2800000.0000000005
1050,2,Apartment,23.107121,72.5848584,3750000.0
1305,2,Apartment,23.107121,72.5848584,4500000.0
756,1,Apartment,23.107121,72.5848584,2849999.9999999995
1200,3,Apartment,23.1100643,72.5811205,6500000.0
1170,2,Apartment,23.0172272,72.4715026,5800000.0
1134,2,Apartment,23.1100643,72.5811205,4300000.0
1215,2,Apartment,23.2473027,72.6343322,6000000.0
1152,2,Apartment,23.107121,72.5848584,5000000.0
603,1,Apartment,23.2145657,72.6856816,3400000.0000000005
1125,2,Apartment,23.107121,72.5848584,4500000.0
400,1,Apartment,23.1023628,72.5702646,2100000.0
1134,2,Apartment,23.0979368,72.5328323,5500000.0
1180,2,Apartment,23.1100643,72.5811205,6200000.0
756,3,Villa,22.9952152,72.5890862,12000000.0
1620,3,Apartment,23.107121,72.5848584,15000000.0
1134,2,Apartment,22.7516133,72.6857205,5500000.0
980,2,Apartment,23.0215374,72.5800568,4500000.0
1392,2,Apartment,23.107121,72.5848584,5200000.0
1000,3,Villa,23.0063315,72.536517,3200000.0
910,2,Apartment,23.107121,72.5848584,4000000.0
675,1,Apartment,23.2420572,72.4880711,2100000.0
1170,1,Apartment,23.1100643,72.5811205,2900000.0
780,2,Apartment,23.107121,72.5848584,5600000.000000001
344,1,Apartment,23.107121,72.5848584,2400000.0
657,1,Apartment,23.107121,72.5848584,3000000.0
1035,2,Apartment,23.120525,72.5717867,3900000.0
280,1,Apartment,23.2499828,72.1022965,1500000.0
705,2,Apartment,23.107121,72.5848584,6000000.0
1044,2,Apartment,23.2413205,72.501346,4900000.0
1008,2,Apartment,23.1911685,72.62127,4151000.0000000005
747,1,Apartment,23.107121,72.5848584,3300000.0
765,1,Apartment,23.1100643,72.5811205,3100000.0
882,2,Apartment,23.120525,72.5717867,4099999.9999999995
756,2,Villa,23.107121,72.5848584,7000000.0
1233,2,Apartment,23.107121,72.5848584,7500000.0
720,1,Apartment,23.120525,72.5717867,2750000.0
1125,2,Apartment,23.107121,72.5848584,4200000.0
1100,2,Apartment,22.9979479,72.6109077,4500000.0
1200,2,Apartment,23.0839289,72.6785883,4200000.0
600,1,Apartment,23.107121,72.5848584,2350000.0
1170,2,Apartment,23.1103339,72.5637712,4500000.0
720,1,Apartment,23.107121,72.5848584,2900000.0
1170,2,Apartment,23.1634079,72.6888935,4700000.0
1120,2,Apartment,23.0839289,72.6785883,3850000.0
2062,3,Apartment,22.9606212,72.6328606,11000000.0
1098,2,Apartment,23.107121,72.5848584,4500000.0
1899,3,Apartment,23.107121,72.5848584,9900000.0
1035,2,Apartment,23.2389166,72.4910845,3650000.0
690,2,Apartment,23.1100643,72.5811205,4300000.0
1200,3,Apartment,23.107121,72.5848584,17000000.0
774,1,Apartment,23.107121,72.5848584,2900000.0
700,1,Apartment,23.0111491,72.5132562,2800000.0000000005
300,1,Apartment,23.120525,72.5717867,3200000.0
818,1,Apartment,23.0839289,72.6785883,2800000.0000000005
322,1,Apartment,23.1045659,72.5704863,2350000.0
1135,2,Apartment,23.0015561,72.5132033,4400000.0
720,1,Apartment,22.9986896,72.6162768,2500000.0
468,2,Apartment,23.0211754,72.555119,4800000.0
990,2,Apartment,23.0839289,72.6785883,4200000.0
1700,3,Apartment,23.2840623,72.4400098,7500000.0
2000,2,Apartment,23.298153,72.3397926,10000000.0
810,2,Apartment,23.0111491,72.5132562,3000000.0
861,2,Apartment,23.0979368,72.5328323,5000000.0
1250,2,Apartment,23.1100643,72.5811205,5200000.0
1370,2,Apartment,23.0839289,72.6785883,8000000.0
484,1,Apartment,23.0111491,72.5132562,2770000.0000000005
1890,4,Apartment,23.107121,72.5848584,17000000.0
400,1,Apartment,23.0637665,72.555444,3650000.0
861,2,Apartment,23.0604301,72.6537943,6500000.0
576,1,Apartment,23.0546669,72.6392596,2000000.0
1368,2,Apartment,23.107121,72.5848584,6000000.0
990,2,Apartment,23.2467926,72.4855418,4000000.0
612,1,Apartment,23.107121,72.5848584,2500000.0
1350,3,Apartment,23.0416824,72.5517928,7500000.0
1832,3,Villa,23.107121,72.5848584,15000000.0
970,3,Apartment,23.2420572,72.4880711,16500000.0
880,2,Apartment,23.107121,72.5848584,5000000.0
1000,1,Apartment,23.107121,72.5848584,5500000.0
1350,2,Apartment,23.1153559,72.5366513,5600000.000000001
680,1,Apartment,23.0604301,72.6537943,3300000.0
602,2,Apartment,23.107121,72.5848584,7500000.0
792,1,Apartment,23.107121,72.5848584,3200000.0
1080,2,Apartment,23.238942,72.49073,3900000.0
1035,2,Apartment,23.0839289,72.6785883,4200000.0
535,2,Apartment,23.107121,72.5848584,5500000.0
1250,2,Apartment,23.0839289,72.6785883,4800000.0
1143,2,Apartment,23.107121,72.5848584,4900000.0
1035,2,Apartment,23.0839289,72.6785883,4500000.0
1188,2,Apartment,23.2369487,72.6656897,6500000.0
355,2,Villa,23.0063315,72.536517,3500000.0
1033,2,Apartment,23.2145657,72.6856816,4800000.0
2268,6,Apartment,23.0396084,72.5644073,9500000.0
1545,4,Apartment,23.1191006,72.6054631,25000000.0
800,2,Apartment,23.120525,72.5717867,5500000.0
765,2,Villa,23.1023628,72.5702646,7000000.0
1665,3,Apartment,23.107121,72.5848584,10000000.0
630,3,Villa,23.107121,72.5848584,9000000.0
1044,2,Apartment,23.1100643,72.5811205,4500000.0
1062,2,Apartment,23.107121,72.5848584,4700000.0
1350,2,Apartment,23.107121,72.5848584,5400000.0
1305,3,Apartment,23.0226865,72.5707309,21000000.0
693,1,Apartment,23.107121,72.5848584,3200000.0
759,3,Apartment,23.107121,72.5848584,6700000.0
1215,2,Apartment,23.0069624,72.5440056,4950000.0
1143,2,Apartment,23.0111491,72.5132562,4500000.0
1980,3,Apartment,23.119713,72.6051136,13500000.0
990,2,Apartment,23.0416824,72.5517928,4700000.0
1600,3,Apartment,23.107121,72.5848584,9500000.0
990,3,Apartment,23.107121,72.5848584,11500000.0
550,2,Apartment,23.0111491,72.5132562,3600000.0
2925,4,Apartment,23.0111491,72.5132562,15500000.0
1170,2,Apartment,23.1100643,72.5811205,4000000.0
1000,2,Apartment,23.025739,72.5252397,4500000.0
1250,3,Apartment,23.295656,72.326769,7500000.0
838,3,Apartment,23.0159516,72.5669759,8600000.0
1130,2,Apartment,23.0839289,72.6785883,4400000.0
684,1,Apartment,23.1223913,72.5733728,4000000.0
1494,3,Apartment,22.9979199,72.5595221,6551000.0
1350,2,Apartment,23.0156794,72.5644623,14500000.0
1900,3,Apartment,22.9881153,72.6348218,10500000.0
1062,2,Apartment,23.107121,72.5848584,5300000.0
1350,2,Apartment,23.0111359,72.5693661,8199999.999999999
1845,3,Apartment,23.107121,72.5848584,7700000.0
800,1,Apartment,23.0111491,72.5132562,2900000.0
2325,3,Apartment,23.107121,72.5848584,9500000.0
990,2,Apartment,23.0807561,72.6764238,4351000.0
1022,2,Apartment,23.0195503,72.4687169,5100000.0
765,1,Apartment,23.120525,72.5717867,3100000.0
1782,3,Apartment,23.022616,72.5819947,7600000.0
1000,2,Apartment,23.1655503,72.8133323,3900000.0
1350,2,Apartment,23.0839289,72.6785883,4400000.0
1170,2,Apartment,23.107121,72.5848584,8500000.0
1620,3,Apartment,23.0110669,72.5137432,8700000.0
1800,3,Apartment,23.0575403,72.5900886,8500000.0
791,1,Apartment,23.0839289,72.6785883,3400000.0000000005
1557,3,Villa,23.1100643,72.5811205,16500000.0
1575,3,Apartment,23.0866321,72.6148095,9000000.0
1152,2,Apartment,23.107121,72.5848584,4500000.0
981,2,Apartment,23.0328924,72.5604427,5000000.0
1575,3,Villa,23.107121,72.5848584,15000000.0
981,2,Apartment,23.1911685,72.62127,4800000.0
1000,2,Apartment,23.0807561,72.6764238,4300000.0
1800,3,Apartment,23.0041352,72.6064526,11000000.0
890,1,Apartment,23.1039206,72.5688431,2800000.0000000005
945,2,Apartment,23.2358085,72.4908671,4000000.0
1000,2,Apartment,23.107121,72.5848584,5000000.0
1305,4,Apartment,23.107121,72.5848584,16500000.0
1224,2,Apartment,23.107121,72.5848584,5500000.0
719,2,Villa,22.9985193,72.5602141,5500000.0
880,1,Apartment,23.0901711,72.6504536,3311000.0
1200,2,Apartment,23.0483226,72.5265885,7200000.0
1141,2,Apartment,23.0328924,72.5604427,4800000.0
1899,4,Apartment,23.107121,72.5848584,9500000.0
1008,2,Apartment,23.107121,72.5848584,4800000.0
863,2,Apartment,23.120525,72.5717867,4000000.0
1000,2,Apartment,23.0839289,72.6785883,4500000.0
945,2,Apartment,23.0097167,72.5076274,3650000.0
801,2,Apartment,23.0637665,72.555444,4000000.0
990,3,Villa,23.107121,72.5848584,13700000.000000002
3150,6,Villa,23.107121,72.5848584,35000000.0
1620,3,Apartment,23.1223913,72.5733728,10500000.0
1248,2,Apartment,23.107121,72.5848584,4800000.0
1233,2,Apartment,23.107121,72.5848584,5200000.0
1278,2,Apartment,23.1100643,72.5811205,6500000.0
1134,2,Apartment,23.107121,72.5848584,4500000.0
3249,4,Apartment,23.107121,72.5848584,57000000.0
774,1,Apartment,23.107121,72.5848584,2900000.0
1100,2,Apartment,23.0807561,72.6764238,4500000.0
980,2,Apartment,23.0851841,72.5224248,4000000.0
1260,2,Apartment,23.0716125,72.6367479,6000000.0
1042,3,Apartment,23.0483226,72.5265885,13500000.0
1260,2,Apartment,23.2990325,72.4371042,5800000.0
1000,2,Apartment,23.0839289,72.6785883,3500000.0
1674,3,Apartment,23.0064903,72.5081047,6500000.0
927,2,Apartment,23.003723,72.5538743,4200000.0
1845,3,Apartment,23.107121,72.5848584,8000000.0
945,2,Apartment,23.1100643,72.5811205,4300000.0
684,1,Apartment,23.0839289,72.6785883,3651000.0
1050,2,Apartment,23.0839289,72.6785883,4500000.0
1125,2,Apartment,23.1655503,72.8133323,4200000.0
1197,2,Apartment,23.107121,72.5848584,6850000.000000001
1664,3,Apartment,23.0839289,72.6785883,7500000.0
1380,2,Apartment,22.9969634,72.633455,6400000.0
600,2,Apartment,23.1071309,72.5856397,8400000.0
981,2,Apartment,23.107121,72.5848584,4200000.0
2070,4,Villa,23.0069624,72.5440056,10000000.0
1050,2,Apartment,23.0416824,72.5517928,5000000.0
1152,2,Apartment,23.1100643,72.5811205,4950000.0
1575,3,Apartment,23.107121,72.5848584,8700000.0
1600,3,Apartment,23.0604301,72.6537943,10500000.0
1100,2,Apartment,23.038676,72.5596366,5000000.0
1521,3,Apartment,23.107121,72.5848584,6000000.0
1130,2,Apartment,23.107121,72.5848584,5500000.0
1152,2,Apartment,23.2467926,72.4855418,4000000.0
900,1,Apartment,23.0687402,72.6734956,6500000.0
1017,2,Apartment,23.0732586,72.6508299,3300000.0
864,2,Apartment,23.0332098,72.5649625,5500000.0
891,1,Apartment,23.0687402,72.6734956,3500000.0
765,1,Apartment,23.0111491,72.5132562,2200000.0
602,2,Apartment,23.0635608,72.5959508,3700000.0
1008,2,Apartment,23.022616,72.5819947,4500000.0
821,3,Apartment,22.7476765,73.152612,6500000.0
952,2,Apartment,23.022616,72.5819947,5499000.000000001
750,2,Apartment,23.0854097,72.6580946,3500000.0
1208,3,Apartment,23.0687402,72.6734956,16500000.0
1153,2,Apartment,23.0839289,72.6785883,4300000.0
1116,2,Apartment,23.0839289,72.6785883,4000000.0
2385,3,Apartment,22.9979199,72.5595221,10500000.0
1413,3,Apartment,22.9504545,72.6221998,5300000.0
400,2,Apartment,23.0687402,72.6734956,4000000.0
5837,3,Apartment,23.013976,72.5296525,4850000.0
1890,3,Apartment,23.2478221,72.4852775,25000000.0
675,2,Apartment,23.0839289,72.6785883,3100000.0
1140,3,Apartment,23.0854097,72.6580946,4600000.0
1305,2,Apartment,23.0810804,72.6819875,6000000.0
2500,4,Villa,23.0687402,72.6734956,21000000.0
646,3,Apartment,23.0732586,72.6508299,3850000.0
1251,2,Apartment,23.2478221,72.4852775,4200000.0
1899,3,Apartment,23.0732586,72.6508299,11100000.000000002
1485,3,Apartment,23.1429051,72.5392248,5800000.0
1251,2,Apartment,23.1743872,72.8270334,4500000.0
1215,2,Apartment,23.2125309,72.684767,4751000.0
1400,3,Apartment,23.0839289,72.6785883,14000000.0
1872,3,Apartment,23.0854097,72.6580946,7800000.0
1521,2,Apartment,22.969366,72.3045954,5351000.0
1422,3,Apartment,23.0854097,72.6580946,5200000.0
2430,3,Apartment,23.0687402,72.6734956,11000000.0
1200,3,Apartment,23.2478221,72.4852775,10500000.0
1584,3,Apartment,23.0854097,72.6580946,18500000.0
1440,3,Apartment,23.298153,72.3397926,6000000.0
1332,2,Apartment,23.0854097,72.6580946,5300000.0
1242,2,Apartment,23.0687402,72.6734956,6000000.0
990,2,Apartment,23.0839289,72.6785883,3600000.0
1386,2,Apartment,23.0810804,72.6819875,4441000.0
1350,2,Apartment,23.0810804,72.6819875,4951000.0
1413,2,Apartment,22.969366,72.3045954,4951000.0
730,2,Apartment,23.0854097,72.6580946,5600000.000000001
1089,2,Apartment,23.0856343,72.5646439,3500000.0
1098,2,Apartment,23.0687402,72.6734956,3800000.0
1098,2,Apartment,23.0376135,72.5497906,4500000.0
1026,3,Apartment,23.2976084,72.3384089,25000000.0
1035,2,Apartment,23.0732586,72.6508299,3600000.0
945,2,Apartment,23.2935817,72.3290988,3300000.0
1260,2,Apartment,23.0854097,72.6580946,4700000.0
1035,2,Apartment,23.0854097,72.6580946,4000000.0
1600,3,Apartment,23.013976,72.5296525,4700000.0
1215,2,Apartment,23.002498,72.5610944,5151000.0
1035,2,Apartment,23.0854097,72.6580946,3900000.0
1251,2,Apartment,23.1429051,72.5392248,4600000.0
1575,3,Villa,23.0687402,72.6734956,7000000.0
1107,2,Apartment,23.0732586,72.6508299,3200000.0
1242,3,Apartment,23.0732586,72.6508299,4490000.0
1350,3,Apartment,23.2145657,72.6856816,4700000.0
1188,3,Apartment,23.0687402,72.6734956,5000000.0
1044,2,Apartment,23.0687402,72.6734956,3200000.0
695,3,Apartment,23.0854097,72.6580946,5000000.0
990,4,Apartment,23.0854097,72.6580946,9800000.0
2070,3,Apartment,23.0854097,72.6580946,10500000.0
1440,4,Villa,23.0854097,72.6580946,26000000.0
2906,3,Apartment,23.0687402,72.6734956,11500000.0
900,2,Apartment,23.0687402,72.6734956,3600000.0
1125,2,Apartment,23.0687402,72.6734956,4000000.0
1197,3,Apartment,23.0854097,72.6580946,4000000.0
1782,3,Apartment,23.0687402,72.6734956,6899999.999999999
1035,2,Apartment,23.0839289,72.6785883,3700000.0
1053,2,Apartment,23.0854097,72.6580946,3900000.0
1125,2,Apartment,23.1132827,72.6583896,3500000.0
1116,2,Apartment,23.0854097,72.6580946,3800000.0
1404,2,Apartment,23.0810804,72.6819875,4700000.0
850,2,Apartment,23.0732586,72.6508299,3700000.0
945,2,Apartment,23.0732586,72.6508299,3500000.0
855,2,Apartment,23.0839289,72.6785883,4500000.0
720,1,Apartment,23.0854097,72.6580946,2100000.0
1062,2,Apartment,23.0839289,72.6785883,3700000.0
1388,3,Apartment,23.166292,72.8125255,19000000.0
450,2,Villa,23.0854097,72.6580946,5300000.0
1260,4,Villa,23.237247,72.4976576,5500000.0
1260,3,Apartment,23.0687402,72.6734956,5500000.0
720,1,Apartment,23.0854097,72.6580946,1950000.0
1170,2,Apartment,23.0398447,72.6298154,2500000.0
1035,2,Apartment,23.0716125,72.6367479,4200000.0
1200,2,Apartment,23.0063315,72.536517,2500000.0
1184,4,Apartment,23.1579315,72.6575495,13500000.0
990,2,Apartment,23.0732586,72.6508299,2350000.0
1440,3,Apartment,23.2524609,72.4843063,7500000.0
1188,2,Apartment,23.1632457,72.6500247,5000000.0
972,2,Apartment,23.0687402,72.6734956,2350000.0
1126,3,Apartment,23.0687402,72.6734956,7500000.0
153,1,Apartment,23.0839289,72.6785883,2400000.0
675,2,Villa,23.0854097,72.6580946,11000000.0
720,1,Apartment,23.0732586,72.6508299,2600000.0
675,1,Apartment,23.0732586,72.6508299,2700000.0
945,2,Apartment,23.0839289,72.6785883,5200000.0
3562,6,Apartment,23.0854097,72.6580946,8385000.0
1035,2,Apartment,23.0839289,72.6785883,4500000.0
1205,2,Apartment,23.0854097,72.6580946,5500000.0
819,3,Villa,23.0069624,72.5440056,8600000.0
657,1,Apartment,23.0854097,72.6580946,2450000.0
240,1,Apartment,23.0732586,72.6508299,1700000.0000000002
964,3,Villa,23.2478221,72.4852775,9500000.0
900,1,Apartment,23.0111491,72.5132562,2500000.0
972,2,Apartment,23.0635608,72.5959508,3500000.0
1098,2,Apartment,23.0839289,72.6785883,3500000.0
783,2,Villa,23.0687402,72.6734956,7000000.0
1000,2,Apartment,23.0732586,72.6508299,4000000.0
1755,3,Villa,23.0687402,72.6734956,13100000.0
657,1,Apartment,23.0854097,72.6580946,2300000.0
1269,2,Apartment,23.0810804,72.6819875,5000000.0
1008,2,Apartment,23.0381367,72.5145059,4600000.0
1332,2,Apartment,23.0854097,72.6580946,6500000.0
1350,3,Apartment,23.1109557,72.5539974,5100000.0
1080,4,Villa,23.0854097,72.6580946,7500000.0
600,4,Villa,22.9589978,72.6297981,3000000.0
1199,3,Apartment,23.1634079,72.6888935,4000000.0
2250,2,Villa,23.0063315,72.536517,4500000.0
1026,3,Apartment,23.0839289,72.6785883,5500000.0
480,1,Apartment,23.1109557,72.5539974,1200000.0
303,3,Apartment,23.2478221,72.4852775,6200000.0
1350,2,Villa,23.0687402,72.6734956,8000000.0
1260,2,Apartment,23.0054726,72.531336,4500000.0
1047,3,Apartment,23.0810804,72.6819875,10000000.0
900,3,Apartment,23.0271267,72.5226289,5400000.0
1080,4,Apartment,23.0732586,72.6508299,10500000.0
600,2,Apartment,23.0546669,72.6392596,2800000.0000000005
2250,4,Apartment,23.229333,72.616339,18000000.0
1000,3,Villa,23.0854097,72.6580946,5500000.0
4050,4,Apartment,23.0854097,72.6580946,18000000.0
500,2,Apartment,23.0097167,72.5076274,2200000.0
1071,2,Apartment,22.7192412,72.8423906,3200000.0
1575,3,Apartment,23.2478221,72.4852775,6000000.0
2610,3,Apartment,23.2145657,72.6856816,12000000.0
1323,2,Apartment,23.0810804,72.6819875,5200000.0
642,3,Apartment,23.0687402,72.6734956,5500000.0
630,1,Apartment,22.9975921,72.6046587,1800000.0
1300,2,Apartment,23.0839289,72.6785883,6000000.0
780,1,Apartment,23.0839289,72.6785883,2950999.9999999995
1400,2,Villa,23.2478221,72.4852775,7200000.0
765,1,Villa,23.0271267,72.5226289,5000000.0
2196,4,Villa,23.0434823,72.6810611,29000000.0
1575,3,Apartment,23.2478221,72.4852775,7500000.0
756,1,Apartment,23.0854097,72.6580946,2500000.0
963,2,Apartment,23.0854097,72.6580946,7499000.0
675,1,Apartment,23.1109557,72.5539974,1600000.0
675,1,Apartment,23.1109557,72.5539974,1550000.0
1188,2,Apartment,23.0097167,72.5076274,3550000.0
500,1,Apartment,23.0687402,72.6734956,2300000.0
953,2,Apartment,23.1136923,72.5404916,3200000.0
1125,2,Apartment,23.0687402,72.6734956,9000000.0
250,1,Apartment,23.0839289,72.6785883,1100000.0
1000,2,Apartment,23.0637665,72.555444,2900000.0
1800,3,Apartment,23.0854097,72.6580946,7800000.0
945,2,Apartment,23.0687402,72.6734956,6500000.0
1143,2,Apartment,23.0856343,72.5646439,3800000.0
900,2,Apartment,23.0854097,72.6580946,2900000.0
990,2,Apartment,23.0839289,72.6785883,3550000.0
1080,1,Apartment,23.0839289,72.6785883,3500000.0
675,1,Apartment,23.1109557,72.5539974,1650000.0
1500,2,Apartment,23.0839289,72.6785883,5000000.0
2700,3,Villa,23.0687402,72.6734956,15000000.0
1566,3,Apartment,23.1634079,72.6888935,4500000.0
1620,2,Apartment,23.0332098,72.5649625,5100000.0
1575,3,Apartment,23.0732586,72.6508299,8000000.0
1485,2,Apartment,23.0810804,72.6819875,5300000.0
1170,3,Apartment,23.0604301,72.6537943,3500000.0
1215,2,Apartment,23.002498,72.5610944,4500000.0
1242,2,Apartment,23.1429051,72.5392248,3800000.0
1008,4,Villa,22.9952152,72.5890862,6990000.0
1355,2,Apartment,23.098471,72.4573459,2750000.0
1323,3,Apartment,23.0839289,72.6785883,8000000.0
765,1,Apartment,23.0854097,72.6580946,1800000.0
678,2,Apartment,23.0854097,72.6580946,3050000.0
900,2,Apartment,23.2478221,72.4852775,2700000.0
720,1,Apartment,23.0854097,72.6580946,2000000.0
1035,2,Apartment,23.0687402,72.6734956,4200000.0
1665,3,Apartment,23.1089581,72.5930405,6969000.0
1098,2,Apartment,23.0839289,72.6785883,4500000.0
1035,2,Apartment,23.0854097,72.6580946,3000000.0
950,2,Apartment,23.0687402,72.6734956,2300000.0
1000,1,Apartment,23.0839289,72.6785883,3600000.0
1080,2,Apartment,23.0839289,72.6785883,3900000.0
1022,4,Apartment,23.0271267,72.5226289,4300000.0
1022,4,Apartment,23.0732586,72.6508299,4500000.0
1530,3,Apartment,23.0097167,72.5076274,5100000.0
675,1,Apartment,23.0839289,72.6785883,2600000.0
755,1,Apartment,23.2401161,72.5010726,3000000.0
800,1,Apartment,23.1109557,72.5539974,1900000.0
1000,2,Apartment,23.0854097,72.6580946,4500000.0
810,1,Apartment,23.2358085,72.4908671,2351000.0
1215,2,Apartment,23.0854097,72.6580946,3500000.0
1170,2,Apartment,23.1743872,72.8270334,4099999.9999999995
1206,4,Apartment,23.0687402,72.6734956,13000000.0
1200,3,Apartment,23.0687402,72.6734956,9000000.0
952,2,Apartment,23.0687402,72.6734956,5499000.000000001
990,2,Apartment,23.1136923,72.5404916,3551000.0000000005
675,1,Apartment,23.0687402,72.6734956,1500000.0
1420,3,Apartment,23.0839289,72.6785883,7000000.0
1215,2,Apartment,23.0839289,72.6785883,4000000.0
1485,2,Apartment,23.0097167,72.5076274,1750000.0
2070,1,Villa,23.0854097,72.6580946,6500000.0
945,2,Apartment,23.0839289,72.6785883,4500000.0
2600,3,Villa,23.0907373,72.5906069,9000000.0
607,2,Apartment,23.0810804,72.6819875,4600000.0
1143,2,Apartment,23.2478221,72.4852775,3500000.0
1980,3,Apartment,23.29645,72.336983,12000000.0
477,1,Apartment,23.2935817,72.3290988,1950000.0
611,3,Apartment,23.013976,72.5296525,4900000.0
1098,2,Apartment,23.0839289,72.6785883,4300000.0
450,1,Apartment,23.0839289,72.6785883,3300000.0
1360,3,Apartment,23.1109557,72.5539974,6400000.0
743,2,Apartment,23.06384,72.5430733,3800000.0
1143,2,Apartment,23.0687402,72.6734956,3900000.0
1050,2,Apartment,23.0854097,72.6580946,3000000.0
990,1,Villa,23.0854097,72.6580946,4500000.0
980,2,Apartment,23.0854097,72.6580946,3500000.0
720,2,Apartment,23.022616,72.5819947,5600000.000000001
927,2,Apartment,23.0111491,72.5132562,2650000.0
1205,3,Villa,23.0854097,72.6580946,45000000.0
990,2,Apartment,23.0687402,72.6734956,3250000.0
1935,3,Apartment,23.2990325,72.4371042,6400000.0
1548,3,Apartment,23.0687402,72.6734956,5500000.0
648,1,Apartment,23.2478221,72.4852775,1700000.0000000002
1260,2,Apartment,23.0810804,72.6819875,6000000.0
1071,2,Apartment,23.0854097,72.6580946,4000000.0
1650,3,Apartment,23.0839289,72.6785883,8500000.0
1035,2,Apartment,23.0063315,72.536517,2400000.0
1143,2,Apartment,23.1450085,72.5333041,4151000.0000000005
475,1,Apartment,23.0839289,72.6785883,1500000.0
720,1,Apartment,23.1109557,72.5539974,1600000.0
310,1,Apartment,23.0687402,72.6734956,2300000.0
1242,2,Apartment,23.0687402,72.6734956,3700000.0
1170,2,Apartment,23.0854097,72.6580946,4400000.0
3420,3,Apartment,23.0687402,72.6734956,16000000.0
1035,2,Apartment,23.0687402,72.6734956,4180000.0
1215,2,Apartment,23.0106847,72.5099278,4500000.0
310,1,Apartment,23.0260558,72.5031438,2300000.0
2457,3,Apartment,23.0106847,72.5099278,14000000.0
1107,2,Apartment,23.2125309,72.684767,4000000.0
990,2,Apartment,23.0063315,72.536517,2500000.0
1196,2,Apartment,23.0810804,72.6819875,5000000.0
800,2,Apartment,23.0271267,72.5226289,2251000.0
780,4,Villa,23.0854097,72.6580946,11500000.0
1200,2,Apartment,23.2935817,72.3290988,3700000.0
2450,4,Villa,23.06384,72.5430733,42100000.0
1600,3,Apartment,23.0604301,72.6537943,7500000.0
900,4,Villa,22.9986596,72.6114013,11000000.0
900,1,Apartment,23.0854097,72.6580946,2600000.0
1300,2,Apartment,23.0434823,72.6810611,4200000.0
1413,3,Apartment,22.9504545,72.6221998,8100000.000000001
1350,2,Apartment,23.0687402,72.6734956,5500000.0
990,2,Apartment,23.0854097,72.6580946,3000000.0
1060,2,Apartment,23.0732586,72.6508299,3200000.0
801,1,Apartment,23.0687402,72.6734956,2700000.0
1350,2,Apartment,23.0215374,72.5800568,5100000.0
385,1,Villa,23.0687402,72.6734956,3800000.0
720,1,Apartment,23.0854097,72.6580946,2100000.0
1350,3,Apartment,23.1109557,72.5539974,5500000.0
1035,2,Apartment,23.0687402,72.6734956,3000000.0
756,3,Apartment,22.9504545,72.6221998,5699999.999999999
810,2,Apartment,23.166292,72.8125255,11299999.999999998
853,2,Apartment,23.0810804,72.6819875,4500000.0
1000,2,Apartment,23.0063315,72.536517,2100000.0
1413,3,Apartment,23.0687402,72.6734956,6800000.000000001
700,2,Apartment,23.0810804,72.6819875,3200000.0
3800,5,Villa,22.9986596,72.6114013,36000000.0
1200,2,Apartment,23.3141083,72.3340278,3700000.0
700,1,Apartment,23.0854097,72.6580946,2400000.0
855,1,Apartment,23.0854097,72.6580946,2700000.0
1300,1,Villa,22.9986596,72.6114013,7000000.0
540,1,Apartment,23.0854097,72.6580946,1000000.0
1500,3,Apartment,23.0819691,72.6733351,7200000.0
980,1,Apartment,23.0839289,72.6785883,3350000.0
1200,2,Apartment,23.0111491,72.5132562,6000000.0
1512,2,Villa,23.0106847,72.5099278,6551000.0
1260,2,Villa,23.0732586,72.6508299,12000000.0
1125,2,Apartment,23.1136923,72.5404916,2800000.0000000005
968,2,Apartment,23.0687402,72.6734956,3640000.0
611,3,Apartment,23.013976,72.5296525,5500000.0
1000,2,Apartment,23.022616,72.5819947,3800000.0
1215,2,Apartment,23.0063315,72.536517,4000000.0
423,1,Apartment,23.0854097,72.6580946,1850000.0
700,2,Villa,23.0854097,72.6580946,3950000.0
2430,3,Apartment,23.0606252,72.5874652,11500000.0
2368,2,Apartment,23.0635608,72.5959508,5500000.0
950,1,Apartment,23.0687402,72.6734956,2000000.0
608,2,Apartment,23.0810804,72.6819875,4500000.0
1035,2,Apartment,23.0854097,72.6580946,3700000.0
1500,4,Villa,23.0589037,72.5555343,20000000.0
990,2,Apartment,23.0732586,72.6508299,3700000.0
1161,2,Apartment,22.9914752,72.611707,3950000.0
385,1,Villa,23.0687402,72.6734956,3800000.0
1000,2,Apartment,23.0856343,72.5646439,4900000.0
900,2,Villa,23.0854097,72.6580946,6000000.0
1170,2,Apartment,23.0839289,72.6785883,4500000.0
1395,3,Apartment,23.0839289,72.6785883,6500000.0
1260,3,Apartment,23.002498,72.5610944,7000000.0
450,1,Apartment,23.2478221,72.4852775,1800000.0
990,3,Apartment,23.0687402,72.6734956,5000000.0
630,1,Apartment,23.0069624,72.5440056,1800000.0
945,2,Apartment,23.0097167,72.5076274,4099999.9999999995
1377,2,Apartment,23.062275,72.571217,5600000.000000001
1008,2,Apartment,23.0732586,72.6508299,2300000.0
1500,2,Apartment,23.0839289,72.6785883,5500000.0
1200,3,Villa,23.0854097,72.6580946,8500000.0
628,3,Apartment,23.013976,72.5296525,4500000.0
1368,3,Apartment,23.1647995,72.6491597,17500000.0
1620,3,Villa,23.2478221,72.4852775,5950000.0
1300,2,Apartment,23.0111491,72.5132562,5500000.0
646,3,Apartment,23.0497771,72.6242066,3900000.0
1200,2,Apartment,23.0854097,72.6580946,4500000.0
1125,2,Apartment,23.0854097,72.6580946,3300000.0
1386,3,Apartment,23.0839289,72.6785883,6007000.0
1035,1,Apartment,23.0687402,72.6734956,2500000.0
1453,2,Apartment,23.2524609,72.4843063,5500000.0
1270,2,Apartment,23.0810804,72.6819875,4500000.0
1575,3,Apartment,23.0839289,72.6785883,8000000.0
960,1,Apartment,23.0510656,72.6436615,2100000.0
660,1,Apartment,23.0687402,72.6734956,3000000.0
1400,2,Villa,23.0854097,72.6580946,12500000.0
1503,3,Apartment,23.2478221,72.4852775,6200000.0
675,1,Apartment,23.0713445,72.6773842,2350000.0
700,1,Villa,23.0854097,72.6580946,4000000.0
1125,2,Apartment,23.1136923,72.5404916,2600000.0
715,3,Apartment,23.0604301,72.6537943,7150000.0
1242,3,Apartment,23.30045,72.33757,5000000.0
1035,2,Apartment,23.0687402,72.6734956,4500000.0
1260,2,Apartment,23.0854097,72.6580946,4200000.0
1206,2,Apartment,23.1655503,72.8133323,5300000.0
1200,2,Apartment,23.0732586,72.6508299,3500000.0
1600,3,Apartment,23.0687402,72.6734956,5000000.0
736,3,Apartment,23.1634079,72.6888935,4500000.0
1485,2,Apartment,23.2409219,72.5000206,6500000.0
660,1,Apartment,23.29645,72.336983,5000000.0
720,1,Apartment,23.0810804,72.6819875,1800000.0
1278,2,Apartment,23.0329263,72.4259729,4200000.0
765,1,Apartment,23.0839289,72.6785883,2500000.0
1080,2,Apartment,23.0398447,72.6298154,3700000.0
529,2,Apartment,23.0064282,72.5064759,4500000.0
1800,2,Apartment,23.0839289,72.6785883,3600000.0
1125,2,Apartment,23.2478221,72.4852775,4200000.0
2500,4,Villa,23.0434823,72.6810611,21000000.0
1333,2,Apartment,23.0810804,72.6819875,4200000.0
1080,2,Apartment,23.0839289,72.6785883,3400000.0000000005
1080,2,Apartment,23.0839289,72.6785883,4099999.9999999995
1260,2,Apartment,23.0839289,72.6785883,5500000.0
1000,4,Apartment,23.273674,72.3225573,7500000.0
585,2,Apartment,23.0063315,72.536517,5000000.0
10692,3,Apartment,23.0732586,72.6508299,4500000.0
500,2,Apartment,23.0271267,72.5226289,7200000.0
1161,2,Apartment,23.0854097,72.6580946,3900000.0
882,1,Apartment,23.002498,72.5610944,3100000.0
1350,3,Apartment,23.1109557,72.5539974,5000000.0
1386,3,Apartment,23.0810804,72.6819875,5500000.0
657,1,Apartment,23.2935817,72.3290988,2500000.0
751,1,Apartment,23.0839289,72.6785883,2450000.0
990,2,Apartment,23.0063315,72.536517,2600000.0
1098,2,Apartment,23.0732586,72.6508299,4200000.0
1080,2,Apartment,23.1429051,72.5392248,3810000.0
1800,4,Apartment,23.0732586,72.6508299,14500000.0
1450,3,Villa,23.0472488,72.6088046,7500000.0
2718,4,Apartment,23.0839289,72.6785883,17000000.0
540,3,Villa,23.0472488,72.6088046,4000000.0
800,1,Apartment,23.3062992,72.2211921,1750000.0
660,5,Villa,23.0810804,72.6819875,20000000.0
765,3,Villa,23.0472488,72.6088046,6000000.0
945,3,Apartment,23.0472488,72.6088046,4800000.0
2160,4,Villa,23.0456662,72.6409989,12500000.0
1500,2,Villa,23.0873325,72.5490547,13000000.0
1440,3,Apartment,23.0873325,72.5490547,12500000.0
1500,4,Villa,23.0873325,72.5490547,10500000.0
1900,3,Apartment,23.0873325,72.5490547,14500000.0
1125,2,Villa,23.298153,72.3397926,9000000.0
1397,3,Apartment,23.0107679,72.5382694,8500000.0
1620,4,Villa,23.0107679,72.5382694,8000000.0
1620,4,Apartment,23.0055291,72.7665849,8000000.0
1050,3,Apartment,23.1743872,72.8270334,7500000.0
1800,4,Villa,23.0215374,72.5800568,7000000.0
2000,4,Villa,23.2454066,72.8948686,6500000.0
2016,4,Apartment,23.0829627,72.5906964,22100000.0
1000,3,Apartment,23.0489175,72.6041847,6000000.0
810,2,Apartment,22.9930907,72.6053857,4600000.0
2745,4,Apartment,23.2420572,72.4880711,32500000.0
765,1,Apartment,22.9977135,72.6067174,2100000.0
1115,3,Apartment,23.298153,72.3397926,16000000.0
556,1,Apartment,23.0012666,72.5877721,2800000.0000000005
1200,2,Apartment,22.8248493,72.7541649,6000000.0
1800,3,Apartment,23.0016701,72.6096215,9900000.0
900,2,Apartment,23.0111491,72.5132562,6000000.0
630,1,Apartment,23.0111491,72.5132562,2000000.0
999,3,Apartment,23.0050092,72.6043256,11000000.0
2100,3,Apartment,22.9978049,72.6113755,9500000.0
1260,2,Apartment,23.0111491,72.5132562,7500000.0
1026,1,Villa,22.9993547,72.6137203,11000000.0
819,2,Apartment,22.9986596,72.6114013,6000000.0
1575,3,Apartment,23.0636878,72.5312737,12000000.0
4000,2,Apartment,23.0271267,72.5226289,5000000.0
1890,3,Apartment,22.9986596,72.6114013,14500000.0
900,2,Apartment,23.1743872,72.8270334,7500000.0
2304,5,Villa,22.9986596,72.6114013,26000000.0
900,3,Apartment,22.9986596,72.6114013,6500000.0
1593,5,Villa,22.9986596,72.6114013,23500000.0
753,3,Villa,22.9993547,72.6137203,8000000.0
3600,5,Villa,22.9977135,72.6067174,48000000.0
1935,4,Apartment,23.0111491,72.5132562,21500000.0
1476,3,Apartment,22.9977135,72.6067174,11000000.0
1080,2,Apartment,22.9977135,72.6067174,7000000.0
1260,2,Apartment,23.2145657,72.6856816,7200000.0
1125,2,Apartment,22.9977135,72.6067174,6800000.000000001
1260,2,Apartment,22.9986596,72.6114013,7000000.0
2970,4,Villa,22.9977135,72.6067174,55000000.0
2133,3,Apartment,22.9986596,72.6114013,13000000.0
1503,3,Apartment,22.9986596,72.6114013,8500000.0
1890,4,Villa,22.9986596,72.6114013,26500000.0
1150,2,Apartment,23.0980898,72.5780885,6800000.000000001
2250,3,Apartment,22.9921663,72.6067294,28500000.0
1890,3,Apartment,22.9977135,72.6067174,10000000.0
1100,3,Apartment,23.0024214,72.605685,8500000.0
1125,2,Apartment,22.9977135,72.6067174,6000000.0
2025,3,Apartment,22.9986596,72.6114013,27500000.0
1125,2,Apartment,23.0111491,72.5132562,6500000.0
1962,3,Apartment,22.9977135,72.6067174,11000000.0
1710,3,Apartment,22.9986596,72.6114013,9500000.0
1125,2,Apartment,23.0111491,72.5132562,6500000.0
1305,2,Apartment,22.9986596,72.6114013,6500000.0
1845,3,Apartment,22.9986596,72.6114013,12500000.0
1845,3,Apartment,22.9519183,72.6113595,12500000.0
1000,2,Apartment,23.0069624,72.5440056,4500000.0
1500,3,Apartment,22.9986596,72.6114013,21000000.0
1800,4,Apartment,22.9986596,72.6114013,30000000.0
2032,3,Apartment,22.9986596,72.6114013,10000000.0
1224,2,Apartment,22.9977135,72.6067174,6300000.0
1134,2,Apartment,22.9977135,72.6067174,7000000.0
1215,3,Apartment,22.9986596,72.6114013,7000000.0
1080,3,Apartment,22.9977135,72.6067174,7700000.0
1035,2,Apartment,22.9986596,72.6114013,6500000.0
837,1,Apartment,22.9977135,72.6067174,4000000.0
1400,3,Apartment,22.995457,72.5990646,7000000.0
1250,2,Apartment,23.0631171,72.5255748,14000000.0
1250,2,Apartment,23.0111491,72.5132562,6000000.0
1030,2,Apartment,22.9977135,72.6067174,5500000.0
900,2,Apartment,22.9981997,72.5996856,6600000.0
1000,2,Apartment,22.995457,72.5990646,6000000.0
750,1,Apartment,23.1743872,72.8270334,2500000.0
1200,3,Apartment,23.0069624,72.5440056,9000000.0
900,2,Apartment,22.9941666,72.6116691,4000000.0
900,2,Apartment,22.9986596,72.6114013,5500000.0
1000,4,Apartment,22.9986596,72.6114013,25000000.0
1100,2,Apartment,23.0980898,72.5780885,7200000.0
900,2,Apartment,23.0069624,72.5440056,3500000.0
850,2,Apartment,22.9921663,72.6067294,3000000.0
990,2,Apartment,22.9986596,72.6114013,4950000.0
900,2,Apartment,23.0111491,72.5132562,4200000.0
872,3,Apartment,22.9986596,72.6114013,4500000.0
1305,3,Apartment,23.2755546,72.3447941,15000000.0
720,2,Apartment,22.9986596,72.6114013,4200000.0
600,1,Apartment,23.0111491,72.5132562,2300000.0
450,2,Apartment,22.9986596,72.6114013,2800000.0000000005
630,1,Apartment,22.9986596,72.6114013,2500000.0
800,2,Apartment,23.0069624,72.5440056,3000000.0
593,2,Apartment,22.9986596,72.6114013,4150000.0
765,2,Apartment,23.2066044,72.6305153,3500000.0
765,2,Apartment,22.9986596,72.6114013,3500000.0
1414,3,Apartment,22.957118,72.611815,7400000.0
1080,2,Apartment,23.0373752,72.5506531,5800000.0
990,1,Apartment,23.0063315,72.536517,4000000.0
880,2,Apartment,23.0787426,72.6681866,4200000.0
1300,4,Apartment,23.0069624,72.5440056,15000000.0
945,2,Apartment,22.9986596,72.6114013,3600000.0
1350,4,Villa,22.9986596,72.6114013,15000000.0
900,2,Apartment,22.9977135,72.6067174,3600000.0
394,1,Apartment,23.1634079,72.6888935,1875000.0
990,2,Apartment,22.9986596,72.6114013,2800000.0000000005
810,2,Apartment,22.9986596,72.6114013,3300000.0
1665,4,Apartment,22.9993547,72.6137203,8000000.0
540,1,Apartment,23.0631171,72.5255748,2000000.0
1700,3,Apartment,23.0271267,72.5226289,7600000.0
360,1,Apartment,23.1656211,72.8134229,2350000.0
1000,2,Apartment,23.1634079,72.6888935,4800000.0
1350,3,Apartment,22.995457,72.5990646,7000000.0
1449,3,Villa,22.9977135,72.6067174,17500000.0
1125,4,Villa,22.9986596,72.6114013,12500000.0
1080,2,Apartment,23.0363265,72.5650744,6200000.0
900,2,Apartment,23.0111491,72.5132562,4000000.0
1053,2,Apartment,22.9986596,72.6114013,4000000.0
1035,3,Apartment,22.9977135,72.6067174,6600000.0
540,1,Apartment,22.9986596,72.6114013,6500000.0
1000,2,Apartment,23.0111491,72.5132562,4000000.0
550,1,Apartment,23.0069624,72.5440056,2200000.0
936,2,Apartment,22.9986596,72.6114013,4500000.0
1170,2,Villa,23.0434823,72.6810611,4500000.0
1560,2,Apartment,22.9986596,72.6114013,7500000.0
1017,3,Apartment,22.9986596,72.6114013,10500000.0
1845,3,Apartment,22.9986596,72.6114013,11500000.0
1800,4,Villa,22.9986596,72.6114013,13500000.0
600,1,Apartment,23.1667008,72.8160161,2000000.0
846,2,Apartment,23.0063315,72.536517,3500000.0
720,1,Apartment,22.9977135,72.6067174,2500000.0
450,3,Apartment,23.0376135,72.5497906,4500000.0
405,3,Villa,23.0069624,72.5440056,4700000.0
1485,4,Apartment,23.0838316,72.6488435,16500000.0
990,2,Apartment,22.9986596,72.6114013,6500000.0
997,3,Apartment,23.1044464,72.6025578,9200000.0
784,4,Villa,23.0069624,72.5440056,8500000.0
765,2,Apartment,22.9986596,72.6114013,9500000.0
1620,4,Villa,22.9948656,72.6624431,34000000.0
900,2,Villa,23.0589037,72.5555343,6500000.0
1890,4,Apartment,22.9986596,72.6114013,25099999.999999996
1080,2,Apartment,23.0016701,72.6096215,6500000.0
720,1,Apartment,23.0069624,72.5440056,3150000.0
720,1,Apartment,22.9986596,72.6114013,3150000.0
800,4,Apartment,23.0069624,72.5440056,11000000.0
1620,3,Apartment,22.9977135,72.6067174,10000000.0
1260,3,Apartment,22.9986596,72.6114013,6500000.0
1170,2,Apartment,22.9977135,72.6067174,5600000.000000001
950,2,Apartment,22.9986596,72.6114013,3800000.0
851,2,Apartment,22.9986596,72.6114013,3600000.0
1980,3,Apartment,23.0111491,72.5132562,7000000.0
2163,6,Villa,22.9986596,72.6114013,25000000.0
1800,2,Apartment,22.9986596,72.6114013,8000000.0
1179,2,Apartment,22.9977135,72.6067174,5100000.0
1080,2,Apartment,22.9986596,72.6114013,4200000.0
675,1,Apartment,23.0069624,72.5440056,2500000.0
1250,4,Villa,22.9993547,72.6137203,8900000.0
970,2,Apartment,23.0111491,72.5132562,5000000.0
1098,2,Apartment,22.9884523,72.615313,5500000.0
1125,2,Apartment,23.2420572,72.4880711,6500000.0
1065,2,Villa,23.0069624,72.5440056,7500000.0
855,2,Apartment,22.9986596,72.6114013,4000000.0
990,2,Apartment,22.9986596,72.6114013,5000000.0
495,1,Apartment,23.2420572,72.4880711,2500000.0
840,2,Apartment,23.0097167,72.5076274,5000000.0
420,1,Apartment,22.9785228,72.6101796,700000.0000000001
1000,2,Apartment,23.2354226,72.4922037,4500000.0
553,2,Apartment,22.9986596,72.6114013,7000000.0
654,1,Apartment,22.9986596,72.6114013,3300000.0
900,2,Villa,22.9993547,72.6137203,4700000.0
450,1,Villa,22.9993547,72.6137203,2700000.0
500,4,Villa,23.0813667,72.6280913,6000000.0
855,2,Apartment,23.0713102,72.539578,4000000.0
630,1,Apartment,23.0271267,72.5226289,2500000.0
585,1,Apartment,22.9986596,72.6114013,2300000.0
2700,4,Villa,22.9986596,72.6114013,29500000.0
1080,2,Apartment,23.0069624,72.5440056,4200000.0
828,3,Villa,22.9993547,72.6137203,7500000.0
1269,2,Apartment,22.9977135,72.6067174,7000000.0
2200,3,Villa,22.9986596,72.6114013,17600000.0
1485,2,Apartment,23.0111491,72.5132562,4500000.0
2871,4,Apartment,22.9986596,72.6114013,17500000.0
900,2,Apartment,22.9977135,72.6067174,6200000.0
2952,4,Villa,22.9986596,72.6114013,28000000.0
1260,4,Apartment,23.166292,72.8125255,7500000.0
875,2,Apartment,22.7856059,72.2077612,6100000.0
2430,4,Apartment,22.9986596,72.6114013,16100000.000000002
810,2,Apartment,23.0069624,72.5440056,4800000.0
990,4,Apartment,22.9986596,72.6114013,14000000.0
675,1,Apartment,23.0063315,72.536517,2200000.0
900,2,Apartment,23.0839289,72.6785883,5000000.0
670,2,Apartment,22.9977135,72.6067174,5200000.0
1476,3,Villa,23.2420572,72.4880711,12000000.0
700,1,Apartment,22.9986596,72.6114013,2000000.0
900,2,Apartment,22.9504545,72.6221998,5200000.0
2000,3,Apartment,22.9986596,72.6114013,7000000.0
1080,3,Apartment,22.9969634,72.633455,6000000.0
1300,3,Apartment,23.2125309,72.684767,11000000.0
1054,2,Apartment,23.0111491,72.5132562,2500000.0
1000,3,Villa,22.9986596,72.6114013,8000000.0
2160,3,Apartment,22.9986596,72.6114013,16000000.0
495,1,Apartment,22.9986596,72.6114013,2500000.0
1512,3,Apartment,23.0069624,72.5440056,20000000.0
1200,2,Apartment,22.9986596,72.6114013,5000000.0
1305,4,Apartment,22.9986596,72.6114013,16000000.0
855,2,Apartment,23.0111491,72.5132562,6000000.0
1750,4,Apartment,23.0069624,72.5440056,12500000.0
900,2,Apartment,23.0111491,72.5132562,40000000.0
756,1,Apartment,23.0111491,72.5132562,2300000.0
900,2,Apartment,23.0063315,72.536517,4000000.0
800,2,Apartment,22.98027,72.595008,4000000.0
1143,1,Apartment,22.9986596,72.6114013,4600000.0
534,2,Apartment,23.0487566,72.5312683,4000000.0
540,1,Apartment,22.9986596,72.6114013,1950000.0
1359,3,Apartment,23.0111491,72.5132562,7500000.0
1700,4,Villa,22.9986596,72.6114013,13000000.0
1395,3,Apartment,22.9986596,72.6114013,19500000.0
1000,2,Apartment,23.0069624,72.5440056,5800000.0
1053,2,Apartment,23.0097167,72.5076274,6899999.999999999
3200,6,Villa,22.9993547,72.6137203,26500000.0
810,2,Apartment,23.0315816,72.6342417,4000000.0
990,1,Apartment,23.1192889,72.5656408,5800000.0
1035,2,Apartment,23.0069624,72.5440056,4180000.0
900,2,Apartment,23.0024214,72.605685,4500000.0
720,1,Apartment,22.9977135,72.6067174,2400000.0
860,2,Apartment,22.9930907,72.6053857,4300000.0
1080,2,Apartment,22.992185,72.6067341,7000000.0
1620,3,Apartment,23.038676,72.5596366,13000000.0
2232,3,Apartment,23.0287779,72.6282364,16000000.0
630,2,Apartment,23.0111491,72.5132562,3550000.0
1080,2,Apartment,22.9986596,72.6114013,4500000.0
1399,2,Apartment,23.1671198,72.8137393,9500000.0
882,2,Apartment,22.9977135,72.6067174,2900000.0
600,3,Apartment,22.9986596,72.6114013,6000000.0
1935,6,Villa,22.9986596,72.6114013,32500000.0
400,3,Apartment,22.9986596,72.6114013,8000000.0
810,3,Apartment,23.0111491,72.5132562,7200000.0
630,1,Apartment,22.9986596,72.6114013,3000000.0
452,1,Apartment,22.9986596,72.6114013,2350000.0
1260,2,Apartment,23.0111491,72.5132562,7800000.0
900,2,Apartment,22.9925659,72.6089924,6000000.0
648,1,Apartment,22.9986596,72.6114013,1650000.0
400,1,Apartment,22.9986596,72.6114013,2100000.0
540,2,Apartment,22.9986596,72.6114013,5000000.0
897,2,Apartment,23.2417722,72.503107,2800000.0000000005
1125,1,Villa,22.9986596,72.6114013,14000000.0
405,1,Apartment,22.9986596,72.6114013,2250000.0
891,2,Apartment,22.9986596,72.6114013,4400000.0
1260,1,Villa,22.9986596,72.6114013,7000000.0
500,1,Apartment,22.9930907,72.6053857,2500000.0
495,1,Apartment,22.9986596,72.6114013,3500000.0
630,1,Apartment,22.9986596,72.6114013,1550999.9999999998
850,1,Apartment,23.0069624,72.5440056,2600000.0
645,2,Apartment,22.9977135,72.6067174,4000000.0
500,2,Villa,23.0063315,72.536517,9000000.0
594,1,Apartment,22.9986596,72.6114013,2800000.0000000005
300,1,Villa,22.9986596,72.6114013,1500000.0
765,2,Apartment,23.0069624,72.5440056,3800000.0
1076,2,Apartment,23.0111491,72.5132562,5000000.0
320,1,Apartment,23.0097167,72.5076274,1950000.0
765,1,Apartment,22.9986596,72.6114013,2500000.0
1485,2,Apartment,23.2478221,72.4852775,10000000.0
600,1,Apartment,22.9986596,72.6114013,2500000.0
585,1,Apartment,22.9986596,72.6114013,2200000.0
1200,2,Apartment,23.0086264,72.5479912,3500000.0
1100,4,Apartment,23.0069624,72.5440056,11000000.0
950,2,Apartment,23.0069624,72.5440056,7000000.0
1485,3,Apartment,23.0398447,72.6298154,12700000.0
1530,4,Villa,22.9993547,72.6137203,11500000.0
1400,3,Apartment,23.0111491,72.5132562,7000000.0
1125,2,Apartment,23.0097167,72.5076274,6800000.000000001
756,4,Apartment,23.0271267,72.5226289,4500000.0
819,2,Apartment,22.9986596,72.6114013,3800000.0
150,1,Apartment,22.9986596,72.6114013,10000000.0
900,3,Apartment,23.0271267,72.5226289,7200000.0
900,2,Apartment,23.0111491,72.5132562,3500000.0
990,3,Apartment,23.0097167,72.5076274,10000000.0
2200,4,Villa,23.0111491,72.5132562,9000000.0
1890,4,Apartment,22.9951368,72.6050988,23000000.0
560,1,Apartment,23.0097167,72.5076274,2700000.0
1395,3,Apartment,23.0111491,72.5132562,7500000.0
450,2,Apartment,23.0063315,72.536517,3600000.0
2799,6,Apartment,22.995457,72.5990646,38000000.0
450,2,Apartment,23.0277757,72.5412896,1000000.0
1080,4,Villa,22.9986596,72.6114013,18000000.0
400,4,Apartment,22.9986596,72.6114013,10000000.0
855,2,Apartment,22.9986596,72.6114013,2600000.0
3150,4,Apartment,22.9986596,72.6114013,48000000.0
1900,3,Villa,22.9986596,72.6114013,13500000.0
1800,3,Apartment,23.0069624,72.5440056,6100000.0
855,2,Apartment,22.9986596,72.6114013,4400000.0
465,1,Apartment,23.0111491,72.5132562,2500000.0
900,2,Apartment,23.0713102,72.539578,3500000.0
600,1,Apartment,22.9986596,72.6114013,2430000.0
1108,2,Apartment,23.0012666,72.5877721,6000000.0
1700,4,Apartment,23.0631171,72.5255748,6500000.0
1125,2,Apartment,23.0839289,72.6785883,6000000.0
855,2,Apartment,23.0376135,72.5497906,4500000.0
1440,1,Apartment,22.9977135,72.6067174,13500000.0
490,2,Apartment,22.995457,72.5990646,5000000.0
1026,4,Apartment,23.0163661,72.5950182,6000000.0
774,2,Apartment,23.0097167,72.5076274,3600000.0
774,2,Apartment,23.0111491,72.5132562,3800000.0
720,2,Apartment,23.0320762,72.4596133,6000000.0
720,2,Apartment,23.0111491,72.5132562,4300000.0
1129,2,Apartment,23.0012666,72.5877721,5400000.0
900,2,Villa,22.9986596,72.6114013,12500000.0
1530,4,Apartment,23.0271267,72.5226289,28000000.0
1250,1,Apartment,23.0312093,72.5267611,7200000.0
1250,2,Apartment,23.0111491,72.5132562,3500000.0
1600,2,Apartment,23.0111491,72.5132562,4500000.0
909,3,Apartment,22.992195,72.6116113,10500000.0
1000,2,Apartment,23.3011313,72.3200908,4000000.0
1080,2,Apartment,23.0544365,72.61801,4200000.0
1700,3,Apartment,22.9993547,72.6137203,8500000.0
780,1,Apartment,22.9977135,72.6067174,3000000.0
1250,3,Apartment,23.0069624,72.5440056,9250000.0
585,1,Apartment,22.9986596,72.6114013,2500000.0
300,1,Apartment,23.0248671,72.5461617,2650000.0
1800,3,Apartment,22.9981997,72.5996856,6800000.000000001
1100,2,Apartment,23.0676665,72.5721746,2500000.0
1135,2,Apartment,23.0676665,72.5721746,3000000.0
1000,1,Apartment,23.0205533,72.6384382,2300000.0
900,3,Apartment,23.0676665,72.5721746,9100000.0
1750,3,Apartment,23.0676665,72.5721746,6600000.0
1000,3,Apartment,23.0676665,72.5721746,2200000.0
1206,2,Apartment,23.0676665,72.5721746,3650000.0
1260,2,Apartment,23.0676665,72.5721746,4200000.0
972,2,Apartment,23.0676665,72.5721746,3200000.0
918,2,Apartment,23.0676665,72.5721746,3200000.0
500,1,Apartment,23.0215374,72.5800568,2000000.0
657,1,Apartment,23.0676665,72.5721746,1625000.0
500,1,Apartment,23.0676665,72.5721746,2200000.0
756,3,Villa,23.0215374,72.5800568,6500000.0
1600,2,Villa,23.0215374,72.5800568,3800000.0
1665,5,Apartment,23.0265372,72.6388013,11000000.0
350,2,Apartment,23.0265372,72.6388013,3100000.0
1800,4,Apartment,23.0676665,72.5721746,14100000.0
610,2,Apartment,23.0676665,72.5721746,3200000.0
1000,1,Apartment,22.9800961,72.4514457,2300000.0
600,2,Villa,23.0215374,72.5800568,2900000.0
1530,3,Villa,23.0265372,72.6388013,6700000.0
10333,3,Apartment,23.054805,72.5964358,6500000.0
1350,4,Villa,23.0215374,72.5800568,8000000.0
1035,2,Apartment,23.1429051,72.5392248,4200000.0
211,2,Apartment,23.0787426,72.6681866,1500000.0
520,1,Villa,23.0215374,72.5800568,3500000.0
900,2,Apartment,23.0265372,72.6388013,4800000.0
2109,2,Apartment,23.0087873,72.5981672,1700000.0000000002
1125,2,Apartment,23.1429051,72.5392248,4551000.0
750,2,Apartment,23.0244645,72.6688642,4200000.0
1000,6,Villa,23.0215374,72.5800568,7000000.0
550,2,Apartment,23.0215374,72.5800568,1500000.0
780,1,Apartment,23.2417722,72.503107,2300000.0
648,1,Apartment,23.2417722,72.503107,2500000.0
412,1,Apartment,23.0787426,72.6681866,2500000.0
1260,2,Apartment,23.0265372,72.6388013,9500000.0
450,2,Villa,23.0215374,72.5800568,2500000.0
327,1,Apartment,23.2417722,72.503107,2500000.0
999,2,Apartment,23.0271267,72.5226289,6500000.0
1680,4,Villa,23.0434823,72.6810611,35000000.0
801,1,Apartment,23.0244645,72.6688642,2300000.0
1240,2,Villa,22.9915979,72.610295,3200000.0
300,1,Villa,23.1104959,72.584599,1500000.0
900,2,Apartment,23.0676665,72.5721746,2550000.0
512,1,Apartment,23.0676665,72.5721746,650000.0
512,1,Apartment,23.0265372,72.6388013,650000.0
892,1,Apartment,23.0215374,72.5800568,2500000.0
4500,4,Villa,23.0215374,72.5800568,23000000.0
1000,4,Apartment,23.0069624,72.5440056,8000000.0
920,3,Apartment,23.0205533,72.6384382,2200000.0
1206,2,Apartment,23.0839289,72.6785883,3800000.0
4428,4,Apartment,23.0501392,71.9787097,39000000.0
4630,4,Apartment,23.0501392,71.9787097,30099999.999999996
2790,4,Apartment,23.0501392,71.9787097,47500000.0
2550,4,Apartment,23.0501392,71.9787097,36500000.0
2550,4,Apartment,23.0501392,71.9787097,37000000.0
4971,4,Apartment,23.0501392,71.9787097,33100000.0
3200,4,Apartment,23.0501392,71.9787097,23000000.0
4418,4,Apartment,23.0501392,71.9787097,28700000.0
6630,4,Apartment,23.0501392,71.9787097,46400000.0
5190,4,Apartment,23.0501392,71.9787097,36300000.0
4400,4,Apartment,23.0501392,71.9787097,45000000.0
4293,4,Apartment,23.0501392,71.9787097,31000000.0
4928,4,Apartment,23.0501392,71.9787097,33300000.0
3200,4,Apartment,23.0501392,71.9787097,23500000.0
4428,4,Apartment,23.0501392,71.9787097,33200000.0
2652,5,Apartment,23.0501392,71.9787097,45100000.0
2076,4,Apartment,23.0501392,71.9787097,35300000.0
2612,5,Apartment,23.0501392,71.9787097,44400000.00000001
2585,3,Apartment,23.0360509,72.5611735,19500000.0
2700,8,Villa,23.0265739,72.5489628,52500000.0
1975,3,Apartment,23.0359998,72.5643429,16000000.0
5850,6,Villa,23.0359998,72.5643429,95000000.0
2250,3,Villa,23.0359998,72.5643429,22500000.0
5220,4,Apartment,23.0360509,72.5611735,58500000.0
3735,5,Apartment,23.0359998,72.5643429,23000000.0
4671,7,Apartment,23.0359998,72.5643429,76500000.0
1675,3,Apartment,23.0359998,72.5643429,18000000.0
3600,4,Apartment,23.0359998,72.5643429,29900000.000000004
3700,4,Apartment,23.0359998,72.5643429,37100000.0
1280,3,Apartment,23.0359998,72.5643429,9900000.0
4392,4,Apartment,23.0359998,72.5643429,30800000.0
1890,3,Apartment,23.0360509,72.5611735,12000000.0
1680,3,Apartment,23.0359998,72.5643429,12100000.0
1800,3,Apartment,23.0359998,72.5643429,8500000.0
1980,3,Apartment,23.0265739,72.5489628,13500000.0
1890,2,Villa,23.0359998,72.5643429,23500000.0
4208,4,Apartment,23.0359998,72.5643429,30000000.0
3481,4,Apartment,22.9962826,72.516429,31200000.0
2178,3,Apartment,23.0426444,72.5491036,16000000.0
2529,4,Apartment,22.8863839,72.203952,18900000.0
1275,4,Apartment,23.0359998,72.5643429,11100000.000000002
3942,4,Apartment,22.9969506,72.601663,27599999.999999996
3481,4,Apartment,22.9962826,72.516429,31500000.0
2070,3,Apartment,23.0265739,72.5489628,16500000.0
4068,4,Apartment,23.0359998,72.5643429,28500000.0
2205,3,Apartment,23.0097167,72.5076274,22500000.0
4152,4,Apartment,23.0265739,72.5489628,31300000.0
2809,3,Apartment,23.0359998,72.5643429,19000000.0
2835,4,Villa,23.0069624,72.5440056,37500000.0
1933,3,Apartment,23.0359998,72.5643429,13000000.0
1620,3,Apartment,22.9930034,72.6098246,8800000.0
2770,4,Apartment,23.0426444,72.5491036,20000000.0
2700,4,Villa,23.008537,72.5103639,11500000.0
2700,4,Apartment,23.0359998,72.5643429,26500000.0
3025,4,Apartment,23.0359998,72.5643429,22700000.0
1800,3,Apartment,23.0359998,72.5643429,13000000.0
1754,3,Apartment,23.0359998,72.5643429,16000000.0
2550,3,Apartment,23.0787426,72.6681866,20000000.0
1933,3,Apartment,23.0359998,72.5643429,13500000.0
1865,3,Apartment,23.0426444,72.5491036,13100000.0
1732,3,Apartment,23.0426444,72.5491036,12100000.0
3500,4,Apartment,23.1201139,72.6251307,24000000.0
3600,4,Apartment,22.9984191,72.5604684,25000000.0
720,2,Apartment,23.0360509,72.5611735,6700000.0
1980,3,Apartment,23.0265739,72.5489628,12500000.0
2151,3,Apartment,23.0265739,72.5489628,15000000.0
2981,3,Apartment,23.0359998,72.5643429,21000000.0
1980,3,Apartment,23.0360509,72.5611735,12000000.0
945,2,Apartment,23.0359998,72.5643429,8000000.0
900,2,Apartment,23.0359998,72.5643429,4099999.9999999995
990,2,Apartment,23.0359998,72.5643429,10000000.0
1593,3,Apartment,23.0713102,72.539578,8199999.999999999
2585,3,Apartment,23.0359998,72.5643429,22500000.0
1890,3,Apartment,23.0546669,72.6392596,15500000.0
1503,3,Apartment,23.0386182,72.5615846,11100000.000000002
1605,4,Apartment,22.9962826,72.516429,21500000.0
1980,3,Apartment,23.013976,72.5296525,9000000.0
1280,3,Apartment,23.0111491,72.5132562,9900000.0
4392,4,Apartment,22.9884742,72.3357236,30800000.0
1680,3,Apartment,23.0360509,72.5611735,12100000.0
1800,3,Apartment,23.0787426,72.6681866,8500000.0
1980,3,Apartment,23.0265739,72.5489628,13500000.0
1890,2,Villa,23.0359998,72.5643429,23500000.0
4208,4,Apartment,23.0546669,72.6392596,30000000.0
1215,3,Apartment,23.0713102,72.539578,9000000.0
1800,3,Apartment,22.7304066,72.4368132,11000000.0
1800,4,Apartment,23.0359998,72.5643429,21000000.0
1440,3,Apartment,23.0265739,72.5489628,9800000.0
1800,3,Apartment,23.0359998,72.5643429,15000000.0
1320,3,Villa,23.0265739,72.5489628,8000000.0
1440,3,Apartment,23.0359998,72.5643429,12500000.0
900,2,Apartment,23.0069624,72.5440056,6200000.0
1311,4,Apartment,23.2236704,72.6641938,13000000.0
2475,3,Apartment,23.0359998,72.5643429,27500000.0
3816,4,Apartment,23.0359998,72.5643429,35200000.0
1890,3,Apartment,23.0359998,72.5643429,10000000.0
2025,3,Villa,23.0359998,72.5643429,22500000.0
300,3,Apartment,23.2145657,72.6856816,15000000.0
1500,3,Apartment,23.0359998,72.5643429,17000000.0
1500,3,Apartment,23.0359998,72.5643429,4000000.0
1800,3,Apartment,23.0839289,72.6785883,19500000.0
1500,3,Apartment,23.0359998,72.5643429,8500000.0
2475,4,Apartment,23.0839289,72.6785883,17500000.0
2865,4,Apartment,22.9962826,72.516429,23500000.0
2385,3,Apartment,23.0386182,72.5615846,15000000.0
1250,3,Apartment,23.0359998,72.5643429,9700000.0
2250,4,Apartment,23.0359998,72.5643429,13000000.0
630,2,Apartment,23.0359998,72.5643429,4500000.0
1664,1,Villa,23.0697965,72.5524459,17000000.0
1035,2,Apartment,23.0426444,72.5491036,6000000.0
1100,2,Apartment,23.0346573,72.5371832,6200000.0
1260,2,Apartment,23.0284731,72.5590087,9000000.0
1764,3,Apartment,22.9969506,72.601663,10000000.0
1350,3,Apartment,23.0359998,72.5643429,7000000.0
1530,3,Apartment,23.0097167,72.5076274,9500000.0
1640,3,Apartment,23.0111491,72.5132562,12100000.0
2000,4,Apartment,23.039243,72.5551154,40000000.0
900,4,Apartment,23.0360509,72.5611735,15000000.0
1350,3,Apartment,23.0386182,72.5615846,7800000.0
1080,2,Apartment,23.0359998,72.5643429,6500000.0
1100,2,Apartment,23.0359998,72.5643429,7000000.0
1449,3,Apartment,23.0360509,72.5611735,8500000.0
1764,3,Apartment,22.9969506,72.601663,10800000.0
3000,4,Apartment,23.0359998,72.5643429,20000000.0
810,2,Apartment,23.0360509,72.5611735,15000000.0
2475,2,Apartment,23.0069624,72.5440056,22500000.0
1550,3,Apartment,23.0359998,72.5643429,9000000.0
1890,3,Apartment,23.0359998,72.5643429,7500000.0
2500,4,Apartment,23.0211754,72.555119,14000000.0
1980,3,Apartment,22.9969506,72.601663,12500000.0
2700,6,Villa,23.0265739,72.5489628,65199999.99999999
1215,2,Apartment,23.0359998,72.5643429,8500000.0
1550,3,Apartment,23.0359998,72.5643429,8000000.0
1959,3,Apartment,23.0359998,72.5643429,15000000.0
1350,3,Apartment,23.0359998,72.5643429,11000000.0
1485,3,Apartment,23.0359998,72.5643429,10000000.0
1500,4,Apartment,23.0359998,72.5643429,14000000.0
1800,3,Apartment,23.0359998,72.5643429,11500000.0
2700,6,Apartment,23.0265739,72.5489628,21000000.0
1800,2,Apartment,23.2420572,72.4880711,6000000.0
1053,3,Apartment,23.0359998,72.5643429,9500000.0
2808,6,Apartment,22.992195,72.6116113,30000000.0
2335,3,Apartment,23.0359998,72.5643429,16500000.0
1107,2,Apartment,23.0359998,72.5643429,7000000.0
1485,3,Apartment,23.0359998,72.5643429,9500000.0
2358,3,Apartment,23.0359998,72.5643429,18000000.0
1243,3,Apartment,23.017704,72.4696021,21500000.0
2700,3,Apartment,23.0265739,72.5489628,22500000.0
4500,4,Villa,23.0359998,72.5643429,65000000.0
1980,3,Apartment,23.0359998,72.5643429,15000000.0
1620,3,Apartment,23.0359998,72.5643429,16500000.0
871,2,Apartment,23.0363265,72.5650744,18000000.0
2550,3,Apartment,23.0360509,72.5611735,18500000.0
1665,3,Apartment,23.0359998,72.5643429,8840000.0
2475,4,Apartment,23.0839289,72.6785883,18500000.0
1890,2,Villa,23.0359998,72.5643429,33500000.0
1755,3,Apartment,23.0360509,72.5611735,9200000.0
1530,3,Apartment,23.0360509,72.5611735,7500000.0
1845,3,Apartment,23.0360509,72.5611735,8000000.0
1755,3,Apartment,23.0360509,72.5611735,9000000.0
2880,3,Apartment,23.187962,72.5737728,16000000.0
2385,3,Villa,23.1097883,72.590667,20000000.0
1584,4,Villa,23.1100643,72.5811205,55000000.0
2000,4,Apartment,23.0360509,72.5611735,30000000.0
1242,2,Apartment,23.0360509,72.5611735,6000000.0
2511,3,Apartment,23.0360509,72.5611735,30000000.0
1800,5,Apartment,23.0360509,72.5611735,32500000.0
1476,2,Apartment,23.0360509,72.5611735,10500000.0
1467,3,Villa,23.0360509,72.5611735,24000000.0
2817,3,Villa,23.0360509,72.5611735,31000000.0
2304,3,Apartment,23.0360509,72.5611735,12500000.0
1305,4,Apartment,23.0360509,72.5611735,20000000.0
1764,3,Apartment,23.0360509,72.5611735,8199999.999999999
1530,4,Apartment,23.0360509,72.5611735,24500000.0
1800,3,Apartment,23.0360509,72.5611735,8600000.0
1935,3,Apartment,23.0360509,72.5611735,8800000.0
1350,4,Apartment,23.0360509,72.5611735,26500000.0
1755,3,Apartment,23.0360509,72.5611735,10000000.0
1980,3,Apartment,23.0360509,72.5611735,9500000.0
2475,3,Apartment,23.0360509,72.5611735,12500000.0
1530,4,Apartment,23.0360509,72.5611735,27500000.0
2007,4,Apartment,23.0360509,72.5611735,35100000.0
1125,2,Apartment,23.0363265,72.5650744,5500000.0
2709,4,Apartment,23.0295587,72.5581113,37000000.0
1575,4,Apartment,23.0360509,72.5611735,22500000.0
1070,2,Apartment,23.0360509,72.5611735,5000000.0
3132,3,Apartment,23.0360509,72.5611735,31100000.0
334,1,Apartment,23.0360509,72.5611735,1500000.0
2115,3,Apartment,23.017704,72.4696021,10000000.0
1575,4,Villa,23.0215374,72.5800568,25000000.0
2700,4,Apartment,23.0278719,72.4858347,40000000.0
1176,2,Apartment,23.298153,72.3397926,9000000.0
1350,2,Apartment,23.1100643,72.5811205,8199999.999999999
2250,4,Apartment,23.0360509,72.5611735,30000000.0
1130,2,Apartment,23.1100643,72.5811205,4600000.0
1100,2,Apartment,23.0326231,72.5709891,4500000.0
1900,3,Apartment,23.0360509,72.5611735,8000000.0
1989,3,Apartment,23.2000565,72.6239357,10000000.0
1800,4,Villa,23.0360509,72.5611735,24100000.0
3229,5,Apartment,23.0650046,72.5390686,43000000.0
1215,2,Apartment,23.0649034,72.5268918,6200000.0
2070,3,Villa,23.0097167,72.5076274,10000000.0
855,2,Apartment,23.0111491,72.5132562,5500000.0
581,2,Apartment,23.0111491,72.5132562,6200000.0
753,1,Apartment,23.0271267,72.5226289,16000000.0
873,2,Apartment,23.0111491,72.5132562,6300000.0
1422,4,Apartment,23.0649034,72.5268918,30000000.0
1152,2,Apartment,23.0111491,72.5132562,7000000.0
9000,2,Apartment,23.0111491,72.5132562,6000000.0
945,2,Apartment,23.0111491,72.5132562,5500000.0
792,2,Apartment,23.0097167,72.5076274,6000000.0
1050,2,Apartment,23.2145657,72.6856816,8500000.0
1305,2,Apartment,23.2976084,72.3384089,7800000.0
945,2,Apartment,23.0631171,72.5255748,6250000.0
1097,2,Apartment,23.0111491,72.5132562,8000000.0
1242,2,Apartment,23.017704,72.4696021,6400000.0
1350,3,Apartment,22.9461238,72.5972209,9000000.0
1080,2,Apartment,23.2524609,72.4843063,4800000.0
1350,6,Apartment,23.0682189,72.5439333,27500000.0
990,2,Apartment,23.0111491,72.5132562,6500000.0
2530,3,Apartment,23.0366663,72.5492165,15400000.0
1710,4,Apartment,23.0069624,72.5440056,24000000.0
1050,2,Apartment,23.0631171,72.5255748,5100000.0
900,2,Apartment,23.0398447,72.6298154,5500000.0
1350,6,Apartment,23.0366663,72.5492165,28500000.0
990,2,Apartment,23.0631171,72.5255748,6800000.000000001
900,2,Apartment,23.0649034,72.5268918,5000000.0
1278,2,Apartment,23.2145657,72.6856816,7200000.0
720,1,Apartment,23.0398447,72.6298154,3700000.0
1665,4,Apartment,22.9915979,72.610295,17900000.0
1035,2,Apartment,23.0366663,72.5492165,5800000.0
1200,3,Apartment,23.0111491,72.5132562,5000000.0
1080,2,Apartment,23.0284731,72.5590087,6500000.0
999,2,Apartment,23.0106847,72.5099278,5800000.0
855,2,Apartment,23.2406722,72.5018389,5300000.0
1827,4,Apartment,23.2366878,72.4910876,26100000.0
2520,3,Apartment,23.2125309,72.684767,7150000.0
1440,3,Apartment,23.0631171,72.5255748,8500000.0
1089,4,Apartment,23.0649034,72.5268918,13000000.0
1080,2,Apartment,23.0787426,72.6681866,4800000.0
2815,3,Apartment,23.0560952,72.6156604,16500000.0
585,1,Apartment,23.0111491,72.5132562,3600000.0
828,3,Apartment,23.0106847,72.5099278,8000000.0
1150,2,Apartment,23.2145657,72.6856816,6300000.0
340,1,Apartment,23.2145657,72.6856816,2800000.0000000005
810,2,Villa,23.0686745,72.5358445,6500000.0
1971,3,Apartment,23.0546669,72.6392596,12500000.0
1000,2,Apartment,23.0111491,72.5132562,3800000.0
1035,2,Villa,22.9915979,72.610295,11000000.0
1350,3,Apartment,23.1221233,72.5825561,7100000.0
1080,4,Apartment,23.0069624,72.5440056,17800000.0
900,3,Apartment,23.0649034,72.5268918,15100000.0
585,1,Apartment,23.075569,72.549728,3800000.0
250,1,Apartment,22.9948656,72.6624431,1000000.0
918,2,Apartment,23.0199915,72.5576658,4800000.0
630,4,Villa,23.0215374,72.5800568,14900000.0
1080,2,Apartment,23.0111491,72.5132562,5500000.0
702,1,Apartment,23.0215374,72.5800568,3700000.0
1134,2,Apartment,23.1811486,72.63985,4600000.0
720,2,Apartment,23.0111491,72.5132562,6000000.0
900,2,Apartment,23.0631171,72.5255748,6500000.0
1089,4,Apartment,22.9461238,72.5972209,13000000.0
1080,2,Apartment,23.038676,72.5596366,5000000.0
1080,2,Apartment,22.9975921,72.6046587,5500000.0
200,1,Apartment,23.0649034,72.5268918,13000000.0
1200,1,Villa,23.1153559,72.5366513,8500000.0
807,2,Apartment,23.3272391,72.427916,4500000.0
1620,3,Apartment,23.0631171,72.5255748,7000000.0
519,2,Apartment,23.0106847,72.5099278,6200000.0
1440,3,Apartment,23.2145657,72.6856816,8000000.0
1550,4,Apartment,23.0069624,72.5440056,11000000.0
765,2,Apartment,23.0732586,72.6508299,4200000.0
1650,3,Apartment,23.0215374,72.5800568,6500000.0
1620,3,Apartment,23.0631171,72.5255748,7500000.0
1800,3,Apartment,23.0111491,72.5132562,12500000.0
900,2,Apartment,23.0713102,72.539578,5300000.0
940,3,Apartment,23.1201139,72.6251307,10000000.0
1170,2,Apartment,23.0111491,72.5132562,7500000.0
765,2,Villa,23.0200882,72.5860331,16000000.0
2052,2,Villa,23.0676959,72.5318156,26500000.0
1290,2,Apartment,23.2098893,72.662021,12500000.0
720,2,Villa,23.1655965,72.8117994,8300000.0
963,2,Apartment,22.727869,72.437637,4500000.0
2775,3,Apartment,23.0560952,72.6156604,15000000.0
1350,3,Apartment,23.075569,72.549728,8199999.999999999
1260,1,Apartment,23.0231798,72.5889516,13500000.0
1000,6,Villa,23.0649034,72.5268918,20000000.0
900,2,Apartment,23.0713102,72.539578,4650000.0
900,2,Apartment,23.0713102,72.539578,4896000.0
1800,2,Apartment,23.0111491,72.5132562,7500000.0
1044,2,Apartment,23.0111491,72.5132562,4650000.0
1350,3,Apartment,23.1221233,72.5825561,6500000.0
1000,2,Apartment,23.0713102,72.539578,4500000.0
909,2,Apartment,23.0366663,72.5492165,4300000.0
1035,2,Apartment,23.0111491,72.5132562,7500000.0
1170,2,Apartment,23.0839289,72.6785883,6500000.0
810,2,Apartment,23.0788863,72.5917636,4800000.0
1053,2,Apartment,23.0839289,72.6785883,5300000.0
900,2,Apartment,23.0716125,72.6367479,5500000.0
1500,2,Apartment,23.0398447,72.6298154,6500000.0
532,1,Apartment,23.0787426,72.6681866,3600000.0
1850,3,Apartment,23.0686745,72.5358445,15000000.0
936,2,Apartment,23.125434,72.5461672,4000000.0
1053,2,Apartment,22.727869,72.437637,5200000.0
700,1,Apartment,23.0159516,72.5669759,3200000.0
1395,3,Apartment,23.0631171,72.5255748,7500000.0
1035,2,Apartment,23.0111491,72.5132562,4500000.0
1395,3,Apartment,23.0255831,72.5691076,7600000.0
738,2,Apartment,23.0111491,72.5132562,4900000.0
1000,2,Apartment,23.2417722,72.503107,5300000.0
1350,3,Apartment,23.1550716,72.6864682,9000000.0
900,2,Apartment,23.1550716,72.6864682,15000000.0
990,2,Apartment,23.0713102,72.539578,4800000.0
753,1,Apartment,22.9504545,72.6221998,3500000.0
1341,2,Apartment,23.069237,72.5111307,7300000.0
1200,2,Apartment,23.017704,72.4696021,7500000.0
1152,2,Apartment,23.0255831,72.5691076,6600000.0
810,3,Apartment,23.0631171,72.5255748,7000000.0
1080,2,Apartment,23.2976084,72.3384089,7250000.0
765,2,Apartment,23.0631171,72.5255748,5500000.0
795,2,Apartment,23.0111491,72.5132562,6000000.0
2000,4,Apartment,23.0111491,72.5132562,15000000.0
900,2,Apartment,23.0069624,72.5440056,15200000.0
1125,2,Apartment,23.0215374,72.5800568,4500000.0
1150,2,Apartment,23.0326231,72.5709891,4400000.0
1305,2,Villa,23.0472393,72.5371594,12000000.0
1980,2,Apartment,23.0215374,72.5800568,8500000.0
1260,2,Apartment,23.0839289,72.6785883,7500000.0
1215,3,Apartment,22.9975921,72.6046587,6000000.0
2790,2,Apartment,23.2145657,72.6856816,20000000.0
1782,2,Apartment,23.0069624,72.5440056,16000000.0
1593,3,Villa,23.0069624,72.5440056,15000000.0
945,2,Apartment,23.2145657,72.6856816,6500000.0
1260,2,Apartment,23.0111491,72.5132562,8000000.0
1215,3,Apartment,23.0215374,72.5800568,6500000.0
1215,4,Apartment,23.0069624,72.5440056,13000000.0
900,4,Apartment,23.0831539,72.5209576,8500000.0
2250,4,Apartment,23.0271267,72.5226289,25000000.0
4041,4,Villa,23.2420572,72.4880711,70000000.0
1458,3,Apartment,22.727869,72.437637,7200000.0
1170,3,Apartment,23.0271267,72.5226289,6000000.0
648,2,Villa,22.9949449,72.5885536,8000000.0
900,2,Apartment,23.0215374,72.5800568,5500000.0
1485,3,Villa,23.0111491,72.5132562,7200000.0
900,2,Apartment,23.0631171,72.5255748,6000000.0
810,2,Apartment,23.0831539,72.5209576,32500000.0
990,2,Apartment,23.2145657,72.6856816,10500000.0
1449,3,Villa,23.0215374,72.5800568,15000000.0
1782,4,Villa,23.0215374,72.5800568,23000000.0
945,2,Apartment,23.0631171,72.5255748,4800000.0
900,2,Apartment,23.0326231,72.5709891,8500000.0
1620,3,Apartment,23.2145657,72.6856816,9500000.0
4725,6,Villa,23.0271267,72.5226289,39500000.0
900,2,Villa,22.9949449,72.5885536,6000000.0
2250,3,Apartment,23.2145657,72.6856816,20000000.0
2250,4,Apartment,23.0069624,72.5440056,25000000.0
1029,3,Apartment,23.0111491,72.5132562,8500000.0
2000,4,Apartment,23.0649034,72.5268918,11000000.0
1035,2,Apartment,23.0366663,72.5492165,5400000.0
1197,3,Apartment,23.0650046,72.5390686,15000000.0
540,3,Apartment,23.0271267,72.5226289,15000000.0
2250,6,Apartment,23.0069624,72.5440056,18500000.0
1053,2,Apartment,23.0650046,72.5390686,8500000.0
1116,2,Apartment,23.2125309,72.684767,6500000.0
1935,3,Apartment,23.0215374,72.5800568,20000000.0
1197,2,Apartment,22.9519183,72.6113595,8500000.0
4050,4,Apartment,23.0215374,72.5800568,33000000.0
1440,3,Apartment,23.0631171,72.5255748,9000000.0
1890,4,Villa,22.9915979,72.610295,36500000.0
1170,2,Apartment,23.0255831,72.5691076,7200000.0
1404,3,Villa,23.0215374,72.5800568,25000000.0
1440,3,Apartment,23.0069624,72.5440056,15000000.0
990,2,Apartment,23.0215374,72.5800568,7100000.0
2700,4,Villa,23.2420572,72.4880711,42500000.0
2250,4,Villa,23.0271267,72.5226289,15000000.0
1170,2,Villa,23.0069624,72.5440056,13000000.0
2520,3,Apartment,23.1569347,72.8003947,17500000.0
4050,4,Apartment,22.9915979,72.610295,19000000.0
810,3,Apartment,23.1743872,72.8270334,15100000.0
1890,4,Apartment,23.0271267,72.5226289,24000000.0
1458,3,Apartment,23.0111491,72.5132562,7820000.0
2300,4,Apartment,22.9915979,72.610295,35000000.0
1800,4,Villa,23.0111491,72.5132562,35000000.0
1800,4,Villa,23.2401161,72.5010726,20000000.0
300,3,Apartment,23.1646919,72.5821046,27500000.0
1755,3,Apartment,23.1646919,72.5821046,24000000.0
683,2,Apartment,23.1646919,72.5821046,6500000.0
720,1,Apartment,23.1646919,72.5821046,3125000.0
4950,4,Apartment,23.1646919,72.5821046,25000000.0
966,3,Apartment,23.1646919,72.5821046,12000000.0
4734,3,Villa,23.1646919,72.5821046,55000000.0
1710,3,Apartment,23.1646919,72.5821046,8500000.0
2259,4,Apartment,23.1646919,72.5821046,34000000.0
1620,4,Apartment,23.1646919,72.5821046,22500000.0
2520,4,Villa,23.1646919,72.5821046,30000000.0
1683,3,Apartment,23.1646919,72.5821046,7600000.0
1449,2,Apartment,23.1646919,72.5821046,5500000.0
2160,3,Apartment,23.1646919,72.5821046,9000000.0
1890,3,Apartment,23.1646919,72.5821046,8000000.0
2115,3,Apartment,23.1646919,72.5821046,7500000.0
4734,4,Villa,23.1646919,72.5821046,70000000.0
2925,4,Villa,23.1646919,72.5821046,25500000.0
1800,3,Apartment,23.1223913,72.5733728,13000000.0
4923,4,Apartment,23.1646919,72.5821046,57000000.0
2070,3,Apartment,23.1646919,72.5821046,7475000.000000001
1395,2,Apartment,23.1646919,72.5821046,4875000.0
1530,3,Apartment,23.1646919,72.5821046,5525000.0
5400,4,Apartment,23.2976084,72.3384089,67500000.0
3150,4,Apartment,23.2407523,72.5001613,11500000.0
730,2,Apartment,23.0361821,72.6297938,6000000.0
839,3,Apartment,23.0361821,72.6297938,7200000.0
2025,3,Apartment,23.1646919,72.5821046,12500000.0
1665,3,Apartment,23.002498,72.5610944,6000000.0
2160,3,Apartment,23.1646919,72.5821046,8500000.0
2925,4,Villa,23.0839289,72.6785883,25000000.0
1800,4,Apartment,23.1646919,72.5821046,20000000.0
1350,3,Apartment,23.1646919,72.5821046,16500000.0
800,1,Apartment,23.1646919,72.5821046,2950000.0
963,2,Apartment,23.1646919,72.5821046,3500000.0
1015,2,Apartment,23.0069624,72.5440056,3500000.0
1899,4,Villa,23.1602185,72.5854599,36000000.0
1089,2,Apartment,23.1646919,72.5821046,5000000.0
2196,4,Villa,23.1602185,72.5854599,21500000.0
1971,3,Apartment,23.1646919,72.5821046,8500000.0
1170,3,Villa,23.1646919,72.5821046,17500000.0
765,1,Apartment,23.1646919,72.5821046,3000000.0
1647,4,Villa,23.1646919,72.5821046,22000000.0
2025,3,Villa,23.1646919,72.5821046,21100000.0
1755,3,Apartment,23.1358111,72.5818846,8300000.0
1935,3,Apartment,23.1358111,72.5818846,8260000.0
1935,3,Apartment,23.1358111,72.5818846,7900000.0
1242,2,Apartment,23.1358111,72.5818846,6500000.0
1650,3,Apartment,23.1358111,72.5818846,7000000.0
1215,2,Apartment,23.1358111,72.5818846,6000000.0
774,3,Apartment,23.0604301,72.6537943,7000000.0
1908,3,Apartment,23.1358111,72.5818846,10500000.0
594,2,Apartment,23.2990325,72.4371042,4950000.0
2187,3,Apartment,23.1358111,72.5818846,10000000.0
1845,3,Apartment,23.1358111,72.5818846,7500000.0
1210,3,Apartment,23.1358111,72.5818846,7700000.0
1080,2,Apartment,23.1358111,72.5818846,5500000.0
1305,2,Apartment,23.1358111,72.5818846,6300000.0
1404,2,Apartment,23.1358111,72.5818846,6260000.0
2034,3,Apartment,23.1358111,72.5818846,8500000.0
1368,2,Apartment,23.1358111,72.5818846,5850000.0
1305,2,Apartment,23.1358111,72.5818846,5500000.0
1944,3,Apartment,23.1358111,72.5818846,8000000.0
796,3,Apartment,23.1358111,72.5818846,5500000.0
843,3,Apartment,23.1358111,72.5818846,6500000.0
1242,2,Apartment,23.1358111,72.5818846,6200000.0
3240,3,Apartment,23.1358111,72.5818846,13500000.0
1890,3,Apartment,23.1358111,72.5818846,6500000.0
1890,3,Apartment,23.1358111,72.5818846,6400000.0
1962,3,Apartment,23.1358111,72.5818846,6758000.0
914,3,Apartment,23.0604301,72.6537943,7200000.0
1845,3,Apartment,23.1358111,72.5818846,10500000.0
1296,2,Apartment,23.1358111,72.5818846,6800000.000000001
1845,3,Apartment,23.1358111,72.5818846,11000000.0
1665,3,Apartment,23.1358111,72.5818846,6875000.0
1260,2,Apartment,23.1358111,72.5818846,5305000.0
2061,3,Apartment,23.1646919,72.5821046,8500000.0
2250,3,Apartment,23.1358111,72.5818846,8500000.0
1710,2,Apartment,23.1358111,72.5818846,7000000.0
1530,2,Apartment,23.1358111,72.5818846,6500000.0
1422,2,Apartment,23.1358111,72.5818846,6000000.0
1368,2,Apartment,23.1358111,72.5818846,5895000.0
1512,3,Apartment,23.1358111,72.5818846,6500000.0
2034,3,Apartment,23.1358111,72.5818846,8500000.0
1242,2,Apartment,23.1358111,72.5818846,6300000.0
2160,3,Apartment,23.1358111,72.5818846,9000000.0
1800,3,Apartment,23.1358111,72.5818846,11200000.000000002
1800,3,Apartment,23.1358111,72.5818846,9500000.0
1080,2,Apartment,23.1358111,72.5818846,6700000.0
1800,3,Apartment,23.1358111,72.5818846,8700000.0
1215,2,Apartment,23.1358111,72.5818846,6200000.0
1305,2,Apartment,23.1358111,72.5818846,5900000.0
1368,2,Apartment,23.1358111,72.5818846,6200000.0
990,2,Apartment,23.1358111,72.5818846,5000000.0
1845,3,Apartment,23.1358111,72.5818846,7500000.0
1845,3,Apartment,23.1358111,72.5818846,6800000.000000001
750,2,Apartment,23.1358111,72.5818846,4900000.0
849,3,Apartment,23.1358111,72.5818846,7000000.0
611,2,Apartment,23.1358111,72.5818846,5500000.0
1845,3,Apartment,23.1358111,72.5818846,7200000.0
1890,3,Apartment,23.1358111,72.5818846,6665000.0
1657,2,Apartment,23.1358111,72.5818846,5236000.0
1845,3,Apartment,23.1358111,72.5818846,6500000.0
1845,3,Apartment,23.1358111,72.5818846,6700000.0
1935,3,Apartment,23.1358111,72.5818846,7800000.0
1845,3,Apartment,23.1358111,72.5818846,6800000.000000001
1890,3,Apartment,23.1358111,72.5818846,6720000.0
1845,3,Apartment,23.1358111,72.5818846,6800000.000000001
1845,3,Apartment,23.1358111,72.5818846,6400000.0
1935,3,Apartment,23.1358111,72.5818846,6720000.0
1485,2,Apartment,23.1358111,72.5818846,5300000.0
1395,2,Apartment,23.030038,72.5138178,4960000.0
1845,3,Apartment,23.1358111,72.5818846,6500000.0
1845,3,Apartment,23.1358111,72.5818846,7000000.0
1503,2,Apartment,23.030038,72.5138178,5120000.0
2115,3,Apartment,23.1358111,72.5818846,8460000.0
1944,3,Apartment,23.1358111,72.5818846,7344000.000000001
1512,2,Apartment,23.1358111,72.5818846,5200000.0
1575,3,Apartment,23.0839289,72.6785883,8000000.0
1467,3,Apartment,23.1358111,72.5818846,7100000.0
2100,3,Apartment,23.1358111,72.5818846,10000000.0
2034,3,Apartment,23.1358111,72.5818846,8136000.0
1836,3,Apartment,23.1358111,72.5818846,7410000.0
1917,3,Apartment,23.1358111,72.5818846,8010000.0
1836,3,Apartment,23.1358111,72.5818846,7370000.0
1890,3,Apartment,23.1358111,72.5818846,7600000.0
2025,3,Apartment,23.2232877,72.6492267,8000000.0
1143,2,Apartment,23.1358111,72.5818846,6000000.0
1512,3,Apartment,23.1358111,72.5818846,7500000.0
1845,3,Apartment,23.1358111,72.5818846,6765000.0
1600,2,Apartment,23.1358111,72.5818846,5500000.0
318,3,Villa,23.166292,72.8125255,26100000.0
1980,3,Villa,23.1358111,72.5818846,10000000.0
1215,2,Apartment,23.1358111,72.5818846,5800000.0
1845,3,Apartment,23.1358111,72.5818846,6500000.0
1845,3,Apartment,23.1358111,72.5818846,6200000.0
1422,2,Apartment,23.1358111,72.5818846,4700000.0
1404,2,Apartment,23.1358111,72.5818846,5304000.0
1935,3,Apartment,23.1358111,72.5818846,6400000.0
1575,3,Apartment,23.2990325,72.4371042,6500000.0
1485,2,Apartment,23.1358111,72.5818846,5300000.0
1850,3,Apartment,23.1358111,72.5818846,6899999.999999999
3150,3,Apartment,23.1358111,72.5818846,8199999.999999999
1503,2,Apartment,23.1358111,72.5818846,5177000.000000001
1323,2,Apartment,22.9993349,72.6245126,7000000.0
760,2,Apartment,23.0159755,72.5136414,5300000.0
1179,2,Apartment,23.1358111,72.5818846,4200000.0
1485,3,Apartment,23.121547,72.547202,6400000.0
1030,2,Apartment,23.2990325,72.4371042,4500000.0
1383,3,Apartment,23.1358111,72.5818846,7500000.0
603,2,Apartment,23.1358111,72.5818846,6200000.0
854,3,Apartment,23.1358111,72.5818846,5999000.0
1530,2,Apartment,23.1358111,72.5818846,5270000.0
1512,3,Apartment,23.0458191,72.5523558,7000000.0
1305,2,Apartment,22.9993349,72.6245126,6100000.0
1845,3,Apartment,23.1358111,72.5818846,7000000.0
1260,2,Apartment,23.017704,72.4696021,5250000.0
1000,2,Apartment,23.1358111,72.5818846,4350000.0
1746,3,Apartment,23.1358111,72.5818846,6500000.0
1575,3,Apartment,23.1358111,72.5818846,11500000.0
675,1,Apartment,23.1358111,72.5818846,3500000.0
1125,2,Apartment,23.1358111,72.5818846,5500000.0
1494,3,Apartment,23.1358111,72.5818846,6500000.0
1440,2,Apartment,23.1358111,72.5818846,6000000.0
1722,3,Apartment,23.1201139,72.6251307,14000000.0
1139,3,Apartment,23.2990325,72.4371042,5800000.0
727,2,Apartment,23.2145657,72.6856816,5725000.0
1850,3,Apartment,23.1223913,72.5733728,9200000.0
1500,3,Apartment,23.0329263,72.4259729,6500000.0
1755,3,Apartment,22.9993349,72.6245126,12000000.0
1134,2,Apartment,23.1358111,72.5818846,5150000.0
1500,3,Apartment,23.121547,72.547202,6500000.0
1296,2,Apartment,23.1358111,72.5818846,6899999.999999999
720,3,Villa,23.1358111,72.5818846,16500000.0
1980,3,Apartment,23.1358111,72.5818846,12000000.0
1260,2,Apartment,23.1358111,72.5818846,5000000.0
1170,2,Apartment,23.1358111,72.5818846,5699999.999999999
1215,2,Apartment,23.1358111,72.5818846,4900000.0
1242,2,Apartment,23.1358111,72.5818846,6500000.0
945,3,Apartment,23.1358111,72.5818846,6100000.0
1485,3,Apartment,23.1358111,72.5818846,7000000.0
2238,3,Apartment,23.1358111,72.5818846,9500000.0
1126,3,Apartment,23.1358111,72.5818846,7500000.0
990,2,Apartment,23.1358111,72.5818846,8000000.0
1548,3,Apartment,23.1358111,72.5818846,11000000.0
1530,3,Apartment,23.1358111,72.5818846,6500000.0
1566,3,Apartment,23.1358111,72.5818846,7300000.0
1062,2,Apartment,23.1358111,72.5818846,4800000.0
1800,3,Apartment,23.1358111,72.5818846,13500000.0
1575,3,Apartment,23.1358111,72.5818846,7200000.0
2700,3,Apartment,23.1358111,72.5818846,11500000.0
1755,3,Apartment,23.1358111,72.5818846,9000000.0
1836,3,Apartment,23.1358111,72.5818846,7500000.0
1800,3,Apartment,23.1358111,72.5818846,6800000.000000001
1580,3,Apartment,23.1358111,72.5818846,7200000.0
1737,3,Apartment,23.0227526,72.5383118,20000000.0
1080,2,Apartment,23.0227526,72.5383118,7500000.0
990,2,Apartment,23.0227526,72.5383118,7500000.0
3420,4,Apartment,23.0227526,72.5383118,32500000.0
3105,4,Apartment,23.0366663,72.5492165,32500000.0
2070,3,Apartment,23.0227526,72.5383118,19000000.0
3915,4,Apartment,23.0176555,72.5180484,48900000.0
2268,3,Apartment,23.0242849,72.5313961,20700000.0
4322,4,Apartment,23.0366663,72.5492165,42100000.0
4500,4,Apartment,23.0227526,72.5383118,75000000.0
4500,4,Villa,23.0215374,72.5800568,67000000.0
2550,4,Apartment,23.0227526,72.5383118,18600000.0
3447,4,Apartment,23.0227526,72.5383118,32500000.0
1665,3,Apartment,23.0227526,72.5383118,15000000.0
2430,3,Apartment,23.2145657,72.6856816,15500000.0
3300,3,Villa,23.0227526,72.5383118,43099999.99999999
2889,3,Villa,23.2420572,72.4880711,37500000.0
1665,3,Apartment,23.0227526,72.5383118,14000000.0
1485,3,Apartment,23.0227526,72.5383118,11500000.0
2160,2,Villa,23.0736217,72.6227248,12000000.0
1233,3,Apartment,23.0214082,72.5198974,9000000.0
2000,3,Apartment,23.0079064,72.5174367,20000000.0
4320,4,Apartment,23.0366663,72.5492165,40000000.0
990,4,Villa,23.0069624,72.5440056,60000000.0
2100,3,Apartment,23.0527565,72.5468014,17100000.0
3000,3,Villa,23.273674,72.3225573,26500000.0
1170,3,Apartment,23.0130528,72.5246496,9000000.0
3470,4,Villa,23.0458191,72.5523558,33000000.0
1200,3,Apartment,23.0000258,72.5051405,9800000.0
2175,3,Apartment,23.0604301,72.6537943,21000000.0
3500,3,Villa,23.0713102,72.539578,22500000.0
3775,4,Apartment,23.0215374,72.5800568,33500000.0
2781,3,Apartment,23.0227526,72.5383118,21000000.0
2781,4,Apartment,23.0366663,72.5492165,20500000.0
2700,4,Apartment,23.0215374,72.5800568,35100000.0
1998,3,Apartment,23.2145657,72.6856816,19000000.0
1665,3,Apartment,23.0111491,72.5132562,11000000.0
2000,3,Apartment,23.0366663,72.5492165,12100000.0
2250,3,Villa,23.0716125,72.6367479,35000000.0
2790,4,Villa,23.0063315,72.536517,17500000.0
2565,3,Apartment,23.0227526,72.5383118,35000000.0
1525,3,Apartment,23.0215374,72.5800568,12500000.0
1845,3,Apartment,23.0366663,72.5492165,8800000.0
1854,3,Apartment,23.0227526,72.5383118,10000000.0
2400,3,Apartment,23.2145657,72.6856816,21000000.0
2781,3,Apartment,23.0227526,72.5383118,20800000.0
2550,4,Apartment,23.0227526,72.5383118,19400000.0
1910,3,Apartment,23.0227526,72.5383118,14500000.0
1710,3,Apartment,23.0366663,72.5492165,13000000.0
4176,4,Villa,23.0227526,72.5383118,75000000.0
4500,4,Villa,23.0015561,72.5132033,75000000.0
3447,4,Apartment,23.0227526,72.5383118,31100000.0
1935,3,Villa,23.0237416,72.5117592,35000000.0
3600,4,Apartment,23.0169268,72.5204317,26000000.0
2898,4,Apartment,23.0227526,72.5383118,36000000.0
4500,4,Villa,23.0227526,72.5383118,80000000.0
1188,3,Apartment,23.0133529,72.5200482,10000000.0
2042,3,Apartment,23.0366663,72.5492165,17500000.0
1665,3,Apartment,23.0787426,72.6681866,12200000.0
5850,4,Apartment,23.0716125,72.6367479,95000000.0
530,4,Apartment,23.030038,72.5138178,100000000.0
4200,4,Apartment,23.0227526,72.5383118,34400000.0
4855,4,Apartment,23.0257637,72.5218678,67500000.0
3447,4,Apartment,23.2145657,72.6856816,27500000.0
2000,3,Apartment,23.0215374,72.5800568,19000000.0
1790,3,Apartment,23.0631171,72.5255748,13000000.0
1350,3,Apartment,23.0215374,72.5800568,8400000.0
1215,2,Apartment,23.0227526,72.5383118,8500000.0
3240,3,Apartment,23.0227526,72.5383118,20000000.0
1450,3,Apartment,23.2145657,72.6856816,17000000.0
1188,3,Apartment,23.3061466,72.3393616,10000000.0
2250,3,Apartment,23.0604301,72.6537943,20000000.0
2781,3,Apartment,22.9779487,72.6314285,26000000.0
1800,4,Apartment,23.0069624,72.5440056,35000000.0
2619,3,Villa,23.166292,72.8125255,48500000.0
1125,2,Apartment,23.0227526,72.5383118,7000000.0
3060,4,Villa,23.0269943,72.5066805,55000000.0
1350,3,Apartment,23.0111491,72.5132562,8199999.999999999
2295,3,Apartment,23.1143235,72.5587865,23000000.0
1705,3,Apartment,23.0064903,72.5081047,13100000.0
2425,3,Apartment,23.0227526,72.5383118,17000000.0
3294,3,Villa,23.0231795,72.4711881,46000000.0
4050,4,Apartment,23.0255831,72.5691076,31500000.0
1710,3,Apartment,23.0227526,72.5383118,15000000.0
2550,4,Apartment,23.1081937,72.5328119,23000000.0
2772,3,Apartment,23.0227526,72.5383118,20000000.0
2475,4,Apartment,23.0227526,72.5383118,24000000.0
1575,3,Apartment,23.2145657,72.6856816,13500000.0
1350,2,Apartment,23.0227526,72.5383118,6000000.0
3294,3,Apartment,23.0227526,72.5383118,51100000.0
1737,3,Apartment,23.0227526,72.5383118,19000000.0
4300,4,Apartment,23.016842,72.5909654,42100000.0
2268,3,Apartment,23.0227526,72.5383118,18500000.0
3600,4,Apartment,23.000011,72.6256892,33000000.0
1125,2,Apartment,23.0604301,72.6537943,8000000.0
2764,3,Apartment,23.190072,72.626936,17400000.0
1740,3,Apartment,23.0227526,72.5383118,15000000.0
4500,4,Villa,23.0716125,72.6367479,70100000.0
2700,4,Villa,23.0227526,72.5383118,49000000.0
1674,3,Villa,23.0227526,72.5383118,26500000.0
1845,3,Apartment,23.0111491,72.5132562,12000000.0
1800,3,Apartment,23.0227526,72.5383118,14500000.0
1125,2,Apartment,22.9946911,72.6151513,8500000.0
2470,3,Apartment,23.0227526,72.5383118,17900000.0
2400,3,Apartment,23.0227526,72.5383118,17400000.0
2360,3,Apartment,23.0227526,72.5383118,17100000.0
1900,3,Apartment,23.0227526,72.5383118,13899999.999999998
1700,3,Apartment,23.0227526,72.5383118,12400000.0
4048,4,Apartment,23.0227526,72.5383118,36400000.0
4747,4,Apartment,23.0227526,72.5383118,42699999.99999999
1620,3,Apartment,23.0255831,72.5691076,9000000.0
2700,6,Villa,23.0227526,72.5383118,45000000.0
1800,4,Villa,23.0227526,72.5383118,35000000.0
2475,4,Villa,23.0227526,72.5383118,50000000.0
1118,2,Apartment,22.9946911,72.6151513,9000000.0
927,2,Apartment,23.0111491,72.5132562,6100000.0
2970,4,Apartment,23.0227526,72.5383118,25000000.0
3885,4,Apartment,23.0227526,72.5383118,49000000.0
2272,3,Apartment,23.0604301,72.6537943,25000000.0
2448,4,Apartment,23.0215374,72.5800568,20000000.0
2775,3,Apartment,23.0227526,72.5383118,22500000.0
5325,4,Apartment,23.1660363,72.8120437,35000000.0
4433,4,Apartment,23.0713102,72.539578,36400000.0
4850,4,Apartment,23.0257637,72.5218678,65000000.0
5925,4,Apartment,23.0227526,72.5383118,53300000.0
3470,4,Villa,22.8118046,72.7490972,32500000.0
2808,3,Villa,23.0484231,72.5728116,40000000.0
8110,6,Villa,23.0227526,72.5383118,81100000.0
5450,4,Villa,23.0227526,72.5383118,54500000.0
2470,3,Apartment,23.0227526,72.5383118,18500000.0
2360,3,Apartment,23.0227526,72.5383118,17700000.0
4054,4,Apartment,23.0227526,72.5383118,36500000.0
4200,4,Apartment,23.0227526,72.5383118,34400000.0
1575,3,Apartment,23.0255831,72.5691076,10500000.0
1125,2,Apartment,23.1885217,72.5563382,8100000.000000001
1500,2,Apartment,23.0787426,72.6681866,9000000.0
1650,3,Apartment,23.1221233,72.5825561,20000000.0
1035,2,Villa,23.0165432,72.5128364,8500000.0
1752,3,Apartment,23.2467926,72.4855418,12000000.0
2475,4,Apartment,23.0408279,72.5048295,23500000.0
5130,4,Apartment,23.0227526,72.5383118,45500000.0
1620,3,Apartment,23.0169268,72.5204317,10000000.0
945,2,Apartment,23.0366663,72.5492165,6400000.0
1440,3,Apartment,23.0227526,72.5383118,11000000.0
1305,2,Apartment,23.0366663,72.5492165,8400000.0
1440,3,Apartment,23.0130528,72.5246496,10000000.0
1260,2,Apartment,23.0227526,72.5383118,6800000.000000001
2530,4,Apartment,23.0227526,72.5383118,18500000.0
2295,3,Apartment,23.0227526,72.5383118,22000000.0
1910,3,Apartment,23.0227526,72.5383118,13700000.000000002
2934,4,Villa,22.9946911,72.6151513,42500000.0
2430,4,Villa,23.2478221,72.4852775,35000000.0
4320,4,Apartment,23.000011,72.6256892,36000000.0
2025,4,Villa,23.1647995,72.6491597,35500000.0
4400,4,Apartment,23.0069624,72.5440056,45000000.0
1150,2,Apartment,23.0165432,72.5128364,9000000.0
1746,3,Apartment,23.0111491,72.5132562,10000000.0
2640,4,Apartment,23.0111491,72.5132562,42500000.0
1197,3,Villa,23.0366663,72.5492165,9500000.0
1000,3,Villa,23.0097167,72.5076274,7500000.0
1647,3,Apartment,23.0111491,72.5132562,8500000.0
2300,4,Villa,23.0839289,72.6785883,8500000.0
1270,2,Apartment,23.0111491,72.5132562,6800000.000000001
1125,2,Apartment,23.0839289,72.6785883,9000000.0
1301,3,Apartment,23.0130528,72.5246496,8199999.999999999
700,2,Apartment,23.0716125,72.6367479,5800000.0
2010,3,Apartment,23.0064903,72.5081047,12000000.0
1575,3,Apartment,23.1029664,72.6335825,13500000.0
1215,3,Apartment,23.0111491,72.5132562,11000000.0
1170,4,Apartment,23.0223391,72.5428426,11000000.0
1260,3,Villa,23.0162208,72.5231883,22500000.0
882,2,Apartment,23.0111491,72.5132562,5200000.0
909,2,Apartment,23.0111491,72.5132562,5699999.999999999
2010,3,Apartment,23.0064903,72.5081047,18000000.0
990,2,Apartment,23.0284731,72.5590087,5500000.0
1665,3,Apartment,23.0165432,72.5128364,10500000.0
1935,4,Villa,23.0287779,72.6282364,32500000.0
1080,3,Apartment,23.0063315,72.536517,8199999.999999999
1575,3,Apartment,23.0255831,72.5691076,9000000.0
1035,2,Apartment,23.0111491,72.5132562,5100000.0
1485,3,Apartment,23.0227526,72.5383118,11000000.0
1080,2,Apartment,23.2145657,72.6856816,6000000.0
1980,3,Apartment,23.0215374,72.5800568,8000000.0
1728,3,Villa,23.0111491,72.5132562,7500000.0
1100,2,Apartment,23.0188526,72.5223872,6251000.0
918,2,Apartment,23.013144,72.5214458,6000000.0
2268,3,Apartment,23.0329263,72.4259729,20500000.0
873,2,Apartment,23.0111491,72.5132562,5500000.0
1215,2,Apartment,23.0111491,72.5132562,7500000.0
2250,3,Apartment,23.0716125,72.6367479,32500000.0
1681,3,Apartment,23.2145657,72.6856816,10500000.0
1560,3,Apartment,23.0631171,72.5255748,8500000.0
891,2,Apartment,23.0111491,72.5132562,4000000.0
1200,2,Apartment,23.0306499,72.5101971,7500000.0
1700,3,Apartment,23.0227526,72.5383118,7800000.0
1500,3,Apartment,23.0214082,72.5198974,8199999.999999999
1305,3,Apartment,23.0631171,72.5255748,8900000.0
990,2,Apartment,23.2145657,72.6856816,8700000.0
1305,2,Apartment,23.0227526,72.5383118,5500000.0
1655,3,Apartment,23.0165432,72.5128364,9000000.0
1035,2,Apartment,23.0682832,72.5666882,5800000.0
1350,3,Apartment,23.0255831,72.5691076,7000000.0
1440,3,Villa,23.229333,72.616339,18500000.0
900,2,Apartment,23.0111491,72.5132562,6700000.0
990,2,Apartment,23.2145657,72.6856816,5600000.000000001
1080,2,Apartment,23.240989,72.503137,5500000.0
1305,2,Apartment,23.0451612,72.6051665,6400000.0
1485,3,Apartment,23.0366663,72.5492165,8500000.0
1980,3,Villa,23.0227526,72.5383118,7500000.0
1125,2,Apartment,23.0227526,72.5383118,5699999.999999999
1480,3,Apartment,23.0063315,72.536517,7800000.0
1377,2,Apartment,23.0604301,72.6537943,11000000.0
1305,2,Apartment,23.0451612,72.6051665,6200000.0
990,2,Apartment,23.0111491,72.5132562,5699999.999999999
1100,2,Apartment,23.0284731,72.5590087,6500000.0
1089,2,Apartment,23.0227526,72.5383118,5500000.0
1152,2,Apartment,23.0215374,72.5800568,8199999.999999999
855,3,Apartment,23.3061466,72.3393616,9900000.0
603,1,Apartment,23.0069624,72.5440056,3200000.0
1350,2,Apartment,23.0451612,72.6051665,5600000.000000001
1260,3,Apartment,23.0366663,72.5492165,10000000.0
1215,3,Apartment,23.0111491,72.5132562,9000000.0
1710,3,Apartment,23.0631171,72.5255748,13000000.0
1395,3,Apartment,23.0111491,72.5132562,8500000.0
1998,3,Apartment,23.008537,72.5103639,13500000.0
1350,2,Apartment,23.0451612,72.6051665,5800000.0
1170,3,Apartment,23.2145657,72.6856816,8000000.0
1350,3,Apartment,23.0130528,72.5246496,8000000.0
1440,3,Apartment,23.0227526,72.5383118,8500000.0
1440,3,Apartment,23.0111491,72.5132562,8500000.0
1700,3,Apartment,23.0366663,72.5492165,11000000.0
918,2,Apartment,23.2145657,72.6856816,6500000.0
1040,2,Apartment,23.0063315,72.536517,6000000.0
954,3,Apartment,22.9949449,72.5885536,15100000.0
1260,2,Apartment,23.0604301,72.6537943,8950000.0
855,2,Apartment,23.0111491,72.5132562,4300000.0
1200,3,Apartment,23.0215374,72.5800568,6500000.0
1200,2,Apartment,23.2929639,72.4440194,5300000.0
1260,2,Apartment,23.0111491,72.5132562,4950000.0
1500,3,Apartment,23.0347368,72.5346755,19500000.0
1665,3,Apartment,23.0255831,72.5691076,8500000.0
1467,3,Apartment,23.0787426,72.6681866,13200000.0
1888,4,Apartment,23.0130528,72.5246496,15000000.0
864,1,Apartment,23.0215374,72.5800568,3800000.0
2175,3,Apartment,23.0604301,72.6537943,18000000.0
1350,3,Apartment,23.0255831,72.5691076,12000000.0
1200,4,Villa,23.0227526,72.5383118,20000000.0
1440,3,Apartment,23.0111491,72.5132562,10000000.0
1629,4,Apartment,23.0227526,72.5383118,30000000.0
1050,3,Apartment,23.0227526,72.5383118,9500000.0
690,2,Apartment,23.0111491,72.5132562,5500000.0
2700,3,Villa,23.0227526,72.5383118,22500000.0
1500,3,Apartment,23.0111491,72.5132562,16500000.0
1200,2,Apartment,23.0255831,72.5691076,5900000.0
1053,2,Apartment,23.1928473,72.637866,6000000.0
1600,2,Apartment,23.0223391,72.5428426,10500000.0
945,2,Apartment,22.9990894,72.5932198,6000000.0
1250,2,Apartment,23.0649034,72.5268918,6700000.0
4500,4,Apartment,23.0227526,72.5383118,75000000.0
990,2,Apartment,23.0111491,72.5132562,4200000.0
450,1,Apartment,23.0111491,72.5132562,1280000.0
1215,3,Apartment,23.0901491,72.6505239,7000000.0
1080,3,Apartment,23.0063315,72.536517,7500000.0
810,2,Apartment,23.273674,72.3225573,4500000.0
1750,3,Apartment,23.0107679,72.5382694,12000000.0
1350,3,Apartment,23.0111491,72.5132562,8900000.0
2430,3,Apartment,23.0631171,72.5255748,16000000.0
2115,4,Apartment,23.0839289,72.6785883,18000000.0
1035,2,Villa,23.0165432,72.5128364,8500000.0
2400,4,Apartment,23.0631171,72.5255748,40000000.0
2385,4,Apartment,23.0631171,72.5255748,13500000.0
1980,3,Villa,23.0227526,72.5383118,15000000.0
1188,2,Apartment,23.0376135,72.5497906,7500000.0
3330,3,Villa,23.0713102,72.539578,24900000.000000004
450,1,Apartment,23.273674,72.3225573,3700000.0
1500,2,Apartment,23.0111491,72.5132562,5800000.0
2070,3,Apartment,23.0215374,72.5800568,17000000.0
1080,2,Apartment,23.0111491,72.5132562,5500000.0
855,2,Apartment,23.0111491,72.5132562,4500000.0
945,2,Apartment,22.9969634,72.633455,7500000.0
585,2,Apartment,23.0713102,72.539578,5300000.0
1260,3,Apartment,23.0713102,72.539578,7000000.0
774,2,Apartment,23.0111491,72.5132562,5000000.0
1400,3,Apartment,23.2145657,72.6856816,12500000.0
1350,2,Apartment,23.2145657,72.6856816,20000000.0
1665,3,Apartment,23.0111491,72.5132562,9500000.0
1053,2,Apartment,23.273674,72.3225573,6200000.0
3080,4,Apartment,23.0366663,72.5492165,35100000.0
3600,3,Apartment,23.0223391,72.5428426,10000000.0
855,2,Apartment,23.0366663,72.5492165,5100000.0
4815,2,Villa,23.0069624,72.5440056,70000000.0
945,2,Apartment,23.0713102,72.539578,7000000.0
855,2,Apartment,23.0215374,72.5800568,5400000.0
450,2,Apartment,23.0215374,72.5800568,2000000.0
540,1,Apartment,23.0366663,72.5492165,4500000.0
1080,2,Apartment,23.2145657,72.6856816,7000000.0
1440,3,Apartment,23.166215,72.8145408,9100000.0
900,2,Apartment,23.0214082,72.5198974,4800000.0
1250,2,Apartment,23.02314,72.5716348,6250000.0
1539,4,Apartment,23.0215374,72.5800568,8100000.000000001
1485,3,Apartment,23.0215374,72.5800568,10500000.0
1044,2,Apartment,23.0111491,72.5132562,5500000.0
7650,6,Villa,23.0831539,72.5209576,120000000.0
1485,3,Apartment,23.2145657,72.6856816,8000000.0
1539,3,Apartment,23.0111491,72.5132562,7800000.0
2275,3,Apartment,23.0227526,72.5383118,17100000.0
2475,4,Apartment,23.0284244,72.552161,50000000.0
5670,4,Villa,23.0215374,72.5800568,110000000.0
2259,3,Apartment,23.0227526,72.5383118,15600000.0
500,1,Apartment,23.0097167,72.5076274,2500000.0
990,2,Apartment,23.0716125,72.6367479,6000000.0
1715,3,Apartment,23.2467926,72.4855418,11000000.0
1700,3,Apartment,23.240989,72.503137,9100000.0
1800,3,Villa,23.0227526,72.5383118,26700000.0
702,2,Apartment,23.0111491,72.5132562,5500000.0
2750,3,Apartment,23.0556364,72.5965538,30000000.0
1800,5,Apartment,23.0556364,72.5965538,36000000.0
2520,3,Apartment,23.0556364,72.5965538,14000000.0
3358,6,Apartment,23.0556364,72.5965538,15000000.0
1260,2,Apartment,23.0556364,72.5965538,8800000.0
900,2,Apartment,23.0556364,72.5965538,6500000.0
567,3,Apartment,23.0556364,72.5965538,22500000.0
1323,3,Apartment,23.0556364,72.5965538,12500000.0
2285,3,Apartment,23.0556364,72.5965538,19000000.0
1800,3,Apartment,23.0556364,72.5965538,10000000.0
1350,2,Apartment,23.0556364,72.5965538,6500000.0
1728,3,Apartment,23.0556364,72.5965538,15000000.0
1602,4,Apartment,23.0556364,72.5965538,23000000.0
2385,4,Apartment,23.0556364,72.5965538,42500000.0
3375,4,Apartment,23.0556364,72.5965538,37500000.0
2520,4,Apartment,23.0556364,72.5965538,22500000.0
1800,2,Apartment,23.0556364,72.5965538,25000000.0
1215,2,Apartment,23.0556364,72.5965538,8500000.0
4158,5,Villa,23.0556364,72.5965538,38000000.0
1260,2,Apartment,23.0556364,72.5965538,9000000.0
1350,3,Apartment,23.0556364,72.5965538,10000000.0
1125,2,Apartment,23.0556364,72.5965538,7500000.0
684,2,Apartment,23.0556364,72.5965538,5200000.0
2520,4,Apartment,23.0556364,72.5965538,19000000.0
1080,2,Apartment,23.0556364,72.5965538,6500000.0
1233,2,Apartment,23.0556364,72.5965538,10800000.0
1485,3,Apartment,23.0556364,72.5965538,10000000.0
1080,2,Apartment,23.0556364,72.5965538,6500000.0
1440,4,Apartment,23.0716125,72.6367479,15100000.0
1260,3,Apartment,23.0556364,72.5965538,7500000.0
2115,3,Apartment,23.0556364,72.5965538,14100000.0
1134,3,Apartment,23.0556364,72.5965538,8300000.0
2520,3,Apartment,23.0556364,72.5965538,18000000.0
648,2,Apartment,23.0069624,72.5440056,6500000.0
1750,3,Apartment,23.0451612,72.6051665,17500000.0
1350,3,Apartment,23.0556364,72.5965538,10500000.0
1440,3,Apartment,23.0556364,72.5965538,11800000.0
1890,3,Apartment,23.0556364,72.5965538,8500000.0
1500,3,Apartment,23.0284731,72.5590087,9000000.0
381,1,Apartment,23.0556364,72.5965538,1500000.0
2340,1,Apartment,23.2420572,72.4880711,30000000.0
990,2,Apartment,23.0069624,72.5440056,6100000.0
2430,4,Apartment,23.0556364,72.5965538,25099999.999999996
945,2,Apartment,23.0556364,72.5965538,4500000.0
1323,3,Apartment,23.0063315,72.536517,9900000.0
1600,2,Apartment,23.1652833,72.8154692,6000000.0
1350,2,Villa,23.0556364,72.5965538,11500000.0
700,1,Apartment,23.0097167,72.5076274,3051000.0
450,1,Apartment,23.1143235,72.5587865,3500000.0
1350,2,Villa,23.0556364,72.5965538,20000000.0
720,3,Apartment,23.0556364,72.5965538,16100000.000000002
1600,3,Apartment,23.0451612,72.6051665,15000000.0
1260,4,Apartment,23.0556364,72.5965538,18200000.0
1215,2,Apartment,23.0556364,72.5965538,8199999.999999999
1170,2,Apartment,23.0111491,72.5132562,6700000.0
594,1,Apartment,23.0556364,72.5965538,6100000.0
1600,2,Apartment,23.0556364,72.5965538,6500000.0
1620,2,Apartment,23.0556364,72.5965538,12100000.0
940,2,Apartment,23.0556364,72.5965538,7500000.0
1650,3,Apartment,22.992195,72.6116113,12000000.0
828,2,Apartment,23.0787426,72.6681866,2100000.0
828,2,Apartment,23.0556364,72.5965538,5200000.0
376,1,Apartment,23.0556364,72.5965538,3650000.0
1998,5,Apartment,23.0556364,72.5965538,35000000.0
1998,5,Apartment,23.0110669,72.5137432,35000000.0
1570,3,Villa,23.0556364,72.5965538,27500000.0
1395,3,Apartment,23.0556364,72.5965538,9500000.0
450,1,Apartment,23.0556364,72.5965538,2700000.0
675,2,Apartment,23.0363265,72.5650744,5511000.0
1125,2,Villa,23.0556364,72.5965538,26000000.0
861,2,Apartment,23.0546669,72.6392596,10500000.0
3600,4,Apartment,23.0556364,72.5965538,37500000.0
1485,3,Apartment,23.0556364,72.5965538,8500000.0
990,3,Apartment,23.0556364,72.5965538,10000000.0
900,2,Apartment,23.0111491,72.5132562,6000000.0
1400,3,Apartment,23.0631171,72.5255748,11500000.0
1135,3,Apartment,23.0631171,72.5255748,11000000.0
2430,4,Apartment,23.0556364,72.5965538,25000000.0
1800,4,Apartment,23.0556364,72.5965538,45000000.0
3825,4,Villa,23.166292,72.8125255,85000000.0
1800,3,Apartment,23.0556364,72.5965538,8500000.0
2250,6,Villa,23.0556364,72.5965538,32100000.0
1377,2,Apartment,23.0556364,72.5965538,12500000.0
900,2,Apartment,23.0556364,72.5965538,7700000.0
1629,3,Apartment,23.0556364,72.5965538,11500000.0
2925,4,Villa,23.0556364,72.5965538,40000000.0
1100,2,Apartment,23.0556364,72.5965538,14900000.0
5580,6,Apartment,23.0556364,72.5965538,50000000.0
1881,3,Villa,23.0556364,72.5965538,20000000.0
1250,2,Apartment,23.0556364,72.5965538,8000000.0
4950,6,Villa,23.0069624,72.5440056,52500000.0
1485,3,Apartment,23.0635608,72.5959508,9800000.0
2450,4,Apartment,23.2420572,72.4880711,30000000.0
1944,3,Apartment,23.0556364,72.5965538,15500000.0
1125,6,Villa,23.0556364,72.5965538,30000000.0
2574,3,Apartment,23.0556364,72.5965538,22000000.0
2100,6,Villa,23.0556364,72.5965538,40000000.0
1260,4,Apartment,23.0556364,72.5965538,20000000.0
1500,3,Apartment,23.0556364,72.5965538,9500000.0
1728,3,Apartment,23.0556364,72.5965538,15000000.0
2565,6,Apartment,23.0271267,72.5226289,30000000.0
969,3,Apartment,23.2420572,72.4880711,15000000.0
1089,2,Apartment,23.0556364,72.5965538,8500000.0
1000,6,Apartment,23.0556364,72.5965538,10000000.0
2250,4,Apartment,23.0556364,72.5965538,7500000.0
765,2,Apartment,23.0556364,72.5965538,3500000.0
2610,1,Villa,23.0556364,72.5965538,35000000.0
1260,6,Apartment,23.0556364,72.5965538,25000000.0
1100,2,Apartment,23.0215374,72.5800568,8000000.0
1377,2,Apartment,23.0279444,72.4956755,9945000.0
4122,4,Apartment,23.0556364,72.5965538,45000000.0
990,2,Apartment,23.0556364,72.5965538,6550000.0
828,2,Apartment,23.0556364,72.5965538,4600000.0
1044,2,Apartment,23.0556364,72.5965538,6500000.0
1233,2,Apartment,23.0631171,72.5255748,7500000.0
2025,6,Apartment,23.0556364,72.5965538,40000000.0
990,3,Apartment,23.0556364,72.5965538,9500000.0
2259,6,Villa,23.0556364,72.5965538,27500000.0
1800,4,Apartment,23.0556364,72.5965538,17000000.0
2520,4,Apartment,23.0556364,72.5965538,25000000.0
1400,2,Apartment,23.0556364,72.5965538,9000000.0
1980,3,Apartment,23.0556364,72.5965538,16000000.0
1485,3,Apartment,23.0556364,72.5965538,12000000.0
1485,3,Apartment,23.0556364,72.5965538,10000000.0
4200,4,Apartment,23.0556364,72.5965538,40000000.0
2385,4,Villa,23.0556364,72.5965538,42500000.0
2250,4,Apartment,23.0556364,72.5965538,41000000.0
1485,3,Apartment,23.0556364,72.5965538,12000000.0
1400,3,Apartment,23.0556364,72.5965538,12000000.0
1400,3,Apartment,23.0631171,72.5255748,11000000.0
1550,2,Apartment,23.0631171,72.5255748,6800000.000000001
1485,3,Apartment,23.0713102,72.539578,11000000.0
3775,4,Apartment,23.0079064,72.5174367,38500000.0
2385,4,Apartment,23.0079064,72.5174367,15000000.0
1800,5,Apartment,23.0079064,72.5174367,15100000.0
1485,3,Apartment,23.0079064,72.5174367,12000000.0
757,1,Apartment,23.0079064,72.5174367,4800000.0
954,2,Apartment,23.0676665,72.5721746,6000000.0
954,2,Apartment,23.0079064,72.5174367,7200000.0
2412,5,Apartment,23.0079064,72.5174367,30000000.0
1575,3,Apartment,23.0079064,72.5174367,13600000.000000002
1585,3,Apartment,23.0079064,72.5174367,13600000.000000002
2020,3,Apartment,23.0079064,72.5174367,21500000.0
4400,4,Apartment,23.0079064,72.5174367,61000000.0
3600,4,Apartment,23.0079064,72.5174367,30000000.0
4725,5,Villa,23.0676665,72.5721746,92500000.0
3230,4,Apartment,23.0079064,72.5174367,37000000.0
2230,3,Apartment,23.0079064,72.5174367,25000000.0
2340,3,Apartment,23.0079064,72.5174367,17500000.0
1575,3,Apartment,23.0079064,72.5174367,10500000.0
3240,4,Apartment,23.0079064,72.5174367,21000000.0
4400,4,Apartment,23.0079064,72.5174367,43000000.0
2493,4,Apartment,23.0079064,72.5174367,45000000.0
4400,4,Apartment,23.0079064,72.5174367,60000000.0
3700,4,Apartment,23.0084483,72.5684667,33300000.0
1790,3,Apartment,23.0079064,72.5174367,10500000.0
2250,3,Apartment,23.0111491,72.5132562,13000000.0
1585,3,Apartment,23.0400861,72.5290418,13000000.0
2020,3,Apartment,23.0400861,72.5290418,19200000.0
1585,3,Apartment,23.0400861,72.5290418,13500000.0
1350,3,Apartment,23.0079064,72.5174367,7300000.0
2130,4,Villa,23.0079064,72.5174367,40000000.0
2415,4,Apartment,23.0839289,72.6785883,25099999.999999996
4500,4,Apartment,23.0069624,72.5440056,85000000.0
1260,2,Apartment,23.0079064,72.5174367,11500000.0
2450,3,Apartment,23.1647046,72.8109218,19000000.0
990,2,Apartment,23.0079064,72.5174367,7500000.0
3240,4,Villa,23.0400861,72.5290418,20000000.0
1585,3,Apartment,23.0079064,72.5174367,12700000.0
2250,4,Apartment,23.0079064,72.5174367,31100000.0
1440,4,Apartment,23.0271267,72.5226289,22000000.0
1341,3,Apartment,23.0079064,72.5174367,6000000.0
540,3,Apartment,23.0111491,72.5132562,15000000.0
1620,4,Villa,23.0079064,72.5174367,28000000.0
1530,3,Apartment,23.0376135,72.5497906,9500000.0
1665,3,Apartment,23.1213946,72.5404102,14500000.0
1350,2,Villa,23.0079064,72.5174367,23000000.0
845,3,Apartment,23.0111491,72.5132562,13000000.0
1710,3,Apartment,23.0389131,72.5269244,9500000.0
1260,3,Villa,23.0079064,72.5174367,8000000.0
1485,3,Apartment,23.0079064,72.5174367,7800000.0
1055,2,Apartment,23.0079064,72.5174367,5100000.0
1162,2,Apartment,23.0079064,72.5174367,5100000.0
1670,3,Apartment,23.0111491,72.5132562,11000000.0
1107,2,Apartment,23.0400861,72.5290418,7200000.0
1530,3,Apartment,23.0376135,72.5497906,12500000.0
900,2,Apartment,23.0079064,72.5174367,4800000.0
1350,3,Apartment,23.0079064,72.5174367,9000000.0
1260,3,Apartment,23.0499206,72.5253741,9700000.0
1053,3,Apartment,23.0079064,72.5174367,7900000.0
1170,3,Apartment,23.0079064,72.5174367,7500000.0
1080,2,Apartment,23.0111491,72.5132562,6600000.0
990,2,Apartment,23.0084483,72.5684667,6000000.0
757,1,Apartment,23.0400861,72.5290418,4500000.0
1965,4,Apartment,23.0227526,72.5383118,18000000.0
576,3,Apartment,23.0839289,72.6785883,14000000.0
1170,3,Apartment,23.0376135,72.5497906,7500000.0
1125,3,Apartment,23.0376135,72.5497906,8500000.0
1000,2,Apartment,22.7304066,72.4368132,6400000.0
1500,3,Apartment,23.0389131,72.5269244,13000000.0
3553,1,Apartment,23.0079064,72.5174367,28500000.0
1170,3,Apartment,23.0069624,72.5440056,7500000.0
2250,4,Villa,23.0079064,72.5174367,25900000.0
1215,3,Apartment,23.0284731,72.5590087,10000000.0
954,2,Apartment,23.0063315,72.536517,7200000.0
2050,3,Apartment,23.0713102,72.539578,15500000.0
1015,2,Apartment,23.0111491,72.5132562,6000000.0
3645,1,Villa,23.0079064,72.5174367,22500000.0
1620,3,Apartment,23.0079064,72.5174367,11000000.0
1750,3,Apartment,23.0079064,72.5174367,15100000.0
1500,3,Apartment,23.0079064,72.5174367,11000000.0
2475,4,Apartment,23.0079064,72.5174367,12500000.0
1000,2,Apartment,23.0400861,72.5290418,4800000.0
2700,4,Villa,23.0079064,72.5174367,28000000.0
1595,3,Apartment,23.0079064,72.5174367,8500000.0
1665,3,Apartment,23.0079064,72.5174367,11000000.0
1815,3,Apartment,23.0079064,72.5174367,15000000.0
1700,3,Apartment,23.0631171,72.5255748,8800000.0
1965,4,Apartment,23.0079064,72.5174367,18000000.0
1998,4,Apartment,23.0400861,72.5290418,18000000.0
2250,4,Villa,23.0079064,72.5174367,36000000.0
1485,3,Apartment,23.0111491,72.5132562,9000000.0
1395,3,Apartment,23.0389131,72.5269244,9000000.0
800,2,Apartment,23.0111491,72.5132562,5500000.0
3000,4,Villa,23.0079064,72.5174367,20000000.0
1937,5,Apartment,23.0215374,72.5800568,10000000.0
1350,4,Apartment,23.0236445,72.590012,7500000.0
645,3,Apartment,23.0236445,72.590012,3100000.0
360,1,Apartment,23.0308435,72.5979371,2000000.0
459,1,Apartment,23.0236445,72.590012,1800000.0
540,3,Villa,23.0215374,72.5800568,3500000.0
450,4,Villa,23.0215374,72.5800568,7500000.0
1080,6,Villa,23.0215374,72.5800568,1550000.0
1080,2,Villa,23.0215374,72.5800568,3200000.0
333,1,Apartment,23.0308435,72.5979371,1800000.0
2000,5,Apartment,23.0308435,72.5979371,8000000.0
359,2,Apartment,23.0308435,72.5979371,2500000.0
1437,3,Apartment,22.9948656,72.6624431,12000000.0
963,3,Villa,22.9948656,72.6624431,17100000.0
2089,3,Villa,22.9948656,72.6624431,15100000.0
1080,3,Apartment,22.9948656,72.6624431,22000000.0
2100,3,Villa,22.9948656,72.6624431,9500000.0
1134,3,Villa,22.9948656,72.6624431,18100000.0
625,3,Apartment,22.9948656,72.6624431,10000000.0
1615,3,Apartment,22.9948656,72.6624431,17500000.0
1047,3,Apartment,22.9948656,72.6624431,9500000.0
1200,3,Apartment,23.0810804,72.6819875,13500000.0
1135,3,Apartment,23.0810804,72.6819875,15100000.0
2475,3,Villa,23.0271267,72.5226289,9200000.0
4194,3,Apartment,23.0810804,72.6819875,12000000.0
1170,3,Apartment,23.0594578,72.6180264,9800000.0
1047,3,Apartment,23.0810804,72.6819875,10000000.0
2070,3,Apartment,22.9948656,72.6624431,11000000.0
2484,3,Apartment,22.9948656,72.6624431,10000000.0
1935,3,Apartment,22.9948656,72.6624431,24000000.0
1647,3,Villa,23.2420572,72.4880711,9800000.0
1548,3,Apartment,22.9948656,72.6624431,13500000.0
2010,3,Apartment,22.9948656,72.6624431,11000000.0
1638,3,Apartment,22.9948656,72.6624431,11000000.0
2484,3,Villa,22.9948656,72.6624431,10000000.0
1253,3,Villa,22.9948656,72.6624431,9000000.0
1818,3,Apartment,22.9948656,72.6624431,9800000.0
1530,3,Apartment,22.9948656,72.6624431,12500000.0
2043,3,Apartment,22.9948656,72.6624431,10500000.0
1050,3,Apartment,23.0069624,72.5440056,5500000.0
1150,2,Apartment,23.0392105,72.5810327,11500000.0
1800,8,Villa,23.0392105,72.5810327,16000000.0
1200,3,Apartment,23.0392105,72.5810327,2700000.0
2250,4,Villa,23.0215374,72.5800568,4300000.0
1800,4,Villa,23.0215374,72.5800568,25000000.0
576,1,Apartment,23.0392105,72.5810327,1451000.0
648,2,Apartment,23.0215374,72.5800568,3200000.0
800,1,Apartment,23.0392105,72.5810327,2500000.0
860,1,Apartment,23.0215374,72.5800568,1600000.0
1080,2,Apartment,23.0215374,72.5800568,10000000.0
700,7,Apartment,23.0215374,72.5800568,4000000.0
414,1,Apartment,23.0392105,72.5810327,2500000.0
1200,3,Apartment,23.0215374,72.5800568,2700000.0
2200,4,Villa,23.0056298,72.5231013,12500000.0
800,5,Apartment,23.1073373,72.4916916,10000000.0
1100,4,Villa,23.0056298,72.5231013,9500000.0
900,3,Villa,23.0056298,72.5231013,8000000.0
1260,4,Villa,23.0056298,72.5231013,18500000.0
2160,3,Villa,22.9948656,72.6624431,18100000.0
962,3,Apartment,22.9948656,72.6624431,17100000.0
1800,4,Villa,23.0215374,72.5800568,7550000.0
754,3,Apartment,23.0215374,72.5800568,7500000.0
740,3,Apartment,23.0236445,72.590012,7500000.0
765,3,Villa,23.0056298,72.5231013,7000000.0
855,2,Apartment,23.0732586,72.6508299,4500000.0
5499,5,Apartment,23.2840623,72.4400098,20000000.0
1260,2,Apartment,23.0687402,72.6734956,4500000.0
1224,2,Apartment,23.2145657,72.6856816,4099999.9999999995
711,2,Apartment,23.0810804,72.6819875,6100000.0
526,2,Apartment,23.2408258,72.5031982,4500000.0
1035,2,Apartment,23.0687402,72.6734956,4000000.0
1323,2,Apartment,23.0732586,72.6508299,4800000.0
477,1,Apartment,23.2935817,72.3290988,1350000.0
1620,2,Apartment,23.0687402,72.6734956,20000000.0
990,2,Apartment,23.1136923,72.5404916,3400000.0000000005
1098,2,Apartment,23.1632457,72.6500247,3500000.0
1575,3,Apartment,23.1743872,72.8270334,7500000.0
1485,5,Villa,23.0687402,72.6734956,18000000.0
1188,2,Apartment,23.2478221,72.4852775,3800000.0
1260,2,Apartment,23.0687402,72.6734956,4500000.0
1200,2,Apartment,23.0063315,72.536517,4300000.0
1575,3,Apartment,23.0839289,72.6785883,7800000.0
646,3,Apartment,23.0854097,72.6580946,3850000.0
595,2,Apartment,23.017704,72.4696021,4700000.0
1200,2,Apartment,23.0854097,72.6580946,4500000.0
900,1,Apartment,22.9881153,72.6348218,2975000.0
3000,3,Apartment,23.0445921,72.517344,33500000.0
5615,4,Apartment,23.0445921,72.517344,69800000.0
3311,4,Apartment,23.0445921,72.517344,28000000.0
4500,4,Apartment,23.0445921,72.517344,49500000.0
3550,5,Apartment,23.0445921,72.517344,66000000.0
4341,4,Apartment,23.0445921,72.517344,37000000.0
1800,3,Apartment,23.0445921,72.517344,11500000.0
3300,4,Apartment,23.0445921,72.517344,30000000.0
3150,4,Apartment,23.0445921,72.517344,36500000.0
1900,3,Apartment,23.0445921,72.517344,11500000.0
1215,2,Apartment,23.0445921,72.517344,7200000.0
2988,4,Apartment,23.0445921,72.517344,19000000.0
4500,4,Apartment,23.0445921,72.517344,40500000.0
950,2,Apartment,23.0445921,72.517344,7000000.0
3380,4,Apartment,23.0445921,72.517344,30000000.0
3800,3,Apartment,23.0445921,72.517344,19000000.0
990,2,Apartment,23.0631171,72.5255748,6500000.0
4712,4,Apartment,23.0445921,72.517344,40000000.0
5472,4,Apartment,22.9779487,72.6314285,51900000.00000001
5265,4,Apartment,23.0445921,72.517344,57500000.0
2385,4,Apartment,23.0556364,72.5965538,22500000.0
2520,3,Apartment,23.0445921,72.517344,13500000.0
2847,3,Apartment,22.9992107,72.5599564,23000000.0
4085,4,Apartment,22.9992107,72.5599564,35000000.0
4450,4,Apartment,23.0445921,72.517344,42699999.99999999
4085,4,Apartment,22.9992107,72.5599564,33000000.0
3600,4,Apartment,23.0445921,72.517344,30000000.0
3345,4,Apartment,23.0445921,72.517344,54700000.0
2268,4,Apartment,23.0445921,72.517344,37000000.0
1766,4,Apartment,23.0445921,72.517344,28800000.0
8757,4,Apartment,23.0445921,72.517344,87600000.0
4085,4,Apartment,22.9992107,72.5599564,36800000.0
2750,4,Apartment,23.0445921,72.517344,34000000.0
2000,3,Apartment,23.0445921,72.517344,24000000.0
2250,4,Apartment,23.0445921,72.517344,30000000.0
4760,4,Apartment,23.0445921,72.517344,55000000.0
4715,4,Apartment,23.0445921,72.517344,44400000.00000001
4400,4,Apartment,23.0284244,72.552161,52500000.0
2520,4,Apartment,23.0631171,72.5255748,18000000.0
1850,4,Apartment,23.0111491,72.5132562,35500000.0
4300,4,Apartment,23.0445921,72.517344,45000000.0
3000,3,Apartment,23.0445921,72.517344,35000000.0
6500,4,Apartment,23.0281153,72.55801,61100000.0
2847,3,Apartment,23.0445921,72.517344,21300000.0
2295,4,Apartment,23.0445921,72.517344,45000000.0
8400,5,Apartment,23.0195503,72.4687169,75600000.0
5350,4,Apartment,22.9992107,72.5599564,58900000.0
2835,3,Apartment,22.9992107,72.5599564,25200000.0
5472,4,Apartment,23.0445921,72.517344,54700000.0
5265,4,Apartment,23.0445921,72.517344,52600000.0
5400,4,Apartment,22.9779487,72.6314285,54000000.0
4085,4,Apartment,22.9992107,72.5599564,36400000.0
1766,4,Apartment,23.1153559,72.5366513,28000000.0
3240,4,Apartment,23.0445921,72.517344,29500000.0
2750,4,Apartment,23.0445921,72.517344,33000000.0
1152,2,Apartment,23.0445921,72.517344,12500000.0
2250,3,Villa,23.0250378,72.5233135,40000000.0
4450,4,Apartment,23.0445921,72.517344,40100000.0
3492,4,Apartment,23.2120774,72.6859769,28600000.0
4300,4,Apartment,23.0445921,72.517344,34400000.0
4760,4,Apartment,23.0296268,72.5583652,65000000.0
4260,4,Apartment,23.0445921,72.517344,40500000.0
3593,4,Apartment,23.0244466,72.5589826,25900000.0
7452,4,Apartment,23.0445921,72.517344,70800000.0
2826,3,Apartment,23.0445921,72.517344,20000000.0
5265,4,Apartment,23.0445921,72.517344,50000000.0
7800,4,Apartment,23.0445921,72.517344,78000000.0
3600,4,Apartment,23.0445921,72.517344,28800000.0
3000,4,Apartment,23.0445921,72.517344,25000000.0
3240,3,Apartment,22.8205966,72.7595968,24000000.0
4483,4,Apartment,23.0445921,72.517344,40300000.0
4200,4,Apartment,22.9992107,72.5599564,37800000.0
3492,4,Apartment,23.0244466,72.5589826,26200000.0
3593,4,Apartment,23.0244466,72.5589826,26900000.0
3600,3,Apartment,23.0445921,72.517344,37000000.0
3500,4,Apartment,23.0606194,72.5578952,25000000.0
3500,4,Apartment,23.0445921,72.517344,31500000.0
3300,4,Apartment,23.0445921,72.517344,30000000.0
2350,3,Apartment,23.0445921,72.517344,18000000.0
3600,3,Apartment,23.0445921,72.517344,35000000.0
2493,5,Villa,23.0369655,72.5212898,45100000.0
4500,4,Apartment,23.0281153,72.55801,45000000.0
3060,4,Apartment,23.0445921,72.517344,23000000.0
2847,3,Apartment,22.9992107,72.5599564,25299999.999999996
3500,4,Apartment,23.0328924,72.5604427,25200000.0
2340,4,Apartment,23.0445921,72.517344,23000000.0
2847,3,Apartment,23.0445921,72.517344,21900000.0
2295,3,Apartment,23.0445921,72.517344,16000000.0
4359,4,Apartment,23.0445921,72.517344,56500000.0
2238,4,Apartment,23.0445921,72.517344,36500000.0
4729,4,Apartment,22.9992107,72.5599564,46800000.0
3270,4,Apartment,23.0445921,72.517344,28000000.0
15000,6,Apartment,23.0445921,72.517344,165000000.0
3380,4,Apartment,23.0445921,72.517344,23700000.0
4524,4,Apartment,23.0445921,72.517344,40700000.0
4729,4,Apartment,23.0445921,72.517344,46800000.0
3280,4,Apartment,23.0445921,72.517344,28000000.0
4418,4,Apartment,23.0445921,72.517344,42000000.0
4729,4,Apartment,23.0445921,72.517344,45900000.0
4524,4,Apartment,23.0445921,72.517344,42900000.0
3380,4,Apartment,23.0445921,72.517344,25400000.0
3150,4,Apartment,23.2145657,72.6856816,18000000.0
3492,4,Apartment,23.2145657,72.6856816,25099999.999999996
2826,4,Apartment,23.0445921,72.517344,22500000.0
6650,4,Apartment,23.0445921,72.517344,65000000.0
5615,4,Apartment,22.9992107,72.5599564,53300000.0
2160,3,Villa,23.0445921,72.517344,40000000.0
6650,4,Apartment,23.0445921,72.517344,67100000.0
3492,4,Apartment,23.0445921,72.517344,27200000.000000004
4450,4,Apartment,23.0458191,72.5523558,39200000.0
3593,4,Apartment,23.0445921,72.517344,28700000.0
2355,4,Apartment,23.0445921,72.517344,27000000.0
4077,4,Apartment,22.9992107,72.5599564,35500000.0
1812,4,Apartment,23.0445921,72.517344,29500000.0
2268,4,Apartment,23.0445921,72.517344,37000000.0
5615,4,Apartment,22.9992107,72.5599564,55000000.0
1665,3,Apartment,23.0111491,72.5132562,13000000.0
2500,4,Apartment,23.0445921,72.517344,20000000.0
1800,3,Apartment,23.0631171,72.5255748,15000000.0
945,2,Apartment,23.0445921,72.517344,7000000.0
3490,4,Apartment,23.0445921,72.517344,31000000.0
2450,3,Apartment,23.0631171,72.5255748,16500000.0
2935,4,Apartment,23.0328924,72.5604427,21100000.0
4500,4,Apartment,23.0281153,72.55801,38200000.0
2080,3,Apartment,23.0284244,72.552161,16500000.0
4500,4,Apartment,23.0281153,72.55801,45500000.0
4450,4,Apartment,23.0485393,72.511742,36500000.0
3600,4,Apartment,23.0445921,72.517344,25900000.0
1000,2,Apartment,23.0445921,72.517344,7000000.0
1080,2,Apartment,23.0445921,72.517344,6000000.0
2025,4,Apartment,23.0445921,72.517344,17500000.0
2160,3,Apartment,23.0445921,72.517344,15500000.0
1395,3,Apartment,23.0445921,72.517344,8800000.0
1485,3,Villa,23.0631171,72.5255748,14000000.0
990,3,Apartment,23.0445921,72.517344,7000000.0
6500,5,Apartment,23.0111491,72.5132562,57200000.0
1000,3,Apartment,23.0111491,72.5132562,7500000.0
1980,3,Apartment,23.0284731,72.5590087,11000000.0
1500,4,Villa,23.0546669,72.6392596,3500000.0
1125,2,Apartment,23.0111491,72.5132562,7000000.0
300,1,Apartment,23.0445921,72.517344,3000000.0
1100,2,Apartment,23.0631171,72.5255748,8000000.0
900,4,Apartment,23.0445921,72.517344,8500000.0
4760,4,Apartment,23.0445921,72.517344,40500000.0
1800,4,Villa,23.0445921,72.517344,30000000.0
1665,3,Apartment,23.2145657,72.6856816,13000000.0
1980,3,Villa,23.0445921,72.517344,15100000.0
1835,2,Apartment,23.0445921,72.517344,8800000.0
1170,2,Apartment,23.0284731,72.5590087,7400000.0
1710,3,Apartment,23.0631171,72.5255748,15000000.0
1000,2,Apartment,23.0445921,72.517344,7000000.0
1755,3,Apartment,23.0445921,72.517344,12500000.0
2200,2,Apartment,23.0255831,72.5691076,9500000.0
2835,4,Apartment,23.0445921,72.517344,20000000.0
945,2,Apartment,23.0631171,72.5255748,7000000.0
2430,4,Apartment,23.0499206,72.5253741,18000000.0
1000,2,Apartment,23.0325126,72.512482,8000000.0
1200,2,Apartment,23.0831539,72.5209576,5990000.0
1200,2,Apartment,23.0111491,72.5132562,6000000.0
1494,4,Villa,23.0445921,72.517344,25000000.0
1600,2,Apartment,23.0445921,72.517344,8500000.0
4158,4,Apartment,23.0417971,72.4911758,60000000.0
1280,3,Apartment,23.273674,72.3225573,12000000.0
1280,3,Apartment,23.273674,72.3225573,11500000.0
1890,4,Apartment,23.034638,72.5093477,40000000.0
3300,5,Apartment,23.0111491,72.5132562,22000000.0
3492,4,Apartment,23.0244466,72.5589826,32300000.0
1210,2,Apartment,23.0111491,72.5132562,8600000.0
1350,1,Apartment,23.0445921,72.517344,8900000.0
1260,3,Apartment,23.0400861,72.5290418,9700000.0
2520,4,Apartment,23.0631171,72.5255748,18000000.0
1000,2,Apartment,23.0111491,72.5132562,4700000.0
1400,3,Villa,23.0111491,72.5132562,15000000.0
1530,3,Apartment,23.0111491,72.5132562,8900000.0
1170,2,Apartment,23.0445921,72.517344,7000000.0
1900,3,Apartment,23.0445921,72.517344,11000000.0
1935,3,Apartment,23.0445921,72.517344,14000000.0
1890,3,Villa,23.0445921,72.517344,31500000.0
1100,2,Apartment,23.0445921,72.517344,7000000.0
1200,4,Apartment,23.0445921,72.517344,12500000.0
2642,3,Apartment,23.0445921,72.517344,20000000.0
2043,3,Villa,23.0445921,72.517344,20099999.999999996
1980,6,Villa,23.0162208,72.5231883,23500000.0
2850,3,Apartment,22.9992107,72.5599564,20500000.0
2500,4,Apartment,23.0445921,72.517344,20000000.0
2500,4,Apartment,23.0445921,72.517344,14000000.0
990,2,Apartment,23.0445921,72.517344,6500000.0
2709,3,Apartment,23.0445921,72.517344,16500000.0
2500,4,Apartment,23.0649034,72.5268918,30000000.0
1600,2,Apartment,23.0445921,72.517344,8500000.0
1530,3,Apartment,23.0445921,72.517344,8000000.0
2835,4,Apartment,23.0445921,72.517344,20500000.0
1400,4,Apartment,23.0445921,72.517344,22500000.0
2115,3,Apartment,23.0445921,72.517344,13500000.0
1999,3,Apartment,23.0000258,72.5051405,19000000.0
2050,3,Apartment,23.0000258,72.5051405,15000000.0
2000,3,Apartment,23.0000258,72.5051405,18500000.0
1575,3,Apartment,23.0000258,72.5051405,16000000.0
4015,4,Apartment,23.0000258,72.5051405,47500000.0
1845,3,Apartment,23.0000258,72.5051405,16000000.0
2750,4,Apartment,23.0000258,72.5051405,27000000.0
1700,3,Apartment,23.0000258,72.5051405,14400000.0
2164,3,Apartment,23.0000258,72.5051405,15000000.0
2450,4,Apartment,23.0000258,72.5051405,18000000.0
1965,3,Apartment,23.0000258,72.5051405,15500000.0
2750,4,Apartment,23.0069531,72.5055345,24500000.0
1710,3,Apartment,23.0000258,72.5051405,16000000.0
1776,3,Apartment,23.0069531,72.5055345,16000000.0
900,2,Apartment,23.0000258,72.5051405,81199999.99999999
1305,2,Apartment,23.0000258,72.5051405,9100000.0
2750,4,Apartment,23.0000258,72.5051405,28500000.0
2750,4,Apartment,23.0000258,72.5051405,25099999.999999996
2750,4,Apartment,23.0000258,72.5051405,29500000.0
2750,4,Apartment,23.0000258,72.5051405,31100000.0
2115,3,Apartment,23.0000258,72.5051405,21500000.0
2750,4,Apartment,23.0000258,72.5051405,35100000.0
2864,3,Apartment,23.0000258,72.5051405,16000000.0
1360,2,Apartment,23.0000258,72.5051405,8800000.0
2750,4,Apartment,23.0000258,72.5051405,26000000.0
1790,3,Apartment,23.0244466,72.5589826,12100000.0
1999,3,Apartment,23.0000258,72.5051405,18800000.0
1125,2,Apartment,23.0000258,72.5051405,7300000.0
2050,3,Apartment,23.0000258,72.5051405,14500000.0
2700,3,Apartment,23.2145657,72.6856816,21000000.0
2850,4,Apartment,23.0000258,72.5051405,36500000.0
1134,2,Apartment,23.0000258,72.5051405,6500000.0
2750,4,Apartment,23.0069531,72.5055345,27500000.0
4077,4,Apartment,23.0306956,72.4726787,34700000.0
4077,4,Apartment,23.0000258,72.5051405,33900000.0
3567,4,Apartment,23.0000258,72.5051405,37000000.0
3150,4,Apartment,23.0000258,72.5051405,40000000.0
2050,3,Apartment,23.0078232,72.5102288,13000000.0
1890,3,Apartment,23.0000258,72.5051405,16100000.000000002
2775,4,Apartment,23.04711,72.527537,25000000.0
1890,3,Apartment,23.0000258,72.5051405,15500000.0
4500,4,Apartment,23.0000258,72.5051405,42500000.0
1710,3,Apartment,23.1660363,72.8120437,13500000.0
3500,4,Apartment,23.0000258,72.5051405,26500000.0
2250,4,Apartment,23.0000258,72.5051405,35000000.0
1845,3,Apartment,23.0000258,72.5051405,17000000.0
1836,3,Apartment,23.0000258,72.5051405,16500000.0
3150,4,Apartment,23.0000258,72.5051405,24000000.0
2474,3,Apartment,23.0306956,72.4726787,21000000.0
2115,3,Apartment,23.0111491,72.5132562,18000000.0
1260,2,Apartment,23.1073065,72.6597701,7700000.0
2775,4,Apartment,23.04711,72.527537,23500000.0
2475,4,Apartment,23.2420572,72.4880711,19000000.0
4500,4,Apartment,23.04711,72.527537,42000000.0
2050,3,Apartment,23.0000258,72.5051405,14800000.0
1875,3,Apartment,23.0078232,72.5102288,12500000.0
1832,3,Apartment,23.0244466,72.5589826,12800000.0
1854,3,Villa,23.166292,72.8125255,35000000.0
1700,3,Apartment,23.0000258,72.5051405,14500000.0
3750,6,Apartment,23.0000258,72.5051405,32000000.0
3350,4,Apartment,23.0114464,72.5092934,30000000.0
13140,3,Apartment,23.0000258,72.5051405,16000000.0
1170,3,Villa,23.0000258,72.5051405,25000000.0
1000,2,Apartment,23.1073065,72.6597701,6000000.0
3500,4,Apartment,22.969366,72.3045954,31500000.0
4356,4,Apartment,23.0000258,72.5051405,89900000.0
3800,4,Apartment,23.0000258,72.5051405,29000000.0
4050,4,Villa,23.0114464,72.5092934,110000000.0
1360,2,Apartment,23.0000258,72.5051405,8400000.0
2169,3,Villa,23.0000258,72.5051405,37500000.0
1000,2,Apartment,23.0130378,72.5456992,9500000.0
1845,3,Villa,23.166292,72.8125255,35000000.0
1875,3,Apartment,23.0078232,72.5102288,16000000.0
1836,3,Apartment,23.0111491,72.5132562,16500000.0
2780,4,Apartment,22.9824283,72.4590034,35000000.0
1665,3,Apartment,23.038676,72.5596366,11000000.0
1650,3,Apartment,23.038676,72.5596366,15500000.0
1215,3,Villa,23.0799461,72.4936472,23500000.0
3350,4,Apartment,22.969366,72.3045954,30000000.0
3150,4,Apartment,23.0000258,72.5051405,24000000.0
1381,2,Apartment,23.0000258,72.5051405,8000000.0
1485,3,Apartment,23.0000258,72.5051405,11100000.000000002
1080,2,Apartment,23.0000258,72.5051405,6800000.000000001
1800,3,Apartment,23.011896,72.5148059,14000000.0
1600,3,Apartment,23.0130378,72.5456992,11000000.0
6500,4,Villa,23.0000258,72.5051405,60000000.0
1965,3,Apartment,23.0408279,72.5048295,19000000.0
3900,4,Villa,23.2145657,72.6856816,36000000.0
1710,3,Apartment,23.0000258,72.5051405,15000000.0
2700,4,Villa,23.0114464,72.5092934,56500000.0
1575,3,Apartment,23.0839289,72.6785883,15000000.0
2115,4,Villa,23.0839289,72.6785883,18000000.0
1314,3,Apartment,23.0306956,72.4726787,20000000.0
1782,3,Apartment,23.1073065,72.6597701,9500000.0
1325,2,Apartment,23.1429051,72.5392248,8000000.0
1050,2,Apartment,23.0000258,72.5051405,12100000.0
2010,3,Apartment,23.0064903,72.5081047,12900000.0
1832,3,Apartment,23.0244466,72.5589826,18500000.0
850,1,Apartment,23.0110669,72.5137432,3200000.0
1050,2,Apartment,23.0000258,72.5051405,5500000.0
1705,3,Apartment,23.0064903,72.5081047,11500000.0
1400,2,Apartment,23.0000258,72.5051405,8500000.0
1260,2,Villa,23.0000258,72.5051405,14000000.0
2745,4,Villa,23.0000258,72.5051405,22000000.0
1089,2,Apartment,23.008537,72.5103639,7500000.0
1327,2,Apartment,23.0000258,72.5051405,7300000.0
1170,3,Apartment,23.0000258,72.5051405,9000000.0
2475,4,Villa,23.0000258,72.5051405,42100000.0
2164,3,Apartment,23.0000258,72.5051405,13500000.0
1215,2,Apartment,23.0111491,72.5132562,7500000.0
1800,3,Apartment,23.0839289,72.6785883,15100000.0
2050,3,Apartment,23.0078232,72.5102288,12100000.0
1350,3,Apartment,23.0000258,72.5051405,5600000.000000001
2750,4,Apartment,23.0000258,72.5051405,17500000.0
2050,3,Apartment,23.0078232,72.5102288,14900000.0
1575,3,Apartment,23.0000258,72.5051405,16000000.0
2010,3,Apartment,23.0064903,72.5081047,12500000.0
1368,2,Apartment,23.0095427,72.5095448,5500000.0
2025,3,Apartment,23.0265091,72.5097832,14500000.0
1350,2,Apartment,23.008537,72.5103639,7750000.0
2010,3,Apartment,23.0000258,72.5051405,15000000.0
1125,2,Apartment,23.0000258,72.5051405,10100000.0
1305,2,Apartment,23.01031,72.5130632,11000000.0
3240,6,Apartment,23.0000258,72.5051405,34900000.0
3900,4,Apartment,23.0000258,72.5051405,36500000.0
756,2,Apartment,23.0110669,72.5137432,4800000.0
1000,3,Apartment,23.0674161,72.5827507,10000000.0
1413,3,Apartment,23.0674161,72.5827507,15500000.0
815,2,Apartment,23.021803,72.4747707,5600000.000000001
4000,4,Apartment,23.0674161,72.5827507,19900000.0
1100,2,Apartment,23.0674161,72.5827507,6500000.0
4023,4,Villa,23.0674161,72.5827507,25000000.0
2100,3,Apartment,23.0674161,72.5827507,13500000.0
1550,3,Apartment,23.0674161,72.5827507,13000000.0
2430,3,Apartment,23.0674161,72.5827507,26100000.0
1700,3,Apartment,23.0674161,72.5827507,11100000.000000002
2430,3,Apartment,23.0674161,72.5827507,14000000.0
1618,3,Apartment,23.0674161,72.5827507,11500000.0
4554,3,Villa,23.0674161,72.5827507,47000000.0
3252,4,Apartment,23.0674161,72.5827507,34000000.0
1350,3,Apartment,23.0674161,72.5827507,9000000.0
2564,3,Apartment,23.0674161,72.5827507,22500000.0
2760,3,Apartment,23.0674161,72.5827507,25000000.0
1100,5,Villa,23.0674161,72.5827507,5500000.0
2025,3,Apartment,23.0674161,72.5827507,11500000.0
1143,2,Apartment,23.0674161,72.5827507,6300000.0
3050,4,Apartment,23.0674161,72.5827507,20000000.0
4350,4,Apartment,23.0674161,72.5827507,38000000.0
2000,3,Apartment,23.0674161,72.5827507,18000000.0
810,2,Apartment,23.0230959,72.560214,6500000.0
1065,3,Apartment,23.137604,72.44412,16000000.0
2970,5,Villa,23.0674161,72.5827507,45000000.0
1000,2,Apartment,23.0145531,72.5635432,7000000.0
1000,3,Apartment,23.0264639,72.5607382,8800000.0
1764,3,Apartment,23.0230959,72.560214,12500000.0
2988,6,Villa,23.0330349,72.5695808,27000000.0
1890,3,Apartment,23.2145657,72.6856816,12000000.0
1440,3,Apartment,23.0788863,72.5917636,8500000.0
1600,3,Apartment,23.0246824,72.5583809,19500000.0
3000,2,Apartment,23.0111491,72.5132562,10000000.0
2450,3,Apartment,23.0246824,72.5583809,22000000.0
1845,3,Apartment,23.0111491,72.5132562,15000000.0
1200,2,Apartment,23.0111491,72.5132562,6000000.0
1500,3,Apartment,23.0246824,72.5583809,17000000.0
2800,3,Apartment,23.0230959,72.560214,24000000.0
2970,6,Apartment,23.2145657,72.6856816,20000000.0
1530,3,Apartment,23.0326231,72.5709891,11500000.0
1719,3,Apartment,23.0230959,72.560214,11000000.0
1575,3,Apartment,23.2929639,72.4440194,10100000.0
1350,3,Apartment,23.0326231,72.5709891,8500000.0
1719,3,Apartment,23.0230959,72.560214,14000000.0
2360,3,Apartment,23.2145657,72.6856816,20700000.0
2412,3,Apartment,23.0215374,72.5800568,17200000.0
5049,4,Villa,23.0838316,72.6488435,90000000.0
1730,3,Apartment,23.1043633,72.5493536,12500000.0
1066,3,Apartment,23.081994,72.5519258,12500000.0
1845,3,Apartment,23.081994,72.5519258,8600000.0
1525,3,Apartment,23.081994,72.5519258,9800000.0
1917,3,Apartment,23.081994,72.5519258,12000000.0
1936,3,Apartment,23.0366663,72.5492165,12000000.0
1210,2,Apartment,23.1043633,72.5493536,5800000.0
2512,4,Apartment,23.081994,72.5519258,16000000.0
1133,3,Apartment,23.1123884,72.5515273,10000000.0
1100,2,Apartment,23.081994,72.5519258,5400000.0
1936,3,Apartment,23.081994,72.5519258,13000000.0
1100,2,Apartment,23.081994,72.5519258,5200000.0
1650,3,Apartment,23.1123884,72.5515273,8500000.0
1150,2,Apartment,23.1123884,72.5515273,5300000.0
1262,2,Apartment,23.1109557,72.5539974,8000000.0
1332,3,Apartment,23.1109557,72.5539974,12000000.0
2211,3,Apartment,23.1109557,72.5539974,13000000.0
1510,3,Apartment,23.1043633,72.5493536,9000000.0
527,2,Apartment,23.1109557,72.5539974,5950000.0
1683,3,Apartment,23.0402323,72.5777147,9000000.0
1752,3,Apartment,23.1109557,72.5539974,12000000.0
1280,2,Apartment,23.011445,72.5864365,6700000.0
1179,2,Apartment,23.1134254,72.5414761,5990000.0
1729,3,Apartment,23.1109557,72.5539974,10000000.0
1342,3,Apartment,23.1109557,72.5539974,7000000.0
1510,3,Apartment,23.1043633,72.5493536,8400000.0
1270,2,Apartment,23.1109557,72.5539974,6300000.0
730,2,Apartment,23.1109557,72.5539974,6400000.0
633,2,Apartment,23.1123884,72.5515273,5800000.0
1510,3,Apartment,23.1043633,72.5493536,8700000.0
1179,2,Apartment,23.1134254,72.5414761,5699999.999999999
1260,2,Apartment,23.081994,72.5519258,5500000.0
624,2,Apartment,23.2145657,72.6856816,5100000.0
659,3,Apartment,23.1109557,72.5539974,7100000.0
1730,3,Apartment,23.1043633,72.5493536,10000000.0
1780,3,Apartment,23.1010002,72.5408363,8500000.0
1730,3,Apartment,23.1043633,72.5493536,12000000.0
4150,4,Apartment,23.252596,72.4840781,21000000.0
800,2,Apartment,23.1109557,72.5539974,5699999.999999999
632,2,Apartment,23.1123884,72.5515273,5000000.0
1100,2,Apartment,23.1123884,72.5515273,5600000.000000001
1210,2,Apartment,23.1043633,72.5493536,6500000.0
1525,3,Apartment,23.081994,72.5519258,8600000.0
527,2,Apartment,23.0215374,72.5800568,4000000.0
1372,3,Apartment,23.1109557,72.5539974,6700000.0
1100,2,Apartment,23.1109557,72.5539974,5000000.0
3500,4,Apartment,23.2145657,72.6856816,25000000.0
1100,2,Apartment,23.1109557,72.5539974,5400000.0
1134,2,Apartment,23.0402323,72.5777147,6600000.0
1489,3,Apartment,23.011445,72.5864365,9000000.0
871,2,Apartment,23.1123884,72.5515273,5200000.0
838,2,Apartment,23.011445,72.5864365,7800000.0
741,2,Apartment,23.0215374,72.5800568,5400000.0
1550,3,Apartment,23.1109557,72.5539974,7200000.0
1730,3,Apartment,23.1043633,72.5493536,8100000.000000001
2800,4,Apartment,23.1109557,72.5539974,20000000.0
1847,3,Apartment,23.081994,72.5519258,9000000.0
3375,4,Apartment,23.0099875,72.5479719,16100000.000000002
1845,3,Apartment,23.1109557,72.5539974,8800000.0
1413,2,Apartment,23.081994,72.5519258,7600000.0
1305,2,Apartment,23.081994,72.5519258,6600000.0
1863,3,Apartment,23.003723,72.5538743,9500000.0
1850,2,Apartment,23.1123884,72.5515273,7500000.0
1550,3,Apartment,23.1109557,72.5539974,7500000.0
2100,3,Apartment,23.1123884,72.5515273,11000000.0
1304,2,Apartment,23.081994,72.5519258,6400000.0
2400,4,Apartment,23.1109557,72.5539974,21000000.0
2211,3,Apartment,23.1109557,72.5539974,6100000.0
1945,3,Apartment,23.2125309,72.684767,7100000.0
1100,2,Apartment,23.1109557,72.5539974,4951000.0
1100,2,Apartment,23.1109557,72.5539974,4950000.0
1550,3,Apartment,23.1109557,72.5539974,7600000.0
1500,2,Apartment,23.1123884,72.5515273,8500000.0
1800,3,Apartment,23.0366663,72.5492165,9000000.0
1372,3,Apartment,23.1109557,72.5539974,6500000.0
1080,2,Apartment,23.0215374,72.5800568,5800000.0
2313,3,Apartment,23.0215374,72.5800568,11500000.0
1050,2,Apartment,23.1109557,72.5539974,4700000.0
1134,2,Apartment,23.1123884,72.5515273,6500000.0
1458,2,Apartment,23.2125309,72.684767,5699999.999999999
1800,3,Apartment,23.081994,72.5519258,7500000.0
1305,2,Apartment,23.081994,72.5519258,6000000.0
1845,3,Apartment,23.1100643,72.5811205,8500000.0
1800,3,Apartment,23.0215374,72.5800568,7200000.0
1350,2,Apartment,23.0366663,72.5492165,5100000.0
3294,4,Apartment,23.0215374,72.5800568,15000000.0
1100,2,Apartment,23.1123884,72.5515273,4900000.0
1135,2,Apartment,23.1123884,72.5515273,5250000.0
1145,2,Apartment,23.2145657,72.6856816,5400000.0
572,2,Apartment,23.0215374,72.5800568,4400000.0
1971,3,Apartment,23.2125309,72.684767,7000000.0
1372,3,Apartment,23.1109557,72.5539974,6300000.0
3861,4,Apartment,23.0471713,72.5582439,17600000.0
1485,3,Apartment,23.2145657,72.6856816,8100000.000000001
3250,4,Apartment,23.081994,72.5519258,25500000.0
2378,3,Apartment,23.081994,72.5519258,12100000.0
1775,4,Apartment,23.081994,72.5519258,11800000.0
2046,3,Apartment,23.081994,72.5519258,11399999.999999998
1936,3,Apartment,23.081994,72.5519258,12400000.0
1050,2,Apartment,23.1123884,72.5515273,4800000.0
2313,3,Apartment,23.0366663,72.5492165,11100000.000000002
2313,3,Apartment,23.0054636,72.4567714,13300000.0
2142,3,Apartment,23.081994,72.5519258,13200000.0
1935,3,Apartment,23.0054636,72.4567714,12600000.0
2475,3,Apartment,23.081994,72.5519258,15500000.0
1935,3,Apartment,23.2145657,72.6856816,12500000.0
1917,3,Apartment,23.0215374,72.5800568,9800000.0
1133,3,Apartment,23.1123884,72.5515273,13000000.0
700,2,Apartment,23.1109557,72.5539974,4900000.0
633,2,Apartment,23.1123884,72.5515273,5300000.0
932,3,Apartment,23.081994,72.5519258,8500000.0
1936,3,Apartment,23.2145657,72.6856816,12000000.0
709,2,Apartment,23.0366663,72.5492165,5250000.0
1100,2,Apartment,23.0215374,72.5800568,5600000.000000001
1729,3,Apartment,23.1109557,72.5539974,11299999.999999998
2512,4,Apartment,23.081994,72.5519258,16900000.0
1936,3,Apartment,23.081994,72.5519258,12500000.0
1382,4,Apartment,23.0366663,72.5492165,16800000.0
1066,3,Apartment,23.081994,72.5519258,12100000.0
946,3,Apartment,23.2145657,72.6856816,11299999.999999998
925,3,Apartment,23.0215374,72.5800568,11100000.000000002
2448,3,Apartment,23.0259222,72.5496698,12000000.0
3366,4,Apartment,23.081994,72.5519258,16500000.0
3249,4,Apartment,23.0259222,72.5496698,15900000.0
2556,3,Apartment,23.081994,72.5519258,12500000.0
1098,2,Apartment,23.1109557,72.5539974,5300000.0
1960,3,Apartment,23.1123884,72.5515273,11000000.0
540,2,Apartment,23.1109557,72.5539974,5500000.0
1200,3,Apartment,23.1134254,72.5414761,6811000.0
1035,2,Apartment,23.0402323,72.5777147,5556000.0
1260,2,Apartment,23.1109557,72.5539974,6000000.0
1304,2,Apartment,23.081994,72.5519258,6250000.0
1375,3,Apartment,23.1109557,72.5539974,6500000.0
969,3,Apartment,23.1109557,72.5539974,7300000.0
836,3,Apartment,23.299123,72.338132,5810000.0
1845,3,Apartment,23.081994,72.5519258,8400000.0
1929,3,Apartment,23.081994,72.5519258,12000000.0
1100,2,Apartment,23.1109557,72.5539974,5000000.0
2253,3,Apartment,23.1109557,72.5539974,11500000.0
1525,3,Apartment,23.011445,72.5864365,7600000.0
1362,3,Apartment,23.2145657,72.6856816,6300000.0
796,3,Apartment,23.1109557,72.5539974,7500000.0
2835,4,Apartment,23.0111491,72.5132562,15100000.0
1550,3,Apartment,23.1109557,72.5539974,8199999.999999999
675,1,Apartment,23.1109557,72.5539974,3000000.0
600,1,Apartment,23.1109557,72.5539974,3200000.0
1188,2,Apartment,23.1134254,72.5414761,5500000.0
1260,2,Apartment,23.1109557,72.5539974,5500000.0
900,2,Apartment,23.1109557,72.5539974,4350000.0
1380,3,Apartment,23.1043633,72.5493536,7800000.0
451,1,Apartment,23.0839289,72.6785883,3050000.0
1348,2,Apartment,23.1109557,72.5539974,5000000.0
600,1,Apartment,23.0069624,72.5440056,3200000.0
585,1,Apartment,23.081994,72.5519258,3500000.0
662,1,Apartment,23.1109557,72.5539974,4300000.0
1750,3,Apartment,23.1109557,72.5539974,10500000.0
900,1,Apartment,23.1109557,72.5539974,3500000.0
900,3,Apartment,23.1109557,72.5539974,9800000.0
600,1,Apartment,23.1109557,72.5539974,3050000.0
1190,2,Apartment,23.0402323,72.5777147,5500000.0
527,2,Apartment,23.1109557,72.5539974,4000000.0
1710,3,Apartment,23.0901491,72.6505239,8800000.0
950,2,Apartment,23.0215374,72.5800568,4200000.0
1120,2,Apartment,23.1123884,72.5515273,4900000.0
1332,3,Apartment,23.1109557,72.5539974,6500000.0
1262,2,Apartment,23.1109557,72.5539974,7900000.0
600,1,Apartment,23.1109557,72.5539974,3100000.0
1674,3,Apartment,23.081994,72.5519258,7100000.0
1060,2,Apartment,23.1109557,72.5539974,5800000.0
1179,2,Apartment,23.1134254,72.5414761,5000000.0
1140,2,Apartment,23.081994,72.5519258,4300000.0
560,1,Apartment,23.0215374,72.5800568,3100000.0
1035,2,Apartment,23.081994,72.5519258,4600000.0
1100,1,Apartment,23.1109557,72.5539974,3600000.0
1304,2,Apartment,23.081994,72.5519258,6500000.0
1080,2,Apartment,23.2145657,72.6856816,3800000.0
2512,4,Apartment,23.0135186,72.5644029,16500000.0
774,1,Apartment,23.081994,72.5519258,3700000.0
1107,2,Apartment,23.1134254,72.5414761,5551000.0
1332,3,Apartment,23.1109557,72.5539974,6700000.0
1100,2,Apartment,23.1109557,72.5539974,4700000.0
800,1,Apartment,23.0839289,72.6785883,2800000.0000000005
927,3,Apartment,23.0135186,72.5644029,9800000.0
1035,2,Apartment,23.0366663,72.5492165,4400000.0
635,2,Apartment,23.1123884,72.5515273,5500000.0
1100,2,Apartment,23.1171767,72.5561991,5200000.0
700,2,Apartment,23.1109557,72.5539974,5200000.0
1260,2,Apartment,23.0111491,72.5132562,5600000.000000001
1270,2,Apartment,23.1109557,72.5539974,7200000.0
600,1,Apartment,23.1109557,72.5539974,3100000.0
1400,3,Apartment,23.1123884,72.5515273,8500000.0
1210,2,Apartment,23.1043633,72.5493536,6000000.0
440,2,Apartment,23.1109557,72.5539974,5500000.0
1050,3,Apartment,23.0215374,72.5800568,9900000.0
880,2,Apartment,23.081994,72.5519258,5000000.0
527,2,Apartment,23.1109557,72.5539974,5250000.0
1680,3,Apartment,23.0135186,72.5644029,9500000.0
1278,2,Apartment,23.0135186,72.5644029,7200000.0
1692,3,Villa,23.0770712,72.5890677,22500000.0
1000,2,Apartment,23.1109557,72.5539974,4200000.0
1380,3,Apartment,23.1073935,72.5499625,6600000.0
1380,3,Apartment,23.1043633,72.5493536,6600000.0
747,1,Apartment,23.0156527,72.5301088,3500000.0
571,2,Apartment,23.1109557,72.5539974,5200000.0
1000,2,Apartment,23.1109557,72.5539974,4600000.0
980,2,Apartment,23.0116938,72.5114895,5900000.0
750,2,Apartment,23.1109557,72.5539974,4500000.0
871,2,Apartment,23.1123884,72.5515273,5000000.0
527,2,Apartment,23.1109557,72.5539974,4700000.0
1730,3,Apartment,23.1043633,72.5493536,10400000.0
1729,3,Apartment,23.1109557,72.5539974,11000000.0
699,2,Apartment,23.081994,72.5519258,6800000.000000001
654,3,Apartment,23.1109557,72.5539974,6500000.0
775,2,Apartment,23.2145657,72.6856816,4200000.0
1170,2,Apartment,23.1134254,72.5414761,6500000.0
1650,3,Apartment,23.1109557,72.5539974,7150000.0
625,2,Apartment,23.1123884,72.5515273,6000000.0
871,2,Apartment,23.1123884,72.5515273,7500000.0
870,2,Apartment,23.1109557,72.5539974,7000000.0
630,2,Apartment,23.1109557,72.5539974,5000000.0
1170,2,Apartment,23.081994,72.5519258,6300000.0
527,2,Apartment,23.1109557,72.5539974,4400000.0
1260,2,Apartment,22.9666916,72.5893488,4500000.0
1270,2,Apartment,23.0366663,72.5492165,6000000.0
400,1,Apartment,23.1109557,72.5539974,2800000.0000000005
1332,3,Apartment,23.1109557,72.5539974,8500000.0
1210,2,Apartment,23.1043633,72.5493536,6750000.0
1305,2,Apartment,22.9666916,72.5893488,5500000.0
600,3,Villa,23.2420572,72.4880711,6500000.0
1080,2,Apartment,23.0116938,72.5114895,6000000.0
1170,2,Apartment,23.299123,72.338132,5000000.0
1210,2,Apartment,23.1043633,72.5493536,5850000.0
572,2,Apartment,23.1109557,72.5539974,4600000.0
600,1,Apartment,23.1109557,72.5539974,3300000.0
500,1,Apartment,23.081994,72.5519258,2700000.0
486,2,Apartment,23.081994,72.5519258,3950000.0
632,2,Apartment,23.1123884,72.5515273,5500000.0
945,2,Apartment,23.0111491,72.5132562,5500000.0
1500,3,Apartment,23.1123884,72.5515273,8500000.0
3060,3,Apartment,23.0147236,72.4708066,14500000.0
1310,2,Apartment,23.1073935,72.5499625,7000000.0
990,2,Apartment,23.0366663,72.5492165,4000000.0
1950,3,Apartment,23.0215374,72.5800568,9500000.0
660,2,Apartment,23.0215374,72.5800568,5200000.0
527,2,Apartment,23.0366663,72.5492165,4500000.0
1070,2,Apartment,23.2145657,72.6856816,5200000.0
1400,3,Apartment,23.1123884,72.5515273,8000000.0
1730,3,Apartment,23.1043633,72.5493536,9300000.0
2200,3,Apartment,23.1123884,72.5515273,12000000.0
1089,3,Apartment,23.1109557,72.5539974,9000000.0
845,2,Apartment,23.1123884,72.5515273,6100000.0
1016,2,Apartment,23.081994,72.5519258,6000000.0
1500,3,Apartment,23.1123884,72.5515273,12500000.0
1372,3,Apartment,23.1171767,72.5561991,6500000.0
527,2,Apartment,23.081994,72.5519258,4200000.0
1980,3,Apartment,23.2145657,72.6856816,8000000.0
1350,3,Apartment,23.1123884,72.5515273,7400000.0
1260,2,Apartment,23.081994,72.5519258,5800000.0
1530,3,Apartment,23.081994,72.5519258,7800000.0
539,2,Apartment,23.2145657,72.6856816,5500000.0
1125,2,Apartment,22.9666916,72.5893488,4200000.0
1980,4,Apartment,23.081994,72.5519258,16000000.0
1260,2,Apartment,23.081994,72.5519258,5200000.0
1100,2,Apartment,23.2145657,72.6856816,6300000.0
1372,3,Apartment,23.1171767,72.5561991,7900000.0
1215,2,Apartment,23.081994,72.5519258,5555000.0
650,2,Apartment,23.1123884,72.5515273,5000000.0
1262,2,Apartment,23.1109557,72.5539974,7500000.0
1510,3,Apartment,23.1043633,72.5493536,15000000.0
630,1,Apartment,23.081994,72.5519258,3100000.0
1100,2,Apartment,23.1123884,72.5515273,6200000.0
1200,2,Apartment,23.1043633,72.5493536,6000000.0
527,2,Apartment,23.0215374,72.5800568,4600000.0
650,1,Apartment,23.2145657,72.6856816,3300000.0
1485,3,Apartment,23.2145657,72.6856816,7500000.0
635,2,Apartment,23.1123884,72.5515273,5800000.0
3600,3,Apartment,23.0215374,72.5800568,16500000.0
1773,3,Apartment,23.081994,72.5519258,8000000.0
1485,3,Apartment,23.081994,72.5519258,7000000.0
1134,2,Apartment,23.0326231,72.5709891,6200000.0
1372,3,Apartment,23.1171767,72.5561991,7500000.0
1890,3,Apartment,23.0215374,72.5800568,9900000.0
351,1,Apartment,23.081994,72.5519258,3200000.0
615,2,Apartment,23.1123884,72.5515273,5200000.0
1980,3,Apartment,23.081994,72.5519258,7200000.0
1650,3,Apartment,22.9878599,72.4928926,7650000.0
1115,2,Apartment,23.0402323,72.5777147,6000000.0
1936,3,Apartment,23.081994,72.5519258,13000000.0
1550,3,Apartment,23.0215374,72.5800568,9500000.0
1700,3,Apartment,23.1043633,72.5493536,8500000.0
2097,3,Apartment,23.2145657,72.6856816,8500000.0
1210,2,Apartment,23.1073935,72.5499625,6800000.000000001
1089,2,Apartment,23.2145657,72.6856816,6200000.0
900,2,Apartment,23.1123884,72.5515273,6400000.0
2070,3,Apartment,23.081994,72.5519258,9500000.0
1989,3,Apartment,23.0215374,72.5800568,8400000.0
2718,4,Apartment,23.2145657,72.6856816,12700000.0
1930,3,Apartment,23.2145657,72.6856816,12000000.0
1710,3,Apartment,23.2145657,72.6856816,7500000.0
1680,3,Apartment,23.2145657,72.6856816,9100000.0
1280,2,Apartment,23.081994,72.5519258,6500000.0
990,2,Apartment,23.0283573,72.4969614,6000000.0
2550,4,Apartment,23.0215374,72.5800568,15800000.0
1372,3,Apartment,23.1109557,72.5539974,6500000.0
2211,3,Apartment,23.1109557,72.5539974,8100000.000000001
2061,3,Apartment,23.0766234,72.5764197,9500000.0
800,1,Apartment,23.0766234,72.5764197,3000000.0
1332,2,Apartment,23.092529,72.561323,5600000.000000001
1305,2,Apartment,23.092529,72.561323,5500000.0
1215,2,Apartment,23.0766234,72.5764197,5000000.0
1500,4,Villa,23.0766234,72.5764197,30000000.0
1080,2,Apartment,23.092529,72.561323,4600000.0
765,1,Apartment,23.0766234,72.5764197,3551000.0000000005
1700,3,Apartment,23.092529,72.561323,7500000.0
1200,2,Apartment,23.092529,72.561323,6000000.0
1142,2,Apartment,23.0766234,72.5764197,5200000.0
1160,2,Apartment,23.092529,72.561323,5300000.0
1503,3,Apartment,23.092529,72.561323,6800000.000000001
1236,3,Apartment,23.0766234,72.5764197,6200000.0
1170,2,Apartment,23.092529,72.561323,5200000.0
686,2,Apartment,23.092529,72.561323,6000000.0
1000,3,Apartment,23.092529,72.561323,7300000.0
1170,2,Apartment,23.092529,72.561323,6000000.0
1134,2,Apartment,23.092529,72.561323,5825000.0
1049,3,Apartment,23.0766234,72.5764197,8000000.0
1184,2,Apartment,23.0604301,72.6537943,6500000.0
1800,3,Apartment,23.0111491,72.5132562,9500000.0
1440,3,Apartment,23.2478221,72.4852775,7000000.0
1305,2,Apartment,23.0803343,72.563519,6000000.0
1200,2,Apartment,23.0975425,72.547552,5300000.0
630,1,Apartment,23.0713102,72.539578,3700000.0
1080,2,Apartment,23.092529,72.561323,5200000.0
855,2,Apartment,23.3353493,72.7168598,5500000.0
1614,2,Apartment,22.9953591,72.5339291,6800000.000000001
990,2,Apartment,23.092529,72.561323,4400000.0
3060,4,Villa,23.0110669,72.5137432,55000000.0
1449,3,Apartment,23.092529,72.561323,6500000.0
800,2,Apartment,23.1429051,72.5392248,6300000.0
1755,3,Apartment,23.1109557,72.5539974,7500000.0
1420,2,Apartment,23.092529,72.561323,5500000.0
1800,3,Apartment,23.0111491,72.5132562,11000000.0
1107,2,Apartment,23.3061466,72.3393616,7500000.0
918,2,Apartment,23.2478221,72.4852775,5000000.0
990,2,Apartment,23.092529,72.561323,5500000.0
594,2,Apartment,23.092529,72.561323,4700000.0
1152,2,Apartment,23.092529,72.561323,5500000.0
683,2,Apartment,23.092529,72.561323,5900000.0
1287,2,Apartment,23.0106847,72.5099278,6175000.000000001
1710,3,Apartment,23.0097167,72.5076274,7500000.0
675,1,Apartment,23.0766234,72.5764197,3600000.0
1170,2,Apartment,23.0839289,72.6785883,5500000.0
2700,4,Apartment,23.0766234,72.5764197,45000000.0
990,2,Apartment,23.0097167,72.5076274,5000000.0
3195,3,Villa,23.0766234,72.5764197,29100000.0
1200,2,Apartment,23.0111491,72.5132562,7400000.0
1035,2,Apartment,23.092529,72.561323,4500000.0
1602,3,Apartment,23.1143235,72.5587865,7500000.0
1764,3,Apartment,23.092529,72.561323,7644000.0
2862,4,Apartment,23.092529,72.561323,12100000.0
1287,2,Apartment,23.0106847,72.5099278,5500000.0
2187,3,Apartment,23.092529,72.561323,9250000.0
1089,2,Apartment,23.092529,72.561323,5500000.0
1260,2,Apartment,23.092529,72.561323,7500000.0
1260,2,Apartment,23.092529,72.561323,5500000.0
1232,3,Apartment,23.2145657,72.6856816,5500000.0
1656,3,Apartment,23.0766234,72.5764197,9000000.0
1503,3,Apartment,23.092529,72.561323,7000000.0
1080,2,Apartment,23.0713102,72.539578,5200000.0
1305,3,Apartment,23.092529,72.561323,5300000.0
990,2,Apartment,23.0097167,72.5076274,4999000.0
2610,6,Apartment,23.0766234,72.5764197,19500000.0
1287,2,Apartment,23.092529,72.561323,6200000.0
1602,3,Apartment,23.0363265,72.5650744,7800000.0
1800,3,Apartment,23.0097167,72.5076274,9900000.0
1890,3,Apartment,23.166292,72.8125255,28000000.0
2862,4,Apartment,23.092529,72.561323,12100000.0
2187,3,Apartment,23.092529,72.561323,9234000.0
1953,3,Apartment,23.092529,72.561323,8246000.0
1764,3,Apartment,23.092529,72.561323,7448000.0
1206,2,Apartment,23.092529,72.561323,5400000.0
2511,3,Apartment,23.2401161,72.5010726,31000000.0
2574,2,Villa,23.0069624,72.5440056,7700000.0
1089,2,Apartment,23.092529,72.561323,4500000.0
1332,2,Apartment,23.0106847,72.5099278,5950000.0
1152,2,Apartment,23.092529,72.561323,5300000.0
1287,2,Apartment,23.092529,72.561323,6000000.0
1134,2,Apartment,23.0097167,72.5076274,4500000.0
1395,3,Apartment,23.092529,72.561323,5300000.0
1080,2,Apartment,23.0839289,72.6785883,4500000.0
1305,3,Apartment,23.092529,72.561323,5500000.0
1089,2,Apartment,23.092529,72.561323,4600000.0
1098,2,Apartment,23.092529,72.561323,4500000.0
1125,2,Apartment,23.092529,72.561323,5500000.0
981,2,Apartment,23.0111491,72.5132562,4500000.0
1069,2,Apartment,23.1896518,72.29058,3900000.0
693,1,Apartment,23.092529,72.561323,4500000.0
4000,4,Apartment,23.0069624,72.5440056,9500000.0
675,1,Apartment,23.0713102,72.539578,3500000.0
855,1,Villa,23.0069624,72.5440056,3400000.0000000005
280,1,Apartment,23.0766234,72.5764197,2300000.0
1142,2,Apartment,22.9884742,72.3357236,5200000.0
810,1,Apartment,23.0766234,72.5764197,1980000.0
525,1,Apartment,23.0787426,72.6681866,2700000.0
540,1,Apartment,23.092529,72.561323,3600000.0
300,2,Apartment,23.092529,72.561323,2700000.0
996,2,Apartment,23.173088,72.822736,4400000.0
1214,2,Apartment,23.1109557,72.5539974,5500000.0
1332,2,Apartment,23.0106847,72.5099278,6100000.0
650,2,Villa,23.0766234,72.5764197,10000000.0
1098,2,Apartment,23.2205848,72.6587827,4200000.0
1080,2,Apartment,23.092529,72.561323,4600000.0
1017,2,Apartment,23.013039,72.5637853,4050000.0000000005
990,2,Apartment,23.092529,72.561323,4600000.0
657,1,Apartment,23.0363265,72.5650744,3000000.0
653,1,Apartment,23.092529,72.561323,3400000.0000000005
417,1,Apartment,23.0901491,72.6505239,3500000.0
855,2,Apartment,23.0766234,72.5764197,3500000.0
1305,3,Apartment,23.092529,72.561323,7000000.0
1053,2,Villa,23.092529,72.561323,4500000.0
990,2,Apartment,23.092529,72.561323,6000000.0
1620,3,Apartment,23.1098304,72.5631404,6800000.000000001
360,2,Villa,22.9949449,72.5885536,4200000.0
2700,6,Apartment,23.0766234,72.5764197,25099999.999999996
1150,2,Apartment,23.0111491,72.5132562,3500000.0
711,1,Apartment,23.0766234,72.5764197,3500000.0
360,1,Apartment,23.0766234,72.5764197,1200000.0
1134,2,Apartment,23.0604301,72.6537943,5250000.0
968,2,Apartment,23.0162208,72.5231883,5800000.0
850,1,Apartment,23.0398447,72.6298154,3200000.0
640,1,Apartment,23.0766234,72.5764197,3200000.0
1845,3,Apartment,23.1136923,72.5404916,12000000.0
1089,2,Apartment,23.092529,72.561323,4400000.0
765,1,Apartment,23.0398447,72.6298154,3100000.0
1750,3,Apartment,23.092529,72.561323,8000000.0
990,2,Apartment,23.0546669,72.6392596,5200000.0
968,1,Apartment,23.0713445,72.6773842,3800000.0
1116,2,Apartment,23.0604301,72.6537943,5400000.0
1150,2,Apartment,23.092529,72.561323,5300000.0
1668,4,Apartment,23.092529,72.561323,21500000.0
1287,2,Apartment,23.092529,72.561323,5100000.0
1400,3,Villa,23.0766234,72.5764197,5800000.0
1170,2,Apartment,23.092529,72.561323,7300000.0
1503,3,Apartment,23.092529,72.561323,7800000.0
1000,2,Villa,23.0766234,72.5764197,5000000.0
629,1,Apartment,23.0084483,72.5684667,3500000.0
300,1,Apartment,23.0475922,72.5618574,2500000.0
1287,2,Apartment,23.092529,72.561323,5500000.0
1080,2,Apartment,23.092529,72.561323,5000000.0
1450,3,Apartment,23.092529,72.561323,6500000.0
1710,3,Apartment,23.0839289,72.6785883,8000000.0
900,2,Apartment,23.0111491,72.5132562,2700000.0
500,1,Apartment,23.092529,72.561323,3000000.0
700,3,Apartment,23.092529,72.561323,5100000.0
800,2,Apartment,23.0069624,72.5440056,9000000.0
1107,2,Villa,23.0766234,72.5764197,11500000.0
1080,2,Apartment,23.092529,72.561323,4600000.0
1485,3,Apartment,23.092529,72.561323,6000000.0
1800,3,Villa,23.092529,72.561323,17500000.0
1100,2,Apartment,23.0111491,72.5132562,20000000.0
1080,2,Apartment,23.092529,72.561323,4500000.0
945,2,Apartment,23.092529,72.561323,4500000.0
700,2,Apartment,23.092529,72.561323,4500000.0
450,1,Apartment,23.2420572,72.4880711,2000000.0
356,1,Apartment,23.092529,72.561323,3700000.0
1080,2,Apartment,23.0766234,72.5764197,9500000.0
720,2,Apartment,23.092529,72.561323,4800000.0
702,1,Apartment,23.2420572,72.4880711,3300000.0
1069,2,Apartment,23.0766234,72.5764197,4500000.0
1485,3,Apartment,23.092529,72.561323,6700000.0
1134,2,Apartment,23.0111491,72.5132562,5200000.0
972,2,Apartment,23.1134254,72.5414761,5500000.0
1152,2,Apartment,23.092529,72.561323,4400000.0
900,2,Apartment,23.092529,72.561323,4300000.0
999,2,Apartment,23.0111491,72.5132562,4500000.0
1010,3,Apartment,23.0766234,72.5764197,6600000.0
1215,2,Apartment,23.0940329,72.5579399,6200000.0
1450,3,Apartment,23.092529,72.561323,6200000.0
974,2,Apartment,23.0766234,72.5764197,4450000.0
1232,3,Apartment,23.1896518,72.29058,5800000.0
660,2,Apartment,23.0979368,72.5328323,5699999.999999999
918,2,Apartment,23.0376135,72.5497906,5000000.0
1080,2,Apartment,23.0072793,72.5573789,4400000.0
990,2,Apartment,23.0072793,72.5573789,5000000.0
1500,3,Apartment,23.0839289,72.6785883,12000000.0
1305,2,Apartment,23.092529,72.561323,6000000.0
1466,3,Apartment,23.092529,72.561323,7000000.0
900,2,Apartment,23.1201139,72.6251307,4500000.0
990,2,Apartment,23.092529,72.561323,5500000.0
1538,3,Apartment,23.0940329,72.5579399,7700000.0
1120,2,Apartment,23.0111491,72.5132562,5100000.0
1197,2,Apartment,23.013054,72.5300752,7200000.0
900,3,Apartment,23.092529,72.561323,4500000.0
1200,2,Villa,23.0766234,72.5764197,4000000.0
1080,2,Apartment,23.092529,72.561323,4850000.0
903,2,Apartment,23.1896518,72.29058,5000000.0
630,3,Apartment,23.0398447,72.6298154,4500000.0
1000,2,Apartment,23.0839289,72.6785883,4500000.0
1111,3,Apartment,23.0975425,72.547552,7000000.0
1584,3,Apartment,23.0975425,72.547552,7500000.0
974,2,Apartment,23.0766234,72.5764197,4600000.0
990,1,Apartment,23.0097167,72.5076274,5100000.0
1125,2,Apartment,23.0713445,72.6773842,5200000.0
972,2,Apartment,23.0766234,72.5764197,4600000.0
2880,2,Villa,23.0766234,72.5764197,14000000.0
1116,2,Apartment,23.0604301,72.6537943,5300000.0
1035,2,Apartment,22.9975921,72.6046587,7800000.0
765,1,Apartment,23.0016439,72.5130469,3200000.0
900,2,Apartment,23.0713102,72.539578,4000000.0
1080,2,Apartment,23.2405434,72.5008311,5000000.0
900,1,Apartment,23.0766234,72.5764197,3100000.0
1035,2,Apartment,22.9975921,72.6046587,8199999.999999999
1080,2,Apartment,23.092529,72.561323,5100000.0
700,3,Apartment,23.298153,72.3397926,7000000.0
626,2,Apartment,23.0604301,72.6537943,7000000.0
990,4,Apartment,23.0766234,72.5764197,12500000.0
1000,2,Apartment,23.092529,72.561323,4400000.0
1510,2,Apartment,23.092529,72.561323,20000000.0
1350,3,Apartment,23.1896518,72.29058,5600000.000000001
1259,2,Apartment,23.013039,72.5637853,4200000.0
945,2,Apartment,23.0766234,72.5764197,5000000.0
936,2,Apartment,23.0069624,72.5440056,5500000.0
1056,2,Apartment,23.0766234,72.5764197,9500000.0
990,2,Apartment,23.0072793,72.5573789,4200000.0
1305,2,Apartment,23.092529,72.561323,6500000.0
476,1,Apartment,23.0839289,72.6785883,3250000.0
680,2,Apartment,23.0434823,72.6810611,5800000.0
2430,4,Apartment,23.0471713,72.5582439,31500000.0
2300,3,Apartment,23.06384,72.5430733,8800000.0
1305,2,Apartment,23.0839289,72.6785883,4500000.0
720,1,Apartment,23.0839289,72.6785883,2500000.0
1179,3,Apartment,23.0434823,72.6810611,16500000.0
1197,2,Apartment,23.0434823,72.6810611,4700000.0
1458,2,Apartment,23.0434823,72.6810611,4900000.0
2367,3,Apartment,23.0434823,72.6810611,8800000.0
1400,2,Apartment,23.0839289,72.6785883,4300000.0
1215,2,Apartment,23.2393412,72.4962124,4351000.0
1350,2,Apartment,23.0649034,72.5268918,5600000.000000001
1800,4,Villa,23.0546669,72.6392596,11100000.000000002
720,6,Apartment,23.0069624,72.5440056,8000000.0
1066,2,Apartment,23.0434823,72.6810611,6300000.0
945,2,Apartment,23.0839289,72.6785883,3600000.0
343,1,Apartment,23.0787426,72.6681866,800000.0
1250,1,Apartment,23.0434823,72.6810611,8500000.0
2110,4,Villa,23.0434823,72.6810611,18500000.0
1242,2,Apartment,22.727869,72.437637,3800000.0
500,1,Apartment,23.0111491,72.5132562,1850000.0
1470,2,Apartment,23.1579352,72.8006066,6000000.0
1500,3,Apartment,23.0434823,72.6810611,8000000.0
1548,2,Apartment,23.3254747,72.0554467,5500000.0
432,3,Villa,23.0434823,72.6810611,4000000.0
720,4,Apartment,22.9589978,72.6297981,10000000.0
1161,2,Apartment,22.9729765,72.5895984,4099999.9999999995
800,2,Apartment,22.9589978,72.6297981,1750000.0
371,1,Apartment,22.9589978,72.6297981,2100000.0
560,2,Apartment,22.9589978,72.6297981,2450000.0
1053,2,Apartment,22.9589978,72.6297981,3500000.0
774,1,Apartment,22.9589978,72.6297981,1500000.0
3276,3,Apartment,22.9589978,72.6297981,5500000.0
990,2,Apartment,22.9589978,72.6297981,3950000.0
747,1,Apartment,22.9589978,72.6297981,2500000.0
540,1,Villa,22.9589978,72.6297981,2650000.0
1620,3,Apartment,23.1862023,72.6264693,5300000.0
252,1,Apartment,23.2524609,72.4843063,500000.0
2214,4,Apartment,22.9729765,72.5895984,6000000.0
1530,4,Apartment,23.1897523,72.6371711,11000000.0
1575,3,Apartment,23.0111491,72.5132562,5600000.000000001
1935,2,Villa,23.0215374,72.5800568,8500000.0
1392,2,Apartment,23.2169318,72.6678423,4099999.9999999995
648,1,Apartment,23.1143235,72.5587865,1550000.0
1123,1,Apartment,23.062275,72.571217,1800000.0
458,3,Villa,22.9589978,72.6297981,9000000.0
400,1,Apartment,22.9614247,72.6081233,1355000.0
1485,3,Apartment,23.0111491,72.5132562,4800000.0
700,1,Apartment,23.2763977,72.3443468,2000000.0
585,1,Apartment,22.9729765,72.5895984,1200000.0
495,2,Apartment,23.1632457,72.6500247,2450000.0
450,2,Apartment,23.0159755,72.5136414,2500000.0
524,2,Apartment,23.0361821,72.6297938,3200000.0
603,1,Apartment,22.9483926,72.5977854,1350000.0
1530,3,Apartment,23.0649034,72.5268918,3850000.0
1413,3,Apartment,23.0111491,72.5132562,5500000.0
800,1,Apartment,23.0604301,72.6537943,1650000.0
1017,2,Apartment,23.0839289,72.6785883,2500000.0
2695,4,Villa,23.036861,72.521212,14000000.0
648,1,Apartment,23.0839289,72.6785883,1150000.0
1620,3,Apartment,23.1862023,72.6264693,6500000.0
4500,2,Apartment,23.0111491,72.5132562,2500000.0
1000,2,Apartment,23.0544607,72.53364,2150000.0
416,1,Apartment,23.0839289,72.6785883,1500000.0
1215,1,Apartment,22.9618841,72.6078789,1450000.0
594,1,Apartment,23.2145657,72.6856816,1600000.0
1011,2,Apartment,23.0839289,72.6785883,2350000.0
1098,2,Apartment,23.062275,72.571217,2600000.0
1800,4,Villa,22.9317728,72.5749418,16500000.0
1251,2,Apartment,22.9811933,72.6319432,3250000.0
783,1,Apartment,23.2393412,72.4962124,2150000.0
1125,2,Villa,23.0716125,72.6367479,7500000.0
1395,3,Apartment,22.9729765,72.5895984,4099999.9999999995
945,2,Apartment,22.9729765,72.5895984,2049999.9999999998
1260,2,Apartment,22.9729765,72.5895984,4000000.0
855,2,Apartment,23.1579352,72.8006066,2450000.0
726,2,Apartment,22.9589978,72.6297981,3200000.0
1062,2,Apartment,22.9589978,72.6297981,2700000.0
1008,2,Apartment,23.0366663,72.5492165,2500000.0
1008,2,Apartment,23.0366663,72.5492165,2500000.0
1071,2,Apartment,23.1579352,72.8006066,2500000.0
1053,2,Apartment,22.9729765,72.5895984,3200000.0
1935,4,Apartment,23.0366663,72.5492165,13000000.0
936,2,Apartment,22.9589978,72.6297981,2550000.0
1080,2,Apartment,22.9729765,72.5895984,3200000.0
1080,2,Apartment,22.9729765,72.5895984,3800000.0
900,3,Apartment,23.0366663,72.5492165,6000000.0
1062,2,Apartment,23.0366663,72.5492165,2800000.0000000005
990,2,Villa,22.9589978,72.6297981,6000000.0
1270,3,Apartment,22.9589978,72.6297981,2800000.0000000005
1080,2,Apartment,23.1743872,72.8270334,2400000.0
774,2,Apartment,23.1632457,72.6500247,1800000.0
765,1,Apartment,22.9589978,72.6297981,1750000.0
302,3,Villa,22.9729765,72.5895984,9500000.0
924,3,Villa,22.9589978,72.6297981,6200000.0
1100,3,Apartment,23.0850287,72.5941932,4000000.0
630,1,Apartment,22.9483926,72.5977854,1300000.0
1071,2,Apartment,23.2408258,72.5031982,2550000.0
500,2,Apartment,22.9589978,72.6297981,3500000.0
200,1,Apartment,23.2145657,72.6856816,1500000.0
424,1,Apartment,22.9589978,72.6297981,1850000.0
702,1,Apartment,23.0635608,72.5959508,1651000.0
1593,3,Apartment,22.9729765,72.5895984,6000000.0
1080,2,Apartment,23.1743872,72.8270334,2500000.0
460,2,Apartment,23.1579315,72.6575495,3000000.0
600,1,Apartment,22.9729765,72.5895984,1500000.0
2700,4,Apartment,23.0111491,72.5132562,12000000.0
900,4,Villa,22.9519183,72.6113595,6000000.0
945,2,Apartment,23.2169318,72.6678423,2900000.0
1350,2,Apartment,23.19328,72.6147415,4200000.0
675,1,Apartment,22.9519183,72.6113595,1500000.0
864,2,Apartment,23.1579315,72.6575495,2000000.0
1296,2,Apartment,23.2145657,72.6856816,4000000.0
1300,2,Apartment,22.9729765,72.5895984,3500000.0
582,2,Apartment,22.9589978,72.6297981,3400000.0000000005
612,1,Apartment,22.9589978,72.6297981,1850000.0
765,2,Apartment,23.0787426,72.6681866,10000000.0
810,1,Apartment,22.9729765,72.5895984,1450000.0
855,3,Apartment,23.1972875,72.6150032,6000000.0
900,2,Apartment,22.9729765,72.5895984,2251000.0
900,3,Apartment,22.9589978,72.6297981,6000000.0
220,1,Apartment,23.073179,72.6403738,750000.0
900,2,Apartment,22.9589978,72.6297981,5500000.0
4500,3,Apartment,23.1862023,72.6264693,5300000.0
1062,2,Apartment,23.0111491,72.5132562,3600000.0
990,2,Apartment,23.0839289,72.6785883,2450000.0
765,1,Apartment,23.0255831,72.5691076,2300000.0
1017,2,Apartment,22.9483926,72.5977854,2700000.0
954,2,Apartment,23.0839289,72.6785883,2000000.0
1008,2,Apartment,22.9943045,72.5781979,2350000.0
1053,2,Apartment,22.9729765,72.5895984,2200000.0
1180,2,Apartment,23.0839289,72.6785883,3500000.0
639,1,Apartment,23.0839289,72.6785883,1050000.0
1035,2,Apartment,23.1743872,72.8270334,2800000.0000000005
450,1,Villa,22.9729765,72.5895984,2600000.0
666,3,Apartment,22.9317728,72.5749418,1200000.0
864,3,Apartment,22.9589978,72.6297981,2100000.0
447,1,Apartment,23.0839289,72.6785883,1600000.0
998,2,Apartment,23.0298827,72.4746282,2500000.0
1770,2,Apartment,22.9729765,72.5895984,3000000.0
1062,2,Apartment,23.0649034,72.5268918,2800000.0000000005
1800,4,Villa,23.0854097,72.6580946,12600000.0
1100,2,Apartment,23.0839289,72.6785883,2300000.0
1350,4,Villa,22.9729765,72.5895984,11000000.0
837,2,Apartment,23.1632457,72.6500247,2500000.0
650,1,Apartment,23.2524609,72.4843063,950000.0
1197,2,Apartment,22.9729765,72.5895984,3800000.0
622,1,Apartment,22.9519183,72.6113595,1270000.0
364,1,Apartment,22.9589978,72.6297981,700000.0000000001
1044,2,Apartment,23.0839289,72.6785883,2600000.0
524,2,Apartment,23.1743872,72.8270334,3400000.0000000005
1300,3,Apartment,22.9519183,72.6113595,5600000.000000001
918,1,Apartment,22.9729765,72.5895984,4000000.0
675,1,Apartment,22.9589978,72.6297981,1600000.0
1305,2,Apartment,22.9729765,72.5895984,4600000.0
801,2,Apartment,22.9729765,72.5895984,2500000.0
720,2,Apartment,23.1964319,72.6328106,2100000.0
981,2,Apartment,22.9729765,72.5895984,3300000.0
507,1,Apartment,22.9729765,72.5895984,1800000.0
954,2,Apartment,22.9589978,72.6297981,2200000.0
524,2,Apartment,22.9729765,72.5895984,3000000.0
765,1,Apartment,22.9729765,72.5895984,1800000.0
250,1,Apartment,23.2145657,72.6856816,1300000.0
2700,2,Apartment,23.0839289,72.6785883,7300000.0
756,1,Apartment,22.9589978,72.6297981,1700000.0000000002
642,4,Apartment,22.9589978,72.6297981,2600000.0
420,1,Apartment,23.2145657,72.6856816,2200000.0
801,2,Apartment,23.1964319,72.6328106,2300000.0
990,2,Apartment,22.9729765,72.5895984,3500000.0
900,3,Apartment,22.9519183,72.6113595,3200000.0
1062,2,Apartment,22.9729765,72.5895984,2700000.0
1035,2,Apartment,22.9811933,72.6319432,2500000.0
2200,1,Apartment,23.2145657,72.6856816,3900000.0
963,2,Apartment,22.9589978,72.6297981,2650000.0
365,1,Apartment,22.9589978,72.6297981,855000.0000000001
1285,2,Apartment,23.2125309,72.684767,3300000.0
904,1,Apartment,23.1201139,72.6251307,2000000.0
702,1,Apartment,22.9589978,72.6297981,1100000.0
2560,3,Apartment,23.1743872,72.8270334,3200000.0
972,2,Apartment,22.9589978,72.6297981,2600000.0
810,2,Apartment,22.9729765,72.5895984,3200000.0
300,1,Apartment,23.0787426,72.6681866,600000.0
500,1,Apartment,23.1632457,72.6500247,850000.0000000001
1134,2,Apartment,23.062275,72.571217,3000000.0
411,2,Apartment,23.1964319,72.6328106,2000000.0
3500,3,Apartment,23.0366663,72.5492165,3200000.0
600,1,Apartment,23.0111491,72.5132562,1100000.0
328,1,Apartment,23.0839289,72.6785883,1550000.0
486,1,Apartment,23.0839289,72.6785883,1650000.0
360,1,Apartment,22.9589978,72.6297981,800000.0
699,1,Apartment,22.9519183,72.6113595,1000000.0
774,2,Apartment,23.1632457,72.6500247,1900000.0
1161,2,Apartment,22.9589978,72.6297981,3000000.0
1035,2,Apartment,23.0111491,72.5132562,3000000.0
675,1,Apartment,22.9729765,72.5895984,1200000.0
850,2,Villa,22.9589978,72.6297981,4900000.0
675,2,Apartment,23.1632457,72.6500247,2250000.0
1075,2,Apartment,23.0111491,72.5132562,3300000.0
3000,4,Villa,22.9519183,72.6113595,8500000.0
950,2,Apartment,22.9589978,72.6297981,2500000.0
1000,3,Apartment,23.0839289,72.6785883,6000000.0
1130,2,Apartment,22.9618841,72.6078789,2500000.0
1080,2,Apartment,23.0258294,72.5430971,3200000.0
538,2,Apartment,22.9729765,72.5895984,3500000.0
600,1,Apartment,23.0787426,72.6681866,1000000.0
614,1,Apartment,23.2524609,72.4843063,1000000.0
1206,2,Apartment,22.9729765,72.5895984,7700000.0
990,3,Villa,22.9589978,72.6297981,4800000.0
675,1,Apartment,22.9589978,72.6297981,1350000.0
846,2,Apartment,23.0544607,72.53364,2500000.0
693,1,Apartment,23.2145657,72.6856816,1700000.0000000002
1140,2,Apartment,23.0839289,72.6785883,2200000.0
774,1,Apartment,23.1743872,72.8270334,1850000.0
1125,2,Apartment,22.9873418,72.611577,2700000.0
2250,6,Villa,22.9729765,72.5895984,7000000.0
972,2,Apartment,22.9943045,72.5781979,2000000.0
854,2,Apartment,23.2848545,72.4400144,4000000.0
612,1,Apartment,23.0850287,72.5941932,1500000.0
573,2,Apartment,22.9589978,72.6297981,4000000.0
900,2,Apartment,22.9589978,72.6297981,2500000.0
945,2,Apartment,22.9729765,72.5895984,2800000.0000000005
540,1,Apartment,22.9589978,72.6297981,950000.0
972,2,Apartment,22.9589978,72.6297981,2450000.0
1152,2,Apartment,23.0366663,72.5492165,3000000.0
540,1,Apartment,22.9729765,72.5895984,1500000.0
585,1,Apartment,22.9589978,72.6297981,1500000.0
738,1,Apartment,23.0891617,72.5597109,1800000.0
450,1,Apartment,23.0544607,72.53364,1700000.0000000002
603,1,Apartment,23.0398447,72.6298154,1500000.0
700,1,Apartment,23.2524609,72.4843063,1700000.0000000002
600,2,Apartment,22.9729765,72.5895984,3500000.0
600,1,Apartment,22.9729765,72.5895984,1500000.0
684,1,Apartment,22.9589978,72.6297981,1750000.0
693,1,Apartment,22.9729765,72.5895984,1800000.0
909,2,Apartment,22.9729765,72.5895984,2500000.0
765,1,Apartment,23.062275,72.571217,2000000.0
675,1,Apartment,22.9589978,72.6297981,1600000.0
810,2,Apartment,23.1632457,72.6500247,1750000.0
200,1,Apartment,22.9589978,72.6297981,1500000.0
540,2,Apartment,22.9729765,72.5895984,1300000.0
270,1,Apartment,22.9589978,72.6297981,1900000.0
400,1,Apartment,23.0398447,72.6298154,1200000.0
476,2,Apartment,22.9589978,72.6297981,2500000.0
594,1,Apartment,22.9589978,72.6297981,4000000.0
1125,2,Apartment,22.9729765,72.5895984,4000000.0
630,1,Apartment,22.9729765,72.5895984,1400000.0000000002
225,1,Apartment,22.9729765,72.5895984,750000.0
378,1,Apartment,22.9729765,72.5895984,550000.0
635,1,Apartment,22.9729765,72.5895984,950000.0
702,1,Apartment,22.9729765,72.5895984,1750000.0
750,1,Apartment,23.0787426,72.6681866,1300000.0
519,2,Apartment,23.1964319,72.6328106,3500000.0
900,2,Apartment,23.2522871,72.4840233,2551000.0
158,1,Apartment,22.9483926,72.5977854,1000000.0
379,1,Apartment,23.1964319,72.6328106,1300000.0
1260,3,Apartment,23.1743872,72.8270334,3800000.0
405,1,Apartment,22.9589978,72.6297981,700000.0000000001
810,2,Apartment,23.0191225,72.5500856,2600000.0
1214,3,Apartment,22.9729765,72.5895984,8500000.0
792,1,Apartment,22.9729765,72.5895984,1900000.0
468,1,Apartment,22.9729765,72.5895984,1250000.0
400,1,Apartment,23.1109557,72.5539974,850000.0000000001
486,1,Apartment,22.9729765,72.5895984,1380000.0
684,1,Apartment,22.9729765,72.5895984,850000.0000000001
675,1,Apartment,22.9589978,72.6297981,1700000.0000000002
1692,2,Villa,22.9729765,72.5895984,9000000.0
350,1,Apartment,22.9589978,72.6297981,2200000.0
765,1,Apartment,22.9729765,72.5895984,1750000.0
378,1,Apartment,22.9589978,72.6297981,2500000.0
450,1,Apartment,22.9589978,72.6297981,1600000.0
585,1,Apartment,22.9589978,72.6297981,1350000.0
648,1,Apartment,22.9589978,72.6297981,1650000.0
765,1,Apartment,22.9729765,72.5895984,2000000.0
731,1,Apartment,22.9729765,72.5895984,1500000.0
430,2,Apartment,22.9589978,72.6297981,2200000.0
1088,2,Apartment,23.0839289,72.6785883,10000000.0
1215,2,Apartment,23.0111491,72.5132562,3800000.0
1055,3,Villa,23.166292,72.8125255,9000000.0
1500,3,Apartment,22.9589978,72.6297981,3500000.0
450,1,Apartment,22.9729765,72.5895984,700000.0000000001
1143,2,Apartment,23.0257511,72.558716,3200000.0
450,2,Villa,22.9729765,72.5895984,1300000.0
380,1,Villa,22.9729765,72.5895984,1200000.0
945,2,Apartment,22.9943045,72.5781979,2300000.0
1250,2,Apartment,22.9614021,72.6079409,2500000.0
585,1,Apartment,22.9589978,72.6297981,1250000.0
1403,3,Apartment,22.9943045,72.5781979,3500000.0
612,1,Apartment,23.1632457,72.6500247,2000000.0
1100,2,Apartment,22.9729765,72.5895984,3200000.0
666,1,Apartment,23.2522871,72.4840233,1800000.0
509,2,Apartment,22.9729765,72.5895984,3100000.0
585,1,Apartment,22.9589978,72.6297981,1700000.0000000002
800,2,Apartment,23.0510656,72.6436615,2300000.0
1080,2,Apartment,23.1743872,72.8270334,2800000.0000000005
684,1,Apartment,23.0731757,72.6414355,2500000.0
945,2,Apartment,22.9589978,72.6297981,2400000.0
3500,4,Villa,23.0215374,72.5800568,9500000.0
1035,2,Apartment,23.0111491,72.5132562,2700000.0
550,2,Apartment,22.9589978,72.6297981,3100000.0
1062,3,Apartment,22.9589978,72.6297981,1950000.0
936,2,Apartment,23.0395285,72.67597,2200000.0
620,2,Apartment,23.1964319,72.6328106,2130000.0
914,1,Apartment,23.1743872,72.8270334,1400000.0000000002
1044,2,Apartment,23.0649034,72.5268918,3200000.0
641,2,Apartment,23.1109557,72.5539974,3200000.0
700,2,Apartment,22.9589978,72.6297981,4500000.0
639,1,Apartment,23.0649034,72.5268918,1600000.0
1150,2,Apartment,23.0298827,72.4746282,2950000.0
945,2,Apartment,23.0839289,72.6785883,2700000.0
990,4,Apartment,22.9969634,72.633455,4099999.9999999995
630,3,Villa,22.9729765,72.5895984,5000000.0
600,1,Apartment,23.0839289,72.6785883,1500000.0
1000,2,Apartment,22.9519183,72.6113595,2500000.0
774,1,Apartment,22.9729765,72.5895984,1700000.0000000002
900,2,Apartment,23.0111491,72.5132562,3750000.0
700,1,Apartment,23.1632457,72.6500247,1700000.0000000002
1125,2,Apartment,22.9811933,72.6319432,2500000.0
1665,3,Apartment,23.0086264,72.5479912,4099999.9999999995
560,2,Apartment,23.1579352,72.8006066,2475000.0
1242,2,Apartment,22.9729765,72.5895984,3200000.0
800,2,Villa,22.9729765,72.5895984,1800000.0
1227,3,Villa,22.9519183,72.6113595,6000000.0
621,1,Apartment,23.1073373,72.4916916,1490000.0
1125,2,Apartment,23.0366663,72.5492165,2650000.0
1206,2,Apartment,23.2145657,72.6856816,2450000.0
1000,2,Apartment,22.9811933,72.6319432,3200000.0
1399,2,Apartment,23.19328,72.6147415,4800000.0
900,2,Apartment,22.9811933,72.6319432,3200000.0
614,1,Apartment,23.2524609,72.4843063,950000.0
815,2,Apartment,23.0111491,72.5132562,5600000.000000001
1760,3,Apartment,22.9969634,72.633455,7500000.0
4950,5,Villa,23.1429051,72.5392248,42699999.99999999
1213,2,Apartment,23.0215374,72.5800568,4800000.0
2585,4,Apartment,23.04711,72.527537,16800000.0
619,2,Apartment,23.0328924,72.5604427,5000000.0
1085,2,Apartment,23.0328924,72.5604427,5167000.000000001
1700,3,Apartment,23.0716125,72.6367479,8500000.0
1725,3,Apartment,23.0162473,72.4517298,8500000.0
1215,2,Apartment,23.0366663,72.5492165,5500000.0
1500,3,Apartment,23.0546669,72.6392596,6700000.0
1140,2,Apartment,23.2144352,72.6861381,6000000.0
1503,3,Apartment,23.0716125,72.6367479,7000000.0
1470,3,Apartment,23.0215374,72.5800568,6700000.0
2313,4,Villa,23.1109557,72.5539974,32500000.0
1295,2,Apartment,23.1683691,72.81696,6200000.0
1075,2,Apartment,23.1683691,72.81696,5500000.0
1085,2,Apartment,23.0328924,72.5604427,6500000.0
1250,3,Apartment,23.0101298,72.4592167,6500000.0
1085,2,Apartment,23.0328924,72.5604427,5200000.0
1435,3,Apartment,23.1683691,72.81696,8000000.0
925,2,Apartment,23.2145657,72.6856816,5000000.0
1504,3,Apartment,23.0546669,72.6392596,9500000.0
1500,3,Apartment,23.0107147,72.4429208,11000000.0
924,2,Apartment,23.0839289,72.6785883,5100000.0
1860,3,Apartment,23.0107147,72.4429208,7800000.0
2225,2,Apartment,23.2145657,72.6856816,11500000.0
2825,4,Apartment,23.0107147,72.4429208,15000000.0
10242,5,Villa,23.0107147,72.4429208,122500000.0
1434,3,Apartment,23.0244466,72.5589826,8000000.0
2160,3,Apartment,23.0107147,72.4429208,11299999.999999998
4130,4,Apartment,23.0366663,72.5492165,25200000.0
1750,3,Apartment,23.0107147,72.4429208,7500000.0
1750,3,Apartment,23.0215374,72.5800568,8500000.0
7066,4,Apartment,23.0366663,72.5492165,42100000.0
2041,3,Apartment,23.0107147,72.4429208,19500000.0
4254,5,Apartment,23.04711,72.527537,28000000.0
1881,3,Apartment,22.99061,72.6367664,21500000.0
4518,3,Apartment,23.0215374,72.5800568,27500000.0
1504,3,Apartment,23.0546669,72.6392596,6800000.000000001
928,3,Apartment,23.0107147,72.4429208,7300000.0
3270,4,Apartment,23.04711,72.527537,16500000.0
1527,3,Apartment,23.0107147,72.4429208,6500000.0
2073,4,Apartment,23.04711,72.527537,30500000.0
1150,2,Apartment,23.0366663,72.5492165,5151000.0
1701,3,Apartment,23.0107147,72.4429208,8350000.0
1700,3,Apartment,23.0107147,72.4429208,8199999.999999999
7066,4,Apartment,22.9824283,72.4590034,44200000.0
1140,2,Apartment,23.0107147,72.4429208,5800000.0
3276,4,Villa,23.1109557,72.5539974,44500000.0
1761,3,Apartment,23.1429051,72.5392248,8500000.0
2750,3,Apartment,23.0107147,72.4429208,19100000.0
2638,3,Apartment,23.0107147,72.4429208,18000000.0
1485,3,Apartment,23.0271267,72.5226289,7300000.0
7020,4,Apartment,23.0215374,72.5800568,120000000.0
1750,3,Apartment,23.0366663,72.5492165,8000000.0
6579,4,Villa,23.2478221,72.4852775,81500000.0
6579,4,Villa,23.0215374,72.5800568,92500000.0
2460,4,Apartment,23.017704,72.4696021,15000000.0
2623,4,Apartment,23.0244466,72.5589826,17000000.0
3300,4,Apartment,23.0366663,72.5492165,19000000.0
1250,3,Apartment,23.0101298,72.4592167,5800000.0
7830,4,Villa,23.0107147,72.4429208,65000000.0
1750,3,Apartment,23.0366663,72.5492165,8350000.0
3264,4,Apartment,23.0181819,72.4681909,17500000.0
2357,4,Apartment,23.0107147,72.4429208,34000000.0
3538,4,Apartment,23.0107147,72.4429208,31000000.0
1782,3,Apartment,23.0107147,72.4429208,8500000.0
1760,3,Apartment,23.0107147,72.4429208,8000000.0
1701,3,Apartment,23.0162473,72.4517298,8000000.0
1827,3,Apartment,23.0107147,72.4429208,10000000.0
1750,3,Apartment,23.2145657,72.6856816,8400000.0
1290,2,Apartment,23.0107147,72.4429208,5400000.0
2990,4,Apartment,23.017704,72.4696021,17000000.0
2395,3,Apartment,23.0366663,72.5492165,13600000.000000002
1725,3,Apartment,23.0107147,72.4429208,9000000.0
759,3,Apartment,23.2145657,72.6856816,6800000.000000001
1200,2,Apartment,23.0107147,72.4429208,7900000.0
842,3,Apartment,23.0366663,72.5492165,8199999.999999999
2460,4,Apartment,23.0107147,72.4429208,14500000.0
1700,3,Apartment,23.0107147,72.4429208,8100000.000000001
2013,3,Apartment,23.0107147,72.4429208,16800000.0
2013,3,Apartment,23.04711,72.527537,12500000.0
1760,3,Apartment,23.0107147,72.4429208,7500000.0
2880,4,Apartment,23.0546669,72.6392596,15000000.0
6421,4,Apartment,23.0107147,72.4429208,45000000.0
2808,4,Apartment,23.1109557,72.5539974,45000000.0
10746,4,Apartment,23.085701,72.9573199,100000000.0
2398,3,Apartment,23.0215374,72.5800568,14400000.0
2585,4,Apartment,23.0215374,72.5800568,19200000.0
3291,4,Apartment,23.0107147,72.4429208,23400000.0
1504,3,Apartment,23.0546669,72.6392596,7500000.0
1457,3,Apartment,23.017704,72.4696021,7500000.0
1434,3,Apartment,23.0107147,72.4429208,7500000.0
1035,2,Villa,23.0107147,72.4429208,27000000.0
5850,4,Villa,23.0107147,72.4429208,60000000.0
1475,3,Apartment,23.0473463,72.5479444,8400000.0
1520,3,Apartment,23.0107147,72.4429208,7200000.0
858,3,Apartment,23.2145657,72.6856816,8350000.0
858,3,Apartment,23.0162473,72.4517298,7000000.0
2460,4,Apartment,23.017704,72.4696021,14000000.0
12928,4,Villa,23.087526,72.536757,90500000.0
8451,4,Apartment,23.087526,72.536757,59200000.0
1510,3,Apartment,23.0328924,72.5604427,7100000.0
1228,2,Apartment,23.0107147,72.4429208,5800000.0
1340,3,Apartment,23.0366663,72.5492165,6000000.0
1783,3,Apartment,23.0716125,72.6367479,8400000.0
1470,3,Apartment,23.0111491,72.5132562,7800000.0
1510,3,Apartment,23.0054282,72.4529068,6800000.000000001
1500,3,Apartment,23.0232163,72.4708784,7400000.0
583,2,Apartment,23.0328924,72.5604427,5200000.0
2700,3,Villa,23.1632457,72.6500247,29000000.0
2313,4,Villa,23.1109557,72.5539974,34000000.0
2073,4,Apartment,23.2145657,72.6856816,27500000.0
1436,3,Apartment,23.2145657,72.6856816,7200000.0
2376,4,Villa,22.9790982,72.4584095,25000000.0
3784,4,Apartment,23.0366663,72.5492165,31100000.0
1594,3,Apartment,23.0107147,72.4429208,7000000.0
1462,3,Apartment,23.0107147,72.4429208,6200000.0
2610,4,Villa,22.9790982,72.4584095,25000000.0
2313,4,Villa,23.0107147,72.4429208,35500000.0
2817,3,Villa,23.0051587,72.4568468,28000000.0
2421,4,Villa,23.1109557,72.5539974,33200000.0
2700,3,Apartment,23.0716125,72.6367479,27100000.0
1694,4,Apartment,23.0107147,72.4429208,23500000.0
1800,4,Villa,23.0366663,72.5492165,23500000.0
1380,2,Apartment,23.2145657,72.6856816,6450000.0
1760,3,Apartment,23.0107147,72.4429208,8149999.999999999
4075,4,Apartment,23.0366663,72.5492165,21500000.0
1750,3,Apartment,23.0366663,72.5492165,8100000.000000001
4515,4,Apartment,23.2145657,72.6856816,23100000.0
4130,4,Apartment,23.0215374,72.5800568,25800000.0
2623,4,Apartment,23.0244466,72.5589826,17400000.0
1260,2,Apartment,23.0107147,72.4429208,5200000.0
1510,3,Apartment,23.0366663,72.5492165,7000000.0
1750,3,Apartment,23.1683691,72.81696,8500000.0
1340,3,Apartment,23.0107147,72.4429208,5800000.0
1500,3,Apartment,23.0546669,72.6392596,6800000.000000001
1750,3,Apartment,23.0215374,72.5800568,8199999.999999999
1350,3,Villa,22.9793507,72.4530971,13500000.0
1857,3,Apartment,23.0366663,72.5492165,9500000.0
1084,2,Apartment,23.2145657,72.6856816,5100000.0
1760,3,Apartment,23.0215374,72.5800568,8400000.0
1069,2,Apartment,23.0012666,72.5877721,5500000.0
1435,3,Apartment,23.1683691,72.81696,7500000.0
1410,3,Apartment,23.0012666,72.5877721,16000000.0
1750,3,Apartment,22.9916549,72.4725923,7600000.0
1750,3,Apartment,22.9916549,72.4725923,7500000.0
4508,5,Apartment,23.0107147,72.4429208,40000000.0
2990,4,Apartment,23.04711,72.527537,16299999.999999998
2990,4,Apartment,23.017704,72.4696021,16399999.999999998
2150,4,Apartment,23.0107147,72.4429208,25500000.0
4550,4,Apartment,23.2145657,72.6856816,29600000.0
3538,4,Apartment,23.1109557,72.5539974,21900000.0
968,3,Apartment,23.0162473,72.4517298,7200000.0
625,2,Apartment,23.2145657,72.6856816,4600000.0
968,3,Apartment,23.2145657,72.6856816,7400000.0
1290,2,Apartment,23.0107147,72.4429208,4800000.0
1280,2,Apartment,23.0107147,72.4429208,5300000.0
909,3,Apartment,23.0107147,72.4429208,6500000.0
1295,2,Apartment,23.0107147,72.4429208,5600000.000000001
574,2,Apartment,23.2125309,72.684767,4900000.0
1340,3,Apartment,23.0366663,72.5492165,6000000.0
5050,4,Apartment,23.0107147,72.4429208,28000000.0
3121,4,Apartment,23.2145657,72.6856816,23000000.0
2585,4,Apartment,23.04711,72.527537,16000000.0
2623,4,Apartment,23.0366663,72.5492165,17500000.0
2634,3,Apartment,23.0366663,72.5492165,13200000.0
1610,3,Apartment,23.0107147,72.4429208,5957000.0
1760,3,Apartment,22.9946911,72.6151513,6600000.0
1750,3,Apartment,23.0107147,72.4429208,7175000.0
1750,3,Apartment,23.0107147,72.4429208,7000000.0
4690,4,Apartment,23.2145657,72.6856816,28200000.0
1800,3,Apartment,23.0107147,72.4429208,8100000.000000001
2815,4,Apartment,22.996342,72.5043085,13799999.999999998
2007,3,Apartment,22.996342,72.5043085,9900000.0
2041,3,Apartment,23.04711,72.527537,14200000.0
1750,3,Apartment,23.0107147,72.4429208,7200000.0
1340,3,Apartment,23.0107147,72.4429208,5900000.0
1985,3,Apartment,23.017704,72.4696021,13000000.0
1250,3,Apartment,23.0101298,72.4592167,6400000.0
3291,4,Apartment,23.0107147,72.4429208,19400000.0
2778,3,Apartment,23.0107147,72.4429208,15500000.0
7461,4,Apartment,23.0107147,72.4429208,51100000.0
3291,4,Apartment,23.0012666,72.5877721,19700000.0
3291,4,Apartment,23.0012666,72.5877721,19100000.0
1761,3,Apartment,23.1429051,72.5392248,8400000.0
3151,4,Apartment,23.0215374,72.5800568,21100000.0
2740,3,Apartment,23.0012666,72.5877721,16399999.999999998
1730,3,Apartment,23.0107147,72.4429208,7900000.0
2990,4,Apartment,23.04711,72.527537,14400000.0
1610,3,Apartment,23.0107147,72.4429208,6600000.0
1985,3,Apartment,23.0366663,72.5492165,15000000.0
1701,3,Apartment,23.0107147,72.4429208,8500000.0
1730,3,Apartment,23.0366663,72.5492165,9100000.0
1130,2,Apartment,23.0107147,72.4429208,5850000.0
2395,3,Apartment,23.04711,72.527537,12000000.0
1085,2,Apartment,23.0328924,72.5604427,4800000.0
1425,3,Apartment,23.1683691,72.81696,6500000.0
968,3,Apartment,22.9916549,72.4725923,8199999.999999999
1526,2,Apartment,23.0110669,72.5137432,8500000.0
1590,3,Apartment,23.0107147,72.4429208,7300000.0
1750,3,Apartment,23.0107147,72.4429208,8300000.0
9254,5,Villa,23.087526,72.536757,64800000.00000001
8037,4,Villa,23.087526,72.536757,56300000.0
6788,4,Apartment,23.087526,72.536757,47500000.0
2825,4,Apartment,23.0716125,72.6367479,16200000.000000002
916,3,Apartment,22.9916549,72.4725923,10000000.0
625,2,Apartment,23.0107147,72.4429208,6000000.0
1280,2,Apartment,23.0107147,72.4429208,5100000.0
1800,4,Villa,23.1429051,72.5392248,24000000.0
816,3,Apartment,23.1683691,72.81696,8300000.0
1760,3,Apartment,22.9946911,72.6151513,8500000.0
1495,2,Apartment,23.0110669,72.5137432,6800000.000000001
3291,4,Apartment,23.0107147,72.4429208,19200000.0
2740,3,Apartment,23.0215374,72.5800568,18700000.0
1783,3,Apartment,23.0181819,72.4681909,8400000.0
1085,2,Apartment,23.0328924,72.5604427,5100000.0
1750,3,Apartment,23.0107147,72.4429208,8000000.0
1750,3,Apartment,23.0215374,72.5800568,8000000.0
2585,4,Apartment,23.04711,72.527537,22100000.0
1985,3,Apartment,23.0107147,72.4429208,13000000.0
1701,3,Apartment,23.0107147,72.4429208,7800000.0
1790,3,Apartment,23.0366663,72.5492165,8199999.999999999
3270,4,Apartment,23.0366663,72.5492165,21200000.0
2585,4,Apartment,23.0107147,72.4429208,17000000.0
2990,4,Apartment,23.0458191,72.5523558,20000000.0
2395,3,Apartment,23.0676665,72.5721746,15500000.0
1485,3,Apartment,23.0107147,72.4429208,7300000.0
2943,3,Villa,23.0051587,72.4568468,42000000.0
2589,4,Apartment,23.0215374,72.5800568,23000000.0
1464,3,Apartment,23.0107147,72.4429208,16000000.0
2623,4,Apartment,23.0366663,72.5492165,15500000.0
2585,4,Apartment,23.0215374,72.5800568,17500000.0
1085,2,Apartment,23.2145657,72.6856816,5699999.999999999
1067,2,Apartment,23.0107147,72.4429208,4321000.0
1280,2,Apartment,23.2145657,72.6856816,5300000.0
1260,2,Apartment,23.0107147,72.4429208,5100000.0
1494,3,Apartment,23.0271267,72.5226289,6600000.0
1340,3,Apartment,23.0107147,72.4429208,6050000.0
1760,3,Apartment,23.0107147,72.4429208,7392000.0
1436,3,Apartment,23.2145657,72.6856816,11000000.0
2990,4,Apartment,23.0107147,72.4429208,13799999.999999998
1340,3,Apartment,23.1143235,72.5587865,6200000.0
1436,3,Apartment,23.0107147,72.4429208,13000000.0
2395,3,Apartment,23.0107147,72.4429208,11500000.0
3291,4,Apartment,23.0012666,72.5877721,19500000.0
2740,3,Apartment,23.2145657,72.6856816,16399999.999999998
1220,2,Apartment,23.2145657,72.6856816,4697000.0
1760,3,Apartment,23.0107147,72.4429208,8300000.0
1596,3,Apartment,23.0107147,72.4429208,7200000.0
1290,2,Apartment,23.0107147,72.4429208,4515000.0
1850,3,Apartment,23.0215374,72.5800568,6700000.0
1827,3,Apartment,22.9779487,72.6314285,7306000.0
1750,3,Apartment,23.0107147,72.4429208,7900000.0
1340,3,Apartment,23.0107147,72.4429208,6000000.0
1760,3,Apartment,23.0107147,72.4429208,7600000.0
1340,3,Apartment,23.0012666,72.5877721,7500000.0
5400,4,Villa,22.9917111,72.4628991,57500000.0
1883,3,Apartment,23.0107147,72.4429208,8400000.0
864,3,Apartment,23.0107147,72.4429208,7200000.0
2761,3,Apartment,23.0107147,72.4429208,11000000.0
1413,3,Apartment,23.0716125,72.6367479,13500000.0
3010,4,Apartment,23.0546669,72.6392596,15500000.0
3035,4,Apartment,23.2145657,72.6856816,14000000.0
842,3,Apartment,23.0107147,72.4429208,8500000.0
4130,4,Apartment,23.0107147,72.4429208,24500000.0
6579,4,Villa,23.0366663,72.5492165,81100000.0
2646,3,Villa,23.0069624,72.5440056,22500000.0
1872,3,Villa,22.9793507,72.4530971,15000000.0
1500,3,Apartment,23.0366663,72.5492165,7500000.0
1750,3,Apartment,23.0107147,72.4429208,7600000.0
8358,4,Apartment,23.0107147,72.4429208,50100000.0
5589,4,Apartment,23.0215374,72.5800568,32500000.0
1200,2,Apartment,23.0215374,72.5800568,4900000.0
1200,2,Apartment,23.0366663,72.5492165,4800000.0
1760,3,Apartment,22.9946911,72.6151513,7850000.0
700,2,Apartment,23.0366663,72.5492165,4400000.0
1760,3,Apartment,23.0107147,72.4429208,6776000.0
4690,4,Villa,23.0107147,72.4429208,34000000.0
1700,3,Apartment,23.0215374,72.5800568,6899999.999999999
3291,4,Apartment,23.0366663,72.5492165,22000000.0
2598,3,Apartment,23.0107147,72.4429208,17500000.0
1750,3,Apartment,23.0366663,72.5492165,7300000.0
1340,3,Apartment,23.0107147,72.4429208,5600000.000000001
1730,3,Apartment,23.1683691,72.81696,8000000.0
1462,3,Apartment,23.0107147,72.4429208,5200000.0
1760,3,Apartment,23.0107147,72.4429208,7500000.0
1510,3,Apartment,23.0215374,72.5800568,6500000.0
1500,3,Apartment,23.0215374,72.5800568,6800000.000000001
1250,2,Apartment,23.0107147,72.4429208,4875000.0
2385,4,Apartment,23.1109557,72.5539974,35000000.0
4266,4,Apartment,23.1429051,72.5392248,35000000.0
1464,3,Apartment,23.0107147,72.4429208,16500000.0
1210,2,Apartment,23.0215374,72.5800568,5500000.0
2623,4,Apartment,23.2145657,72.6856816,14200000.0
1760,3,Apartment,23.0107147,72.4429208,6100000.0
1509,3,Apartment,23.2145657,72.6856816,6600000.0
1260,2,Apartment,23.0107147,72.4429208,5400000.0
1760,3,Apartment,22.9946911,72.6151513,7300000.0
1881,3,Apartment,23.0716125,72.6367479,19000000.0
1590,3,Apartment,23.0215374,72.5800568,6042000.0
1436,3,Apartment,23.0107147,72.4429208,6700000.0
3270,4,Apartment,23.0107147,72.4429208,18300000.0
642,2,Apartment,23.017704,72.4696021,3850000.0
1725,3,Apartment,23.0162473,72.4517298,8000000.0
762,3,Apartment,23.0012666,72.5877721,6500000.0
667,2,Apartment,23.0012666,72.5877721,6500000.0
1508,3,Apartment,23.2145657,72.6856816,8500000.0
1510,3,Apartment,23.0328924,72.5604427,7200000.0
2160,3,Apartment,23.0107147,72.4429208,10800000.0
1213,2,Apartment,23.0107147,72.4429208,3800000.0
1440,3,Apartment,23.0546669,72.6392596,8400000.0
2598,3,Apartment,22.9824283,72.4590034,18800000.0
1530,2,Apartment,23.0110669,72.5137432,8500000.0
1750,3,Apartment,23.0215374,72.5800568,4490000.0
928,3,Apartment,23.2145657,72.6856816,8500000.0
1140,2,Apartment,23.0215374,72.5800568,5400000.0
5000,4,Apartment,23.0215374,72.5800568,43000000.0
1716,3,Apartment,23.0215374,72.5800568,9000000.0
2500,4,Apartment,23.0366663,72.5492165,12500000.0
1350,3,Apartment,23.0107147,72.4429208,13500000.0
3121,4,Apartment,23.0012666,72.5877721,18500000.0
1730,3,Apartment,23.0215374,72.5800568,6100000.0
1710,4,Villa,23.1429051,72.5392248,22500000.0
1760,3,Apartment,22.9946911,72.6151513,9000000.0
4130,4,Apartment,22.9824283,72.4590034,22700000.0
1760,3,Apartment,23.0107147,72.4429208,6687999.999999999
3200,4,Apartment,23.0328924,72.5604427,14000000.0
900,2,Apartment,23.0276996,72.5579376,3500000.0
1067,2,Apartment,23.0107147,72.4429208,4700000.0
1200,2,Apartment,23.0328924,72.5604427,4500000.0
1935,4,Villa,23.0069624,72.5440056,17000000.0
1863,3,Apartment,23.0716125,72.6367479,14900000.0
1150,2,Apartment,23.2145657,72.6856816,5100000.0
1100,2,Apartment,23.0107147,72.4429208,4300000.0
3538,4,Apartment,23.0107147,72.4429208,21000000.0
3151,4,Apartment,23.0107147,72.4429208,18500000.0
2041,3,Apartment,23.0107147,72.4429208,12900000.0
1985,3,Apartment,23.0107147,72.4429208,12000000.0
714,1,Apartment,23.0839289,72.6785883,4200000.0
1505,3,Apartment,23.0546669,72.6392596,6500000.0
1140,2,Apartment,23.2144352,72.6861381,5200000.0
1350,3,Apartment,23.0101298,72.4592167,5699999.999999999
1084,2,Apartment,22.5693996,72.9575577,4200000.0
7830,4,Villa,23.0215374,72.5800568,65000000.0
1250,3,Apartment,22.9916549,72.4725923,9000000.0
738,3,Apartment,23.0012666,72.5877721,5750000.0
1436,3,Apartment,22.8118046,72.7490972,7500000.0
8640,3,Apartment,23.1429051,72.5392248,8096000.0
1701,3,Apartment,23.0162473,72.4517298,8350000.0
1080,2,Villa,23.0279444,72.4956755,4200000.0
6300,4,Apartment,23.0107147,72.4429208,14000000.0
1750,3,Apartment,23.0215374,72.5800568,6300000.0
2925,3,Villa,23.0215374,72.5800568,24000000.0
1260,3,Apartment,23.0101298,72.4592167,6700000.0
1295,2,Apartment,23.2990325,72.4371042,5800000.0
1000,3,Apartment,23.0181819,72.4681909,7300000.0
1701,3,Apartment,23.0162473,72.4517298,6899999.999999999
11430,3,Apartment,23.0107147,72.4429208,130800000.0
2738,3,Apartment,23.0012666,72.5877721,15100000.0
1520,3,Apartment,22.9916549,72.4725923,6200000.0
1525,3,Apartment,23.0107147,72.4429208,6500000.0
1800,4,Villa,23.1429051,72.5392248,21100000.0
1215,2,Apartment,23.0012666,72.5877721,5400000.0
1069,2,Apartment,23.0012666,72.5877721,5300000.0
2850,4,Apartment,23.0716125,72.6367479,12800000.0
1170,2,Apartment,23.2144352,72.6861381,5500000.0
1295,2,Apartment,23.1683691,72.81696,6500000.0
5883,4,Villa,23.087526,72.536757,35000000.0
2988,4,Apartment,23.0215374,72.5800568,15600000.0
1295,2,Apartment,23.2990325,72.4371042,6500000.0
1510,3,Apartment,23.0366663,72.5492165,8600000.0
2772,4,Apartment,22.99061,72.6367664,25099999.999999996
1200,2,Apartment,23.2144352,72.6861381,7500000.0
1400,3,Apartment,23.017704,72.4696021,15000000.0
2013,3,Apartment,23.0107147,72.4429208,15000000.0
1500,3,Apartment,23.2145657,72.6856816,6500000.0
1085,2,Apartment,23.0328924,72.5604427,4500000.0
1510,3,Apartment,23.0328924,72.5604427,6300000.0
559,2,Apartment,23.0107147,72.4429208,5300000.0
735,3,Apartment,23.0012666,72.5877721,5900000.0
923,2,Apartment,23.0069624,72.5440056,4500000.0
2845,4,Apartment,23.0107147,72.4429208,11000000.0
3291,4,Apartment,23.0012666,72.5877721,19700000.0
697,1,Apartment,23.0839289,72.6785883,2500000.0
1220,2,Apartment,23.0107147,72.4429208,4500000.0
1610,3,Apartment,23.0366663,72.5492165,6038000.0
4518,3,Apartment,23.0054282,72.4529068,27500000.0
2638,3,Apartment,23.0012666,72.5877721,18500000.0
1510,3,Apartment,23.0328924,72.5604427,6200000.0
1140,2,Apartment,23.2145657,72.6856816,5400000.0
1701,3,Apartment,23.0162473,72.4517298,8100000.000000001
700,2,Apartment,23.2990325,72.4371042,14000000.0
1300,2,Apartment,23.04711,72.527537,6200000.0
2700,4,Apartment,23.1429051,72.5392248,34000000.0
1760,3,Apartment,23.0107147,72.4429208,6600000.0
1760,3,Apartment,22.9946911,72.6151513,8000000.0
1590,3,Apartment,23.2145657,72.6856816,7000000.0
4515,4,Apartment,23.0107147,72.4429208,23000000.0
1250,3,Apartment,23.0215374,72.5800568,6000000.0
1440,3,Apartment,23.0546669,72.6392596,9200000.0
1485,3,Apartment,23.0012666,72.5877721,18000000.0
1085,2,Apartment,23.0328924,72.5604427,5200000.0
1435,3,Apartment,23.1683691,72.81696,7700000.0
1500,3,Apartment,23.0366663,72.5492165,7800000.0
647,2,Apartment,23.1683691,72.81696,6500000.0
1701,3,Apartment,23.0162473,72.4517298,8500000.0
1200,3,Apartment,23.0101298,72.4592167,5600000.000000001
1510,3,Apartment,23.0215374,72.5800568,6211000.0
792,3,Apartment,23.017704,72.4696021,8300000.0
1340,3,Apartment,23.0215374,72.5800568,6500000.0
1280,2,Apartment,23.0716125,72.6367479,5300000.0
1550,3,Apartment,23.0244466,72.5589826,7750000.0
2460,4,Apartment,23.017704,72.4696021,13899999.999999998
1510,3,Apartment,23.0328924,72.5604427,8000000.0
3264,4,Apartment,23.0181819,72.4681909,17500000.0
1340,3,Apartment,23.0012666,72.5877721,6100000.0
1709,3,Apartment,23.2144352,72.6861381,9000000.0
3500,3,Apartment,22.9946911,72.6151513,16000000.0
3500,3,Villa,22.9946911,72.6151513,15000000.0
809,3,Apartment,23.017704,72.4696021,9000000.0
1069,2,Apartment,23.0012666,72.5877721,6000000.0
1250,3,Apartment,23.0101298,72.4592167,6000000.0
2041,3,Apartment,23.0244466,72.5589826,19500000.0
1391,3,Apartment,22.9916549,72.4725923,10000000.0
900,3,Apartment,23.0162473,72.4517298,7900000.0
968,3,Apartment,22.9946911,72.6151513,9700000.0
7000,4,Apartment,23.1109557,72.5539974,45000000.0
1701,3,Apartment,23.0162473,72.4517298,8400000.0
1440,3,Apartment,23.0546669,72.6392596,7000000.0
1340,3,Apartment,23.1109557,72.5539974,19700000.0
1410,3,Apartment,23.0012666,72.5877721,18800000.0
1510,3,Apartment,23.0328924,72.5604427,7100000.0
1560,3,Apartment,23.0328924,72.5604427,7200000.0
3300,4,Villa,23.0107147,72.4429208,22000000.0
789,3,Apartment,23.0107147,72.4429208,8800000.0
1285,2,Apartment,23.0107147,72.4429208,5000000.0
1505,3,Apartment,23.0366663,72.5492165,7000000.0
1475,3,Apartment,23.0215374,72.5800568,7200000.0
1435,3,Apartment,23.1683691,72.81696,8000000.0
1435,3,Apartment,23.0107147,72.4429208,8700000.0
1510,3,Apartment,23.0328924,72.5604427,5800000.0
1764,3,Apartment,23.0107147,72.4429208,10000000.0
3121,4,Apartment,23.0107147,72.4429208,20000000.0
4279,3,Apartment,23.0107147,72.4429208,23500000.0
1709,3,Apartment,23.0107627,72.5029102,9000000.0
650,1,Apartment,23.0839289,72.6785883,2700000.0
1200,2,Apartment,23.0107147,72.4429208,5800000.0
1285,2,Apartment,23.0107147,72.4429208,6400000.0
901,3,Apartment,22.9916549,72.4725923,6500000.0
960,2,Apartment,22.9935397,72.470143,8000000.0
1783,3,Apartment,23.0107147,72.4429208,7489000.0
1000,2,Apartment,23.0110669,72.5137432,8500000.0
1085,2,Apartment,23.0328924,72.5604427,4921000.0
875,3,Apartment,23.0107147,72.4429208,8000000.0
1800,3,Apartment,23.0366663,72.5492165,7500000.0
3291,4,Apartment,23.0215374,72.5800568,23200000.0
1085,2,Apartment,23.0328924,72.5604427,5100000.0
1050,2,Apartment,23.0132056,72.4535011,5500000.0
5850,4,Villa,23.0231795,72.4711881,52500000.0
1435,3,Apartment,23.0107147,72.4429208,7500000.0
1520,3,Apartment,22.9916549,72.4725923,7100000.0
585,1,Apartment,23.0839289,72.6785883,2100000.0
650,1,Apartment,23.0839289,72.6785883,2600000.0
1750,3,Apartment,23.0107147,72.4429208,7800000.0
1140,2,Apartment,23.0107627,72.5029102,5000000.0
1880,3,Apartment,23.0107147,72.4429208,8000000.0
1500,3,Apartment,23.0107627,72.5029102,8100000.000000001
1295,2,Apartment,23.1683691,72.81696,7600000.0
1140,2,Apartment,23.0107627,72.5029102,5500000.0
646,1,Apartment,23.0839289,72.6785883,3000000.0
646,1,Apartment,23.0839289,72.6785883,3600000.0
1590,3,Apartment,23.0215374,72.5800568,7000000.0
1295,2,Apartment,23.2990325,72.4371042,6300000.0
1285,2,Apartment,23.2145657,72.6856816,5500000.0
3015,3,Villa,23.2417722,72.503107,17000000.0
1783,3,Apartment,23.0107147,72.4429208,6686000.0
1783,3,Apartment,23.2145657,72.6856816,8500000.0
1285,2,Apartment,22.9935397,72.470143,5400000.0
1340,3,Apartment,23.0012666,72.5877721,6700000.0
2585,4,Apartment,23.0215374,72.5800568,20000000.0
5837,4,Apartment,23.0107147,72.4429208,37900000.0
1510,3,Apartment,23.0328924,72.5604427,5436000.0
646,1,Apartment,23.0839289,72.6785883,2300000.0
2250,3,Villa,23.0215374,72.5800568,30000000.0
3291,4,Apartment,22.9824283,72.4590034,18500000.0
1880,3,Apartment,23.0107147,72.4429208,7800000.0
3270,4,Apartment,23.04711,72.527537,21300000.0
1590,3,Apartment,22.9935397,72.470143,6800000.000000001
1655,3,Apartment,23.0107147,72.4429208,7500000.0
1230,2,Apartment,23.0366663,72.5492165,5500000.0
1285,2,Apartment,23.0107147,72.4429208,5300000.0
1880,3,Apartment,23.2145657,72.6856816,8900000.0
1505,3,Apartment,23.0215374,72.5800568,6200000.0
1295,2,Apartment,23.1683691,72.81696,7600000.0
1700,3,Apartment,23.0107147,72.4429208,6500000.0
1750,3,Apartment,23.2145657,72.6856816,8000000.0
1100,2,Apartment,23.0107147,72.4429208,4600000.0
646,1,Apartment,23.0839289,72.6785883,2520000.0
1251,3,Apartment,23.0101298,72.4592167,6200000.0
1300,3,Apartment,23.0215374,72.5800568,6500000.0
1550,3,Apartment,23.0107147,72.4429208,9000000.0
1300,2,Apartment,23.0325126,72.512482,6200000.0
1435,3,Apartment,23.0326231,72.5709891,7800000.0
2625,4,Apartment,23.0366663,72.5492165,17500000.0
1435,3,Apartment,23.1683691,72.81696,8000000.0
1503,3,Apartment,23.017704,72.4696021,5500000.0
2825,4,Apartment,23.0366663,72.5492165,13000000.0
3580,3,Apartment,23.2145657,72.6856816,19700000.0
4218,4,Apartment,23.0215374,72.5800568,27100000.0
735,1,Apartment,23.0839289,72.6785883,3700000.0
1435,3,Apartment,23.2145657,72.6856816,7000000.0
3291,4,Apartment,23.0012666,72.5877721,19600000.0
1510,3,Apartment,23.0328924,72.5604427,7400000.0
2610,4,Villa,22.9790982,72.4584095,26500000.0
646,1,Apartment,23.0215374,72.5800568,2600000.0
1500,3,Apartment,23.0107147,72.4429208,7500000.0
2395,3,Apartment,23.017704,72.4696021,11100000.000000002
1053,2,Apartment,23.0328924,72.5604427,5200000.0
4515,4,Apartment,23.0107147,72.4429208,23100000.0
1285,2,Apartment,23.0107147,72.4429208,6500000.0
1425,3,Apartment,23.1683691,72.81696,6300000.0
1085,2,Apartment,23.0366663,72.5492165,5000000.0
1435,3,Apartment,23.0107147,72.4429208,6800000.000000001
1872,3,Apartment,23.0107147,72.4429208,14000000.0
1800,3,Apartment,23.017704,72.4696021,20000000.0
2990,4,Apartment,23.0107147,72.4429208,14900000.0
1435,3,Apartment,23.2145657,72.6856816,6899999.999999999
1725,3,Apartment,23.0162473,72.4517298,7800000.0
1084,2,Apartment,23.0215374,72.5800568,4800000.0
1700,3,Apartment,23.0107147,72.4429208,8750000.0
1200,2,Apartment,23.0215374,72.5800568,6500000.0
1750,3,Apartment,23.0107147,72.4429208,7600000.0
3291,4,Apartment,23.0215374,72.5800568,19800000.0
1725,3,Apartment,23.0162473,72.4517298,6400000.0
2584,4,Apartment,23.0215374,72.5800568,16900000.0
1505,3,Apartment,23.2145657,72.6856816,6700000.0
925,2,Apartment,23.2145657,72.6856816,4600000.0
2241,3,Villa,23.2417722,72.503107,18500000.0
1520,3,Apartment,22.9916549,72.4725923,7200000.0
1285,2,Apartment,22.9935397,72.470143,5800000.0
1434,3,Apartment,23.1683691,72.81696,7500000.0
1248,3,Apartment,23.0101298,72.4592167,5699999.999999999
1436,3,Apartment,23.0244466,72.5589826,9000000.0
3800,2,Apartment,23.0696408,72.4410503,250000000.0
9900,3,Villa,23.0034204,72.5736802,90000000.0
7209,4,Apartment,23.0696408,72.4410503,55000000.0
1356,2,Apartment,23.0676665,72.5721746,5100000.0
1602,4,Villa,23.0676665,72.5721746,15000000.0
644,2,Apartment,23.0676665,72.5721746,4400000.0
1035,2,Apartment,23.0676665,72.5721746,3600000.0
2232,3,Apartment,23.0676665,72.5721746,14000000.0
1485,3,Apartment,23.0676665,72.5721746,4450000.0
400,1,Apartment,23.0676665,72.5721746,2500000.0
1755,3,Apartment,23.0676665,72.5721746,6500000.0
1163,2,Apartment,23.0676665,72.5721746,3651000.0
1350,2,Apartment,23.0676665,72.5721746,4400000.0
990,2,Apartment,23.0676665,72.5721746,4099999.9999999995
857,3,Apartment,23.0676665,72.5721746,6500000.0
1530,3,Apartment,23.0676665,72.5721746,6000000.0
1548,2,Apartment,23.0676665,72.5721746,6200000.0
648,2,Apartment,23.096739,72.6517728,5500000.0
1305,2,Apartment,23.0676665,72.5721746,4500000.0
1305,2,Apartment,23.0676665,72.5721746,4500000.0
811,3,Apartment,23.0676665,72.5721746,5800000.0
1035,2,Apartment,23.0676665,72.5721746,5000000.0
1440,2,Apartment,23.2294787,72.7273294,4800000.0
1545,3,Apartment,23.2145657,72.6856816,9000000.0
1800,3,Apartment,23.2294787,72.7273294,7200000.0
1845,3,Apartment,23.1201139,72.6251307,6300000.0
2106,3,Apartment,22.968738,72.6513756,6800000.000000001
2448,3,Apartment,22.968738,72.6513756,7200000.0
1710,3,Apartment,23.2145657,72.6856816,8500000.0
1250,3,Apartment,23.2294787,72.7273294,6500000.0
2601,4,Apartment,23.2294787,72.7273294,15100000.0
891,2,Apartment,23.2294787,72.7273294,5500000.0
2025,3,Apartment,23.2145657,72.6856816,6413000.0
1193,3,Apartment,23.2294787,72.7273294,7500000.0
1512,2,Apartment,22.968738,72.6513756,5000000.0
1350,2,Apartment,23.2294787,72.7273294,4300000.0
1530,2,Apartment,23.2294787,72.7273294,4845000.0
1350,2,Apartment,23.2145657,72.6856816,3800000.0
1305,2,Apartment,23.0215374,72.5800568,4200000.0
2340,4,Apartment,23.1429051,72.5392248,30000000.0
1620,4,Apartment,23.166292,72.8125255,19500000.0
1260,2,Apartment,23.2294787,72.7273294,4200000.0
1350,2,Apartment,23.2294787,72.7273294,4800000.0
2115,3,Apartment,23.2294787,72.7273294,6400000.0
1404,2,Apartment,23.2294787,72.7273294,4300000.0
1953,3,Apartment,23.2294787,72.7273294,6100000.0
2232,3,Apartment,23.2294787,72.7273294,8500000.0
1440,2,Apartment,23.2294787,72.7273294,4200000.0
2250,3,Apartment,23.2145657,72.6856816,9500000.0
1539,3,Apartment,23.2294787,72.7273294,7000000.0
1584,2,Apartment,23.2294787,72.7273294,4000000.0
1188,2,Apartment,23.0215374,72.5800568,3200000.0
2070,3,Apartment,23.2294787,72.7273294,6200000.0
1413,2,Apartment,23.2294787,72.7273294,4000000.0
1791,3,Apartment,23.2840623,72.4400098,7000000.0
355,2,Apartment,23.0097167,72.5076274,3200000.0
810,3,Apartment,23.2935817,72.3290988,15000000.0
1000,2,Apartment,23.2145657,72.6856816,5000000.0
900,2,Apartment,23.2935817,72.3290988,5000000.0
963,2,Apartment,23.2294787,72.7273294,3000000.0
2608,4,Apartment,23.1579352,72.8006066,12500000.0
2628,4,Apartment,23.1579352,72.8006066,11500000.0
665,2,Apartment,23.062275,72.571217,4500000.0
1404,2,Apartment,23.0215374,72.5800568,3975000.0
1220,3,Apartment,23.2294787,72.7273294,5300000.0
1395,3,Apartment,23.0829627,72.5906964,10000000.0
1250,2,Apartment,22.968738,72.6513756,4000000.0
1107,2,Apartment,23.2294787,72.7273294,3500000.0
1539,3,Apartment,22.968738,72.6513756,4500000.0
1782,3,Apartment,23.2840623,72.4400098,4400000.0
1530,3,Apartment,23.2294787,72.7273294,4300000.0
1098,2,Apartment,23.2294787,72.7273294,3355000.0
1440,2,Apartment,23.2294787,72.7273294,3500000.0
925,3,Apartment,23.0215374,72.5800568,9000000.0
2403,3,Apartment,23.2840623,72.4400098,7800000.0
1368,2,Apartment,23.0809556,72.64732,5100000.0
2070,4,Apartment,23.0215374,72.5800568,8500000.0
1050,2,Apartment,23.0839289,72.6785883,2950999.9999999995
900,2,Apartment,23.0011144,72.5168855,5500000.0
1467,2,Apartment,23.0215374,72.5800568,6500000.0
1458,2,Apartment,23.0215374,72.5800568,7500000.0
963,2,Apartment,23.2840623,72.4400098,3500000.0
1500,4,Apartment,23.166292,72.8125255,8500000.0
1320,4,Apartment,23.0069624,72.5440056,9000000.0
2070,4,Apartment,23.1579352,72.8006066,8600000.0
1100,2,Apartment,23.229615,72.668298,3500000.0
2010,3,Apartment,23.0839289,72.6785883,11000000.0
853,3,Apartment,23.2935817,72.3290988,7000000.0
165,1,Apartment,23.1201139,72.6251307,3600000.0
2250,3,Apartment,23.2294787,72.7273294,6200000.0
1350,2,Apartment,23.2145657,72.6856816,4600000.0
1836,3,Apartment,23.0195503,72.4687169,7500000.0
707,2,Apartment,23.2145657,72.6856816,4440000.0
1413,2,Apartment,23.0850287,72.5941932,4300000.0
1845,3,Apartment,23.0839289,72.6785883,9000000.0
2079,3,Apartment,23.0352526,72.5540638,7500000.0
1106,2,Apartment,23.0839289,72.6785883,3600000.0
580,2,Apartment,23.2294787,72.7273294,4500000.0
330,1,Apartment,23.0649034,72.5268918,1400000.0000000002
3438,4,Villa,23.0716125,72.6367479,17500000.0
1746,4,Villa,22.7304066,72.4368132,27500000.0
927,3,Villa,23.1049551,72.6672825,12500000.0
1080,2,Apartment,23.02314,72.5716348,3900000.0
1260,3,Villa,23.1049551,72.6672825,10000000.0
1557,3,Apartment,23.02314,72.5716348,5500000.0
1062,2,Apartment,23.0368405,72.5535663,3700000.0
1269,3,Villa,23.2935817,72.3290988,11000000.0
1575,3,Apartment,23.0011144,72.5168855,6200000.0
4644,4,Villa,23.2294787,72.7273294,40000000.0
2250,3,Villa,23.1049551,72.6672825,17500000.0
1512,2,Apartment,23.2294787,72.7273294,4700000.0
800,2,Apartment,23.2294787,72.7273294,3200000.0
918,3,Apartment,23.0839289,72.6785883,9500000.0
1350,3,Apartment,23.1109557,72.5539974,4650000.0
2232,6,Villa,23.1663714,72.8139376,11500000.0
2700,3,Villa,23.1049551,72.6672825,12000000.0
1650,3,Apartment,23.166292,72.8125255,17000000.0
1365,2,Apartment,23.0423379,72.549193,4700000.0
800,2,Apartment,23.017704,72.4696021,2800000.0000000005
765,1,Apartment,22.9785228,72.6101796,3800000.0
1035,2,Apartment,22.9785228,72.6101796,5500000.0
1033,2,Apartment,22.9785228,72.6101796,5500000.0
635,1,Apartment,22.9785228,72.6101796,1400000.0000000002
990,2,Apartment,22.9785228,72.6101796,4500000.0
2000,4,Apartment,22.9785228,72.6101796,28000000.0
1620,4,Villa,22.9785228,72.6101796,17500000.0
1629,3,Apartment,22.9785228,72.6101796,8800000.0
945,2,Apartment,22.9785228,72.6101796,4800000.0
1350,2,Apartment,22.9785228,72.6101796,6800000.000000001
1450,2,Apartment,22.9785228,72.6101796,6200000.0
1550,2,Apartment,22.9785228,72.6101796,6500000.0
1960,2,Apartment,22.9785228,72.6101796,11100000.000000002
2600,3,Villa,22.9785228,72.6101796,19500000.0
900,4,Apartment,22.9785228,72.6101796,11000000.0
2070,6,Villa,22.9785228,72.6101796,32500000.0
900,2,Apartment,22.9785228,72.6101796,4200000.0
850,2,Apartment,22.9785228,72.6101796,10000000.0
750,1,Apartment,23.0111491,72.5132562,2500000.0
1000,2,Apartment,22.9785228,72.6101796,11500000.0
700,2,Apartment,22.9785228,72.6101796,2800000.0000000005
600,1,Apartment,22.9785228,72.6101796,3300000.0
1500,3,Apartment,22.9785228,72.6101796,10500000.0
900,2,Apartment,23.0111491,72.5132562,5500000.0
800,1,Apartment,23.0980898,72.5780885,1800000.0
1350,2,Apartment,22.9785228,72.6101796,7700000.0
1100,3,Apartment,23.0097167,72.5076274,7500000.0
1650,2,Apartment,22.9785228,72.6101796,8000000.0
900,1,Apartment,23.0366663,72.5492165,2000000.0
1100,2,Apartment,23.1655503,72.8133323,4099999.9999999995
1000,2,Apartment,22.9785228,72.6101796,7500000.0
576,1,Apartment,22.9785228,72.6101796,2700000.0
405,1,Apartment,23.0097167,72.5076274,1500000.0
1100,2,Apartment,23.0111491,72.5132562,3000000.0
2000,4,Apartment,23.0787426,72.6681866,10000000.0
630,2,Apartment,22.9785228,72.6101796,6500000.0
800,2,Apartment,22.9785228,72.6101796,2200000.0
3060,4,Villa,22.9785228,72.6101796,15500000.0
711,1,Apartment,23.0839289,72.6785883,1800000.0
1001,3,Apartment,23.0278561,72.5119986,11500000.0
1080,2,Apartment,22.9785228,72.6101796,2800000.0000000005
500,1,Apartment,22.9785228,72.6101796,3550000.0
1503,2,Apartment,22.9785228,72.6101796,7200000.0
420,2,Apartment,22.9785228,72.6101796,4200000.0
1000,2,Apartment,23.2408258,72.5031982,4800000.0
490,2,Apartment,23.0111491,72.5132562,1800000.0
700,1,Apartment,23.0111491,72.5132562,1250000.0
900,2,Apartment,23.06384,72.5430733,6500000.0
720,1,Apartment,23.0366663,72.5492165,1500000.0
300,3,Villa,22.9785228,72.6101796,9000000.0
300,3,Villa,23.2393412,72.4962124,9000000.0
1305,4,Apartment,22.9785228,72.6101796,9500000.0
1260,1,Villa,22.9785228,72.6101796,4500000.0
810,2,Apartment,23.2990325,72.4371042,4500000.0
630,1,Apartment,23.0839289,72.6785883,2800000.0000000005
945,2,Apartment,23.0278561,72.5119986,4353000.0
1854,2,Apartment,22.9785228,72.6101796,12000000.0
500,1,Apartment,23.0713102,72.539578,2800000.0000000005
2690,6,Apartment,22.9785228,72.6101796,15000000.0
675,2,Apartment,23.0069624,72.5440056,5500000.0
2070,6,Apartment,22.9785228,72.6101796,32500000.0
2500,3,Apartment,23.298153,72.3397926,9500000.0
1500,1,Apartment,23.0155956,72.542028,5500000.0
1080,2,Apartment,23.2408258,72.5031982,4500000.0
855,2,Apartment,23.0111491,72.5132562,1900000.0
1260,2,Apartment,23.0111491,72.5132562,4500000.0
1350,4,Villa,22.9785228,72.6101796,16000000.0
1000,4,Villa,22.9785228,72.6101796,9300000.0
585,1,Apartment,22.9785228,72.6101796,2750000.0
1100,2,Apartment,23.2408258,72.5031982,5000000.0
594,1,Apartment,23.008537,72.5103639,2100000.0
360,1,Apartment,23.0111491,72.5132562,1500000.0
900,2,Apartment,23.0111491,72.5132562,5000000.0
585,1,Apartment,23.0901711,72.6504536,1100000.0
1500,4,Villa,22.9785228,72.6101796,7000000.0
1500,4,Apartment,23.0151998,72.5932216,12000000.0
1250,2,Apartment,23.0151998,72.5932216,8000000.0
1350,2,Apartment,22.7930239,72.5767504,3800000.0
1350,2,Apartment,23.0787426,72.6681866,14500000.0
1200,2,Apartment,23.0980898,72.5780885,4500000.0
945,2,Apartment,22.9785228,72.6101796,4500000.0
1500,5,Apartment,22.9785228,72.6101796,22500000.0
675,1,Apartment,23.0713102,72.539578,1100000.0
621,1,Apartment,23.0111491,72.5132562,1800000.0
1485,3,Apartment,23.2408258,72.5031982,8000000.0
1413,3,Apartment,23.166292,72.8125255,13000000.0
1000,2,Apartment,23.296146,72.329627,4500000.0
1134,2,Apartment,22.9785228,72.6101796,3500000.0
970,1,Villa,22.9785228,72.6101796,9000000.0
398,1,Apartment,23.10644,72.5774989,1700000.0000000002
360,1,Apartment,22.9785228,72.6101796,4200000.0
850,5,Villa,23.0271267,72.5226289,6000000.0
702,2,Apartment,23.0111491,72.5132562,3500000.0
430,1,Apartment,22.9785228,72.6101796,1800000.0
765,1,Apartment,23.0111491,72.5132562,2000000.0
765,1,Apartment,23.0111491,72.5132562,1600000.0
2600,4,Villa,22.9785228,72.6101796,9000000.0
864,3,Villa,22.9785228,72.6101796,7000000.0
648,1,Apartment,22.9785228,72.6101796,3000000.0
2561,3,Villa,22.9785228,72.6101796,21100000.0
663,2,Villa,22.9785228,72.6101796,2650000.0
1125,2,Villa,22.9785228,72.6101796,20000000.0
1900,3,Villa,22.9785228,72.6101796,13100000.0
663,2,Villa,22.9785228,72.6101796,2550000.0
1600,2,Apartment,23.2420572,72.4880711,11000000.0
1575,3,Villa,23.0063315,72.536517,11500000.0
160,1,Apartment,23.10644,72.5774989,3200000.0
1080,3,Villa,22.9785228,72.6101796,4500000.0
1125,2,Apartment,23.2524609,72.4843063,5000000.0
947,3,Villa,22.9785228,72.6101796,8500000.0
1200,3,Apartment,22.9785228,72.6101796,6300000.0
945,2,Apartment,23.0278561,72.5119986,5000000.0
600,1,Apartment,23.0111491,72.5132562,1600000.0
600,2,Villa,23.0963972,72.6130929,3300000.0
8318,5,Apartment,22.8927975,72.4910926,22900000.0
1485,3,Apartment,22.8927975,72.4910926,11000000.0
1395,3,Apartment,22.8927975,72.4910926,7800000.0
1503,4,Apartment,22.8927975,72.4910926,14500000.0
1776,3,Apartment,22.8927975,72.4910926,10500000.0
1937,3,Apartment,22.8927975,72.4910926,9000000.0
1248,4,Villa,22.8927975,72.4910926,11100000.000000002
1620,4,Villa,22.8927975,72.4910926,7500000.0
2350,4,Apartment,22.8927975,72.4910926,18000000.0
2502,4,Apartment,22.8927975,72.4910926,12000000.0
1638,3,Villa,22.8927975,72.4910926,13000000.0
1539,3,Apartment,22.8927975,72.4910926,10800000.0
895,2,Apartment,22.8927975,72.4910926,5500000.0
1701,3,Villa,22.8927975,72.4910926,8700000.0
2187,4,Apartment,22.8927975,72.4910926,8900000.0
1080,4,Villa,22.8927975,72.4910926,11500000.0
3303,3,Apartment,22.8927975,72.4910926,14900000.0
1665,2,Apartment,22.8927975,72.4910926,10000000.0
2799,4,Villa,22.8927975,72.4910926,15000000.0
1935,3,Villa,22.8927975,72.4910926,13000000.0
2520,4,Villa,22.8927975,72.4910926,11500000.0
720,3,Villa,23.1358111,72.5818846,16500000.0
1980,4,Villa,22.8927975,72.4910926,15000000.0
2250,4,Apartment,22.9924509,72.3825613,17000000.0
2205,3,Apartment,22.9645191,72.4704112,17500000.0
1830,3,Apartment,23.0169268,72.5204317,10500000.0
1125,3,Apartment,23.0169268,72.5204317,3800000.0
800,3,Apartment,23.0169268,72.5204317,10500000.0
1215,6,Villa,23.0169268,72.5204317,6000000.0
632,2,Apartment,23.0169268,72.5204317,2500000.0
484,2,Apartment,23.0169268,72.5204317,1350000.0
2400,8,Apartment,23.0169268,72.5204317,13600000.000000002
1400,2,Apartment,23.0169268,72.5204317,5200000.0
1125,5,Villa,23.0169268,72.5204317,10000000.0
800,3,Apartment,23.0169268,72.5204317,5200000.0
2700,3,Apartment,23.0169268,72.5204317,55000000.0
1200,2,Apartment,23.0169268,72.5204317,4200000.0
1200,4,Villa,23.0169268,72.5204317,11500000.0
1800,2,Apartment,23.0169268,72.5204317,6000000.0
1250,4,Apartment,23.0169268,72.5204317,6300000.0
900,3,Apartment,23.0169268,72.5204317,2800000.0000000005
1800,3,Villa,23.0169268,72.5204317,13500000.0
750,2,Apartment,23.0169268,72.5204317,2000000.0
1076,2,Apartment,23.0069624,72.5440056,2500000.0
1800,3,Apartment,23.0169268,72.5204317,20000000.0
800,5,Apartment,23.0646662,72.5560546,9000000.0
900,1,Apartment,23.0169268,72.5204317,1900000.0
1200,5,Villa,23.0169268,72.5204317,7500000.0
410,1,Apartment,23.0774113,72.5409311,750000.0
3500,8,Villa,23.0169268,72.5204317,13100000.0
700,2,Apartment,23.2167875,72.6647445,6899999.999999999
1460,3,Apartment,23.0169268,72.5204317,5500000.0
1125,6,Villa,23.0169268,72.5204317,13000000.0
1350,3,Apartment,23.0169268,72.5204317,9500000.0
1000,3,Villa,23.2327735,72.6643629,6899999.999999999
1710,3,Villa,23.0169268,72.5204317,13500000.0
725,2,Apartment,23.0283536,72.4773833,3000000.0
1250,2,Villa,23.0169268,72.5204317,30000000.0
800,4,Apartment,23.0169268,72.5204317,8500000.0
895,3,Apartment,23.0649034,72.5268918,7500000.0
1800,5,Villa,23.0169268,72.5204317,18500000.0
750,2,Apartment,23.0169268,72.5204317,2400000.0
1020,3,Apartment,23.0111491,72.5132562,6300000.0
1350,3,Villa,23.0616704,72.6721767,7500000.0
578,1,Apartment,23.1660204,72.816262,1750000.0
510,2,Apartment,23.0979368,72.5328323,3000000.0
3550,4,Villa,23.0097167,72.5076274,25000000.0
1305,2,Apartment,23.1634079,72.6888935,7200000.0
2500,7,Apartment,23.0169268,72.5204317,7500000.0
2800,7,Villa,23.0169268,72.5204317,40000000.0
1200,4,Villa,23.0111491,72.5132562,13000000.0
1200,4,Villa,23.2420572,72.4880711,13000000.0
2520,4,Villa,23.0637665,72.555444,25000000.0
1632,3,Apartment,23.0169268,72.5204317,17500000.0
1085,2,Apartment,23.1660204,72.816262,3500000.0
2840,5,Villa,23.0169268,72.5204317,20000000.0
1251,3,Apartment,23.0169268,72.5204317,6000000.0
2220,6,Apartment,23.0169268,72.5204317,30000000.0
1250,3,Apartment,23.1634079,72.6888935,4500000.0
1860,4,Apartment,23.0169268,72.5204317,8600000.0
2400,5,Apartment,23.0169268,72.5204317,30000000.0
600,3,Villa,23.0169268,72.5204317,8000000.0
1000,2,Apartment,23.0111491,72.5132562,6949999.999999999
1950,2,Apartment,23.0169268,72.5204317,10000000.0
398,1,Apartment,23.0169268,72.5204317,1400000.0000000002
512,3,Apartment,23.0169268,72.5204317,30000000.0
1800,3,Apartment,23.0235904,72.5912229,6899999.999999999
1250,7,Apartment,22.992195,72.6116113,8000000.0
1080,3,Apartment,23.0169268,72.5204317,9000000.0
1375,3,Apartment,23.2203886,72.657701,9500000.0
962,6,Apartment,23.1660204,72.816262,6800000.000000001
560,4,Apartment,23.0655502,72.5837193,2900000.0
735,3,Apartment,23.0169268,72.5204317,8500000.0
1800,5,Apartment,23.0169268,72.5204317,32500000.0
1020,3,Apartment,23.2467926,72.4855418,12500000.0
1250,4,Apartment,23.1634079,72.6888935,10000000.0
3350,4,Apartment,23.0169268,72.5204317,35000000.0
1500,3,Apartment,23.2222529,72.6694735,9500000.0
1250,6,Apartment,23.0169268,72.5204317,10900000.0
1350,3,Apartment,23.0169268,72.5204317,9000000.0
1800,4,Villa,23.0169268,72.5204317,20000000.0
1830,3,Apartment,22.7304066,72.4368132,12000000.0
1200,4,Apartment,23.1109557,72.5539974,7500000.0
260,2,Apartment,23.0169268,72.5204317,5000000.0
460,3,Apartment,23.0169268,72.5204317,5800000.0
800,4,Apartment,23.224331,72.6614921,7200000.0
2700,6,Apartment,23.0169268,72.5204317,18000000.0
810,4,Apartment,23.0169268,72.5204317,12000000.0
1350,5,Villa,23.0169268,72.5204317,13100000.0
1800,3,Apartment,23.0169268,72.5204317,30000000.0
780,2,Apartment,23.0169268,72.5204317,4500000.0
2450,6,Villa,23.0169268,72.5204317,22500000.0
1150,3,Apartment,23.0901491,72.6505239,4500000.0
3609,7,Villa,23.1429051,72.5392248,62500000.0
3150,3,Villa,23.0169268,72.5204317,35000000.0
1800,6,Villa,23.0169268,72.5204317,30000000.0
1800,3,Villa,23.0169268,72.5204317,11500000.0
1800,5,Apartment,23.0169268,72.5204317,27000000.0
1800,3,Villa,23.0839289,72.6785883,13500000.0
1800,4,Villa,23.0169268,72.5204317,22500000.0
1200,3,Apartment,23.0839289,72.6785883,6500000.0
1050,2,Apartment,23.0169268,72.5204317,3500000.0
6000,7,Apartment,23.0302382,72.6372435,66800000.0
2400,9,Apartment,23.0169268,72.5204317,32500000.0
2800,3,Villa,23.0169268,72.5204317,16500000.0
548,1,Apartment,23.0839289,72.6785883,1900000.0
831,2,Apartment,23.0839289,72.6785883,4000000.0
2000,4,Apartment,23.059661,72.6545053,10000000.0
2400,5,Apartment,23.0302382,72.6372435,40000000.0
1700,3,Apartment,22.992195,72.6116113,15000000.0
2400,3,Villa,23.0649034,72.5268918,16500000.0
1800,3,Apartment,23.010568,72.5106445,13500000.0
2972,3,Apartment,23.0169268,72.5204317,29000000.0
3000,5,Villa,23.0169268,72.5204317,10000000.0
1250,2,Apartment,23.062275,72.571217,4375000.0
500,2,Apartment,23.0235904,72.5912229,1500000.0
1000,2,Apartment,23.0169268,72.5204317,5500000.0
512,3,Apartment,23.0169268,72.5204317,3000000.0
480,2,Apartment,23.0604693,72.5814063,1350000.0
1600,3,Apartment,22.992195,72.6116113,11000000.0
2000,8,Villa,23.0169268,72.5204317,15000000.0
800,2,Villa,23.0169268,72.5204317,3800000.0
1800,5,Apartment,23.0169268,72.5204317,20000000.0
900,2,Apartment,23.0111491,72.5132562,4500000.0
2200,3,Villa,23.0980898,72.5780885,16500000.0
1800,4,Villa,23.0169268,72.5204317,17000000.0
2250,3,Villa,23.0169268,72.5204317,6500000.0
1125,4,Apartment,23.0398447,72.6298154,13500000.0
3675,10,Apartment,23.0169268,72.5204317,12500000.0
1800,4,Apartment,23.0069624,72.5440056,29000000.0
1076,2,Apartment,23.2073429,72.6497031,2500000.0
800,3,Villa,23.0169268,72.5204317,8000000.0
1250,5,Apartment,23.0169268,72.5204317,5500000.0
1000,3,Apartment,23.0169268,72.5204317,4000000.0
2000,2,Apartment,23.089707,72.6564363,4000000.0
2100,3,Apartment,23.089707,72.6564363,16500000.0
950,3,Apartment,23.0169268,72.5204317,5000000.0
1250,6,Villa,23.0169268,72.5204317,8500000.0
2600,3,Villa,23.0169268,72.5204317,10000000.0
1080,3,Villa,23.0169268,72.5204317,4000000.0
303,1,Villa,23.0169268,72.5204317,1350000.0
602,2,Villa,23.1109557,72.5539974,2000000.0
600,2,Apartment,23.0169268,72.5204317,2950000.0
1410,7,Villa,23.0169268,72.5204317,7500000.0
400,1,Apartment,23.0169268,72.5204317,750000.0
1350,2,Apartment,22.9821804,72.6306122,4500000.0
1800,4,Villa,23.0264444,72.5120935,18000000.0
481,2,Apartment,23.0169268,72.5204317,4000000.0
1500,4,Villa,23.0169268,72.5204317,5100000.0
1300,2,Apartment,23.2401161,72.5010726,3500000.0
1120,2,Apartment,23.0169268,72.5204317,4000000.0
1250,3,Apartment,23.0169268,72.5204317,7000000.0
800,3,Villa,23.0169268,72.5204317,4900000.0
1050,4,Villa,23.0169268,72.5204317,6000000.0
1200,3,Apartment,23.0604301,72.6537943,3800000.0
800,2,Apartment,23.0169268,72.5204317,6500000.0
756,5,Villa,23.0169268,72.5204317,5500000.0
800,3,Apartment,23.1109557,72.5539974,2500000.0
3575,5,Villa,23.0169268,72.5204317,80000000.0
1600,4,Villa,23.0169268,72.5204317,6000000.0
1250,5,Villa,23.1051351,72.5697895,7000000.0
650,2,Apartment,23.0169268,72.5204317,2200000.0
1250,3,Villa,23.0169268,72.5204317,8500000.0
2800,6,Apartment,23.0169268,72.5204317,40000000.0
800,4,Apartment,23.0315303,72.534672,8300000.0
2000,4,Villa,23.0169268,72.5204317,6000000.0
720,1,Apartment,23.0169268,72.5204317,4000000.0
1250,6,Apartment,23.0169268,72.5204317,10500000.0
6300,4,Apartment,23.0169268,72.5204317,31000000.0
900,2,Villa,23.0169268,72.5204317,5000000.0
2250,10,Apartment,23.0169268,72.5204317,150000000.0
1500,3,Apartment,23.2420572,72.4880711,6500000.0
800,3,Villa,23.0169268,72.5204317,6000000.0
1095,2,Apartment,23.0235904,72.5912229,3600000.0
2300,7,Villa,23.0022158,72.5390095,7000000.0
1250,3,Villa,23.0649034,72.5268918,4500000.0
2250,10,Villa,23.0069624,72.5440056,150000000.0
400,3,Villa,23.0546669,72.6392596,5500000.0
880,5,Apartment,23.0169268,72.5204317,7900000.0
1350,3,Apartment,23.0169268,72.5204317,5200000.0
2400,3,Villa,23.0169268,72.5204317,12500000.0
6250,8,Apartment,23.0169268,72.5204317,30000000.0
999,2,Apartment,23.0649034,72.5268918,6000000.0
618,2,Villa,23.0663077,72.6656345,8000000.0
1211,3,Apartment,23.0111491,72.5132562,5500000.0
800,3,Villa,23.1109557,72.5539974,2400000.0
1000,5,Villa,23.0169268,72.5204317,4099999.9999999995
900,2,Apartment,22.9975921,72.6046587,3800000.0
1800,5,Villa,23.0873325,72.5490547,10000000.0
900,3,Apartment,23.0169268,72.5204317,3600000.0
1500,3,Villa,23.0169268,72.5204317,4000000.0
1900,3,Apartment,23.2401161,72.5010726,12500000.0
1425,4,Apartment,23.0169268,72.5204317,26000000.0
1000,4,Villa,23.0169268,72.5204317,4099999.9999999995
3600,6,Apartment,23.0169268,72.5204317,10000000.0
1800,1,Apartment,23.0169268,72.5204317,8000000.0
770,4,Villa,23.0169268,72.5204317,4500000.0
1800,3,Apartment,23.0169268,72.5204317,14500000.0
2000,5,Villa,23.0169268,72.5204317,8000000.0
1750,3,Villa,23.2420572,72.4880711,13100000.0
1250,3,Villa,23.0169268,72.5204317,7500000.0
429,4,Apartment,23.0169268,72.5204317,2800000.0000000005
2260,2,Apartment,23.1660204,72.816262,7500000.0
750,4,Apartment,23.0169268,72.5204317,3000000.0
1250,4,Villa,23.0169268,72.5204317,11000000.0
1200,4,Villa,23.0169268,72.5204317,13000000.0
1200,6,Villa,23.027383,72.4893505,8000000.0
1250,9,Apartment,23.0169268,72.5204317,10000000.0
400,1,Apartment,23.0169268,72.5204317,800000.0
900,2,Apartment,23.0979368,72.5328323,2300000.0
450,2,Apartment,23.0979368,72.5328323,2500000.0
1300,3,Apartment,23.0399922,72.5778602,5200000.0
800,2,Apartment,23.0111491,72.5132562,2790000.0000000005
481,2,Apartment,23.0169268,72.5204317,2100000.0
1800,3,Apartment,23.0616704,72.6721767,7800000.0
650,2,Apartment,23.0169268,72.5204317,8500000.0
555,3,Apartment,23.0169268,72.5204317,5000000.0
1000,3,Apartment,23.0169268,72.5204317,5500000.0
800,4,Apartment,23.0169268,72.5204317,9500000.0
1800,3,Apartment,22.9821082,72.5859446,12000000.0
900,3,Apartment,23.0169268,72.5204317,7000000.0
800,3,Apartment,23.0169268,72.5204317,4000000.0
850,2,Apartment,23.073179,72.6403738,3600000.0
1350,5,Villa,23.0169268,72.5204317,6800000.000000001
2700,8,Apartment,23.0169268,72.5204317,40000000.0
1100,4,Apartment,23.2048991,72.6431693,5300000.0
1050,2,Apartment,23.062275,72.571217,6500000.0
600,4,Apartment,23.0169268,72.5204317,4000000.0
3500,5,Apartment,23.0169268,72.5204317,15500000.0
1314,3,Villa,23.0169268,72.5204317,10000000.0
2700,4,Apartment,23.0169268,72.5204317,12100000.0
700,3,Villa,23.0169268,72.5204317,8000000.0
558,2,Apartment,23.0979368,72.5328323,1950000.0
2000,9,Apartment,23.0169268,72.5204317,12000000.0
1250,3,Apartment,23.0616704,72.6721767,9500000.0
800,2,Apartment,23.0283536,72.4773833,3000000.0
800,2,Apartment,23.0235904,72.5912229,4000000.0
1200,4,Villa,22.9969634,72.633455,15000000.0
2755,3,Apartment,23.0169268,72.5204317,10000000.0
9600,2,Apartment,23.0169268,72.5204317,5500000.0
1800,3,Villa,23.2420572,72.4880711,13000000.0
1150,4,Villa,23.0169268,72.5204317,7500000.0
2500,5,Apartment,23.038676,72.5596366,14000000.0
800,1,Apartment,23.0169268,72.5204317,10000000.0
1350,6,Apartment,23.2420572,72.4880711,22500000.0
500,1,Apartment,23.0271267,72.5226289,1700000.0000000002
2344,3,Villa,23.0169268,72.5204317,17000000.0
1125,2,Villa,23.0169268,72.5204317,5800000.0
2700,3,Apartment,23.1634079,72.6888935,18000000.0
1750,3,Apartment,23.0302382,72.6372435,60000000.0
1200,4,Villa,23.0169268,72.5204317,18000000.0
1620,3,Apartment,23.0169268,72.5204317,6500000.0
363,2,Villa,23.0169268,72.5204317,1950000.0
900,2,Apartment,23.0235904,72.5912229,4200000.0
1000,4,Apartment,23.0169268,72.5204317,6200000.0
450,3,Apartment,23.2120774,72.6859769,3800000.0
4305,2,Apartment,23.0169268,72.5204317,30000000.0
800,3,Apartment,23.0169268,72.5204317,7721000.0
1400,2,Apartment,22.992195,72.6116113,4700000.0
2450,10,Villa,23.073179,72.6403738,28000000.0
855,3,Apartment,23.0169268,72.5204317,5000000.0
1250,5,Apartment,23.0169268,72.5204317,15000000.0
550,2,Apartment,23.0169268,72.5204317,2200000.0
3239,2,Apartment,23.2145657,72.6856816,4500000.0
900,6,Villa,23.0069624,72.5440056,10000000.0
1350,4,Apartment,23.0169268,72.5204317,7500000.0
1340,3,Apartment,23.0169268,72.5204317,6500000.0
800,3,Villa,23.2423717,72.6955764,4800000.0
2200,3,Apartment,22.9993349,72.6245126,15000000.0
650,4,Villa,23.0069624,72.5440056,7000000.0
1250,2,Apartment,23.0980898,72.5780885,3200000.0
600,4,Apartment,23.2423717,72.6955764,6000000.0
1250,3,Apartment,23.0169268,72.5204317,20000000.0
800,2,Villa,23.0283536,72.4773833,2900000.0
1800,2,Apartment,23.0901711,72.6504536,3000000.0
1200,2,Apartment,23.0839289,72.6785883,4000000.0
800,1,Apartment,23.0156138,72.5656966,7500000.0
800,4,Villa,23.0169268,72.5204317,8000000.0
8100,10,Villa,23.0169268,72.5204317,37500000.0
800,2,Apartment,23.0169268,72.5204317,4000000.0
1000,4,Villa,23.0169268,72.5204317,7000000.0
4000,1,Villa,23.0169268,72.5204317,12500000.0
1000,5,Apartment,23.0169268,72.5204317,4000000.0
1800,3,Apartment,23.0235904,72.5912229,6300000.0
1650,3,Villa,23.0713445,72.6773842,15000000.0
295,1,Apartment,23.0637665,72.555444,900000.0
2275,2,Apartment,23.0169268,72.5204317,16500000.0
450,1,Apartment,23.1998916,72.6637473,1100000.0
1430,3,Apartment,23.0169268,72.5204317,5500000.0
1920,4,Apartment,23.2009486,72.6364593,18000000.0
1405,3,Apartment,23.2408258,72.5031982,3900000.0
1250,3,Apartment,23.0169268,72.5204317,5500000.0
1620,4,Apartment,23.0169268,72.5204317,12500000.0
900,2,Apartment,23.0235904,72.5912229,3500000.0
1200,2,Villa,23.0637665,72.555444,4600000.0
638,2,Apartment,23.0169268,72.5204317,6000000.0
1800,5,Apartment,23.0169268,72.5204317,33000000.0
2275,3,Villa,23.0169268,72.5204317,12500000.0
1100,5,Apartment,23.0169268,72.5204317,5000000.0
3000,5,Apartment,23.0169268,72.5204317,6200000.0
800,3,Apartment,23.0169268,72.5204317,4700000.0
264,1,Apartment,23.1634079,72.6888935,800000.0
796,3,Apartment,22.713995,72.8467016,9000000.0
900,3,Villa,23.0169268,72.5204317,5000000.0
1000,5,Apartment,23.0169268,72.5204317,4500000.0
2500,4,Apartment,23.0169268,72.5204317,35000000.0
1735,3,Apartment,23.0111491,72.5132562,8500000.0
750,2,Apartment,23.073179,72.6403738,4099999.9999999995
3300,2,Villa,23.0169268,72.5204317,15000000.0
2650,4,Villa,23.0169268,72.5204317,15100000.0
1000,4,Villa,23.0169268,72.5204317,8000000.0
1125,2,Apartment,23.0169268,72.5204317,4800000.0
900,2,Apartment,23.0169268,72.5204317,6000000.0
1500,5,Apartment,23.0225299,72.5416944,18000000.0
800,2,Apartment,23.0283536,72.4773833,3200000.0
1100,4,Apartment,23.1660204,72.816262,5300000.0
1161,2,Apartment,23.0604301,72.6537943,3700000.0
363,2,Apartment,23.0169268,72.5204317,2200000.0
900,3,Villa,23.2935817,72.3290988,6000000.0
1008,4,Apartment,23.0169268,72.5204317,7500000.0
3000,7,Villa,23.0169268,72.5204317,9500000.0
1250,3,Villa,23.0169268,72.5204317,15000000.0
500,1,Villa,23.0169268,72.5204317,2500000.0
1300,2,Apartment,23.0111491,72.5132562,7500000.0
1250,4,Apartment,23.0169268,72.5204317,11000000.0
775,3,Apartment,23.0169268,72.5204317,4500000.0
1800,4,Villa,23.0169268,72.5204317,7000000.0
1338,3,Apartment,23.0839289,72.6785883,6500000.0
1200,4,Villa,23.0169268,72.5204317,9500000.0
4500,6,Villa,23.0169268,72.5204317,25000000.0
748,2,Apartment,23.0169268,72.5204317,3500000.0
800,2,Apartment,23.0169268,72.5204317,4700000.0
1250,5,Villa,23.0649034,72.5268918,16000000.0
1496,4,Villa,23.0169268,72.5204317,7000000.0
1100,3,Apartment,23.010568,72.5106445,6800000.000000001
918,4,Apartment,23.0169268,72.5204317,5850000.0
1260,10,Apartment,23.0169268,72.5204317,9000000.0
1200,3,Villa,23.2420572,72.4880711,12500000.0
900,4,Apartment,23.0169268,72.5204317,7500000.0
900,4,Apartment,23.0169268,72.5204317,7500000.0
1500,4,Apartment,23.0169268,72.5204317,9500000.0
1500,2,Apartment,23.0169775,72.5247835,6000000.0
6239,10,Apartment,23.0169268,72.5204317,125000000.0
1400,6,Villa,23.0169268,72.5204317,5400000.0
1800,5,Villa,23.0169268,72.5204317,8000000.0
2100,6,Apartment,23.0169268,72.5204317,12000000.0
1165,2,Apartment,23.0681554,72.5428774,2000000.0
1350,2,Apartment,23.0169268,72.5204317,9500000.0
449,1,Apartment,23.0169268,72.5204317,2000000.0
1080,4,Villa,23.0616704,72.6721767,9500000.0
2600,3,Villa,23.0169268,72.5204317,10500000.0
2780,4,Apartment,23.1634079,72.6888935,14300000.0
900,2,Apartment,23.0235904,72.5912229,4000000.0
1530,3,Apartment,23.1634079,72.6888935,4500000.0
3000,10,Villa,23.0169268,72.5204317,17500000.0
1500,2,Villa,23.0169268,72.5204317,6000000.0
1210,2,Apartment,23.0235904,72.5912229,4200000.0
1500,6,Apartment,23.0169268,72.5204317,20000000.0
1250,4,Apartment,23.0169268,72.5204317,18000000.0
1050,2,Villa,23.0169268,72.5204317,8600000.0
2000,3,Apartment,23.0169268,72.5204317,15000000.0
1950,3,Apartment,23.0110669,72.5137432,11000000.0
800,3,Apartment,23.1634079,72.6888935,2250000.0
1350,5,Villa,23.2327735,72.6643629,13100000.0
1920,4,Villa,23.0169268,72.5204317,10000000.0
480,2,Villa,23.0169268,72.5204317,2500000.0
3500,7,Villa,23.0169268,72.5204317,13100000.0
1000,3,Apartment,23.1660204,72.816262,9500000.0
2500,4,Apartment,23.0169268,72.5204317,8500000.0
2100,4,Villa,22.9519183,72.6113595,16000000.0
3024,4,Apartment,23.096244,72.4657337,20000000.0
3006,4,Apartment,23.096244,72.4657337,20700000.0
2907,3,Villa,23.096244,72.4657337,35100000.0
1845,4,Villa,23.096244,72.4657337,30000000.0
2142,3,Apartment,23.096244,72.4657337,13500000.0
3024,4,Apartment,23.096244,72.4657337,19000000.0
1242,2,Apartment,23.096244,72.4657337,7200000.0
1485,3,Apartment,23.096244,72.4657337,9000000.0
1368,2,Apartment,23.096244,72.4657337,10500000.0
803,3,Apartment,23.096244,72.4657337,7500000.0
1800,4,Apartment,23.096244,72.4657337,35000000.0
2259,4,Villa,23.096244,72.4657337,33500000.0
3258,4,Villa,23.096244,72.4657337,42500000.0
3960,4,Villa,23.096244,72.4657337,25000000.0
6615,3,Apartment,23.096244,72.4657337,75000000.0
5300,4,Apartment,23.096244,72.4657337,30700000.0
2687,3,Apartment,23.096244,72.4657337,15400000.0
1850,3,Apartment,23.096244,72.4657337,15000000.0
2142,3,Apartment,23.0716125,72.6367479,12900000.0
3500,4,Apartment,22.8118046,72.7490972,19200000.0
3251,4,Apartment,22.8118046,72.7490972,17900000.0
3060,4,Apartment,22.8118046,72.7490972,16800000.0
2934,4,Apartment,23.0868734,72.4835036,50000000.0
2160,3,Apartment,23.096244,72.4657337,14200000.0
873,3,Apartment,23.096244,72.4657337,7000000.0
3564,4,Apartment,23.096244,72.4657337,23700000.0
3249,4,Villa,23.1008171,72.4946672,67500000.0
3036,4,Apartment,23.0181819,72.4681909,21000000.0
3240,4,Villa,23.0069624,72.5440056,50000000.0
5238,4,Apartment,23.0716125,72.6367479,30400000.0
3005,4,Apartment,23.0716125,72.6367479,18000000.0
1980,3,Apartment,23.0111491,72.5132562,8800000.0
1485,3,Apartment,23.0839289,72.6785883,8000000.0
7281,4,Villa,23.0868734,72.4835036,119000000.0
3485,4,Apartment,23.096244,72.4657337,22700000.0
631,4,Apartment,23.1008171,72.4946672,61500000.0
2817,4,Villa,23.096244,72.4657337,52500000.0
1845,4,Apartment,23.0868734,72.4835036,28500000.0
1755,3,Apartment,23.2404454,72.494048,9030000.0
2907,3,Apartment,23.1134254,72.5414761,35000000.0
1356,2,Apartment,23.096244,72.4657337,6500000.0
500,3,Apartment,23.096244,72.4657337,8500000.0
546,2,Apartment,23.0868734,72.4835036,2824999.9999999995
165,1,Villa,23.096244,72.4657337,1050000.0
807,1,Apartment,23.0839289,72.6785883,3400000.0000000005
1485,3,Apartment,23.0868734,72.4835036,8000000.0
1755,3,Apartment,23.0868734,72.4835036,10000000.0
1485,3,Apartment,22.8265496,72.0560394,8000000.0
1890,3,Villa,23.096244,72.4657337,31000000.0
1785,3,Apartment,23.062275,72.571217,9000000.0
6876,4,Apartment,23.1634079,72.6888935,75000000.0
1800,3,Apartment,23.0116726,72.5081733,8500000.0
1800,3,Apartment,23.096244,72.4657337,9000000.0
1650,3,Apartment,23.096244,72.4657337,9000000.0
1485,3,Apartment,22.9666916,72.5893488,7200000.0
1530,3,Apartment,23.0457058,72.5268056,12100000.0
2700,3,Apartment,23.0457058,72.5268056,7980000.0
969,3,Villa,23.0457058,72.5268056,30000000.0
1575,3,Apartment,23.0457058,72.5268056,9500000.0
1125,3,Apartment,23.0457058,72.5268056,7500000.0
400,4,Villa,23.0457058,72.5268056,46500000.0
1215,2,Apartment,23.0457058,72.5268056,8500000.0
2070,3,Apartment,23.0457058,72.5268056,8000000.0
5400,4,Villa,23.0457058,72.5268056,75000000.0
3600,4,Villa,23.0457058,72.5268056,58000000.0
1530,4,Villa,23.0457058,72.5268056,25000000.0
2025,3,Apartment,23.0457058,72.5268056,12100000.0
1890,3,Apartment,23.0457058,72.5268056,11100000.000000002
3717,3,Villa,23.0457058,72.5268056,55000000.0
1800,3,Apartment,23.0457058,72.5268056,12500000.0
2400,3,Apartment,23.0457058,72.5268056,17800000.0
990,2,Apartment,23.0457058,72.5268056,6500000.0
1200,3,Apartment,23.0457058,72.5268056,7000000.0
963,2,Apartment,23.0457058,72.5268056,5400000.0
1076,3,Apartment,23.0457058,72.5268056,7100000.0
850,2,Apartment,23.3272391,72.427916,4500000.0
900,3,Villa,23.0457058,72.5268056,15000000.0
1200,3,Apartment,23.0457058,72.5268056,9800000.0
3600,4,Villa,23.0457058,72.5268056,62500000.0
900,2,Apartment,23.0457058,72.5268056,6500000.0
1035,2,Apartment,23.0400861,72.5290418,6000000.0
700,2,Apartment,23.0111491,72.5132562,7000000.0
1360,3,Apartment,23.0457058,72.5268056,8500000.0
1890,4,Villa,23.0457058,72.5268056,26100000.0
1291,3,Villa,23.0716125,72.6367479,22000000.0
2250,4,Villa,23.0457058,72.5268056,40000000.0
4200,4,Apartment,23.0111491,72.5132562,10000000.0
2025,4,Apartment,23.166292,72.8125255,25099999.999999996
1683,2,Apartment,23.0631171,72.5255748,7500000.0
1500,3,Apartment,23.0284731,72.5590087,7800000.0
1589,3,Apartment,23.0457058,72.5268056,10000000.0
1300,2,Apartment,23.0111491,72.5132562,6500000.0
1350,2,Apartment,23.0111491,72.5132562,6500000.0
1450,2,Apartment,23.0156794,72.5644623,5900000.0
996,2,Apartment,23.0457058,72.5268056,7500000.0
1683,2,Apartment,23.0631171,72.5255748,7300000.0
1440,3,Apartment,23.0457058,72.5268056,9000000.0
1350,6,Apartment,23.0069624,72.5440056,18000000.0
3600,4,Villa,23.0457058,72.5268056,65000000.0
1350,4,Villa,23.0457058,72.5268056,30000000.0
1890,4,Villa,22.9949449,72.5885536,26100000.0
405,4,Villa,23.0457058,72.5268056,8500000.0
1800,3,Apartment,23.0457058,72.5268056,11000000.0
2250,3,Apartment,23.0457058,72.5268056,8500000.0
819,3,Villa,23.0457058,72.5268056,12500000.0
1265,3,Apartment,23.0457058,72.5268056,6500000.0
1500,3,Apartment,23.2145657,72.6856816,7500000.0
756,2,Apartment,23.0457058,72.5268056,11000000.0
765,2,Apartment,23.2445089,72.4981096,8500000.0
1800,3,Apartment,23.0457058,72.5268056,18000000.0
1800,3,Apartment,23.0457058,72.5268056,7500000.0
2160,4,Apartment,23.0457058,72.5268056,13100000.0
1350,2,Apartment,23.0457058,72.5268056,8000000.0
1450,3,Apartment,23.0457058,72.5268056,7500000.0
3294,3,Villa,23.0457058,72.5268056,35000000.0
1500,3,Apartment,23.0457058,72.5268056,8900000.0
1260,3,Apartment,23.1110532,72.5619714,9000000.0
1500,6,Villa,23.2420572,72.4880711,9500000.0
1050,2,Apartment,23.2454066,72.8948686,3100000.0
1665,1,Apartment,23.2454066,72.8948686,6000000.0
1026,2,Villa,23.0854097,72.6580946,16000000.0
1600,2,Villa,23.0406995,72.6822689,9800000.0
756,3,Villa,23.0215374,72.5800568,6500000.0
1881,3,Apartment,23.3226944,72.423167,18000000.0
2916,3,Apartment,23.119848,72.5152135,13000000.0
783,2,Apartment,23.0839289,72.6785883,6100000.0
999,3,Apartment,23.0045744,72.5497272,4900000.0
2925,4,Villa,23.1153559,72.5366513,69300000.0
2727,4,Apartment,23.119848,72.5152135,18500000.0
2070,3,Apartment,23.119848,72.5152135,11000000.0
2583,4,Apartment,23.119848,72.5152135,12100000.0
2727,4,Apartment,23.119848,72.5152135,12700000.0
7830,4,Apartment,23.1153559,72.5366513,110000000.0
1170,2,Apartment,23.0604301,72.6537943,5000000.0
1350,2,Apartment,23.0215374,72.5800568,5151000.0
1800,3,Apartment,23.2125309,72.684767,8500000.0
3582,4,Villa,23.1153559,72.5366513,55000000.0
998,3,Apartment,23.1153559,72.5366513,3800000.0
720,2,Apartment,23.119848,72.5152135,6300000.0
700,3,Apartment,23.2420572,72.4880711,4000000.0
810,2,Apartment,23.0604301,72.6537943,6100000.0
1700,4,Villa,23.119848,72.5152135,25000000.0
600,1,Apartment,23.3353493,72.7168598,3600000.0
800,2,Apartment,23.273674,72.3225573,3000000.0
1260,3,Apartment,23.0649034,72.5268918,4500000.0
900,2,Apartment,23.0604301,72.6537943,2900000.0
600,3,Villa,22.9519183,72.6113595,4099999.9999999995
850,3,Apartment,23.1429051,72.5392248,6899999.999999999
972,2,Apartment,23.0460963,72.533033,4500000.0
650,2,Apartment,23.1283467,72.558657,6000000.0
1750,3,Apartment,23.1283467,72.558657,11500000.0
1665,3,Apartment,23.1283467,72.558657,7500000.0
1620,3,Apartment,23.1283467,72.558657,6700000.0
1872,3,Apartment,23.1283467,72.558657,8500000.0
1755,3,Apartment,23.1283467,72.558657,9000000.0
1314,2,Apartment,23.1283467,72.558657,6700000.0
1377,3,Apartment,23.1283467,72.558657,7000000.0
1300,3,Apartment,23.1283467,72.558657,7000000.0
880,3,Apartment,23.1283467,72.558657,11000000.0
1125,2,Apartment,23.1283467,72.558657,6500000.0
2952,3,Apartment,23.1283467,72.558657,8800000.0
3099,3,Villa,23.1283467,72.558657,8800000.0
1106,2,Apartment,23.1283467,72.558657,4300000.0
693,1,Apartment,23.1283467,72.558657,2950000.0
2610,3,Apartment,23.1283467,72.558657,12100000.0
1485,3,Apartment,23.1283467,72.558657,8100000.000000001
1224,2,Apartment,23.1283467,72.558657,7200000.0
1890,3,Villa,23.1283467,72.558657,12000000.0
960,3,Apartment,23.1283467,72.558657,8500000.0
1315,2,Apartment,23.1283467,72.558657,6200000.0
1172,3,Apartment,23.1283467,72.558657,11200000.000000002
1800,3,Apartment,23.1283467,72.558657,7000000.0
1500,3,Apartment,23.1283467,72.558657,6700000.0
1899,3,Apartment,23.1283467,72.558657,8000000.0
1368,2,Apartment,23.1283467,72.558657,6000000.0
1845,3,Apartment,23.1283467,72.558657,8000000.0
1890,3,Apartment,23.1283467,72.558657,8000000.0
1520,3,Apartment,23.1283467,72.558657,7100000.0
1755,3,Apartment,23.1283467,72.558657,6949999.999999999
2470,3,Apartment,23.1283467,72.558657,9200000.0
1880,3,Apartment,23.2125309,72.684767,7250000.0
1845,3,Apartment,23.3254747,72.0554467,7500000.0
900,3,Apartment,23.1283467,72.558657,6400000.0
1145,2,Apartment,23.1283467,72.558657,6500000.0
2000,3,Apartment,23.1283467,72.558657,7500000.0
1775,3,Apartment,23.129015,72.5519401,7350000.0
1775,3,Apartment,23.129015,72.5519401,7100000.0
1944,3,Apartment,23.2045854,72.633166,7800000.0
999,3,Apartment,23.1283467,72.558657,7300000.0
1000,2,Apartment,23.1283467,72.558657,4050000.0000000005
1600,2,Apartment,23.1283467,72.558657,6000000.0
2000,3,Apartment,23.1283467,72.558657,9400000.0
1500,2,Apartment,23.1283467,72.558657,6000000.0
1320,2,Apartment,23.0519251,72.560481,4800000.0
1215,2,Apartment,23.1283467,72.558657,4600000.0
1503,3,Apartment,23.1283467,72.558657,6000000.0
1200,2,Apartment,23.1283467,72.558657,6000000.0
1287,2,Apartment,23.1283467,72.558657,8500000.0
1290,2,Apartment,23.129015,72.5519401,8300000.0
1224,2,Apartment,23.1283467,72.558657,5699999.999999999
1170,2,Apartment,23.1283467,72.558657,5300000.0
1269,2,Apartment,23.1213946,72.5404102,7700000.0
925,2,Apartment,23.1283467,72.558657,5400000.0
856,3,Apartment,23.1283467,72.558657,9000000.0
1485,3,Apartment,23.0544607,72.53364,7000000.0
1512,3,Apartment,23.0110669,72.5137432,7800000.0
693,1,Apartment,23.1283467,72.558657,2200000.0
642,2,Apartment,23.1283467,72.558657,5600000.000000001
1890,3,Apartment,23.2125309,72.684767,7500000.0
1602,2,Apartment,23.0439009,72.4820111,5500000.0
594,1,Apartment,23.1283467,72.558657,2600000.0
1179,2,Apartment,23.0544607,72.53364,5200000.0
1440,3,Apartment,23.1283467,72.558657,6000000.0
662,1,Apartment,23.0135186,72.5644029,4500000.0
1215,2,Apartment,23.1283467,72.558657,4950000.0
1500,3,Apartment,23.1283467,72.558657,6600000.0
1200,2,Apartment,23.1283467,72.558657,4099999.9999999995
1290,3,Apartment,23.1283467,72.558657,8500000.0
1170,2,Apartment,23.1283467,72.558657,6700000.0
927,2,Apartment,23.017704,72.4696021,4000000.0
1215,2,Apartment,23.0110669,72.5137432,5500000.0
1944,3,Apartment,23.2045854,72.633166,9200000.0
2057,4,Apartment,23.1283467,72.558657,13000000.0
2470,3,Villa,22.8119124,72.7510602,11000000.0
1224,2,Apartment,23.1213946,72.5404102,6500000.0
817,3,Apartment,23.1283467,72.558657,9000000.0
1143,2,Apartment,23.1283467,72.558657,5500000.0
1305,2,Apartment,23.1283467,72.558657,6000000.0
1512,3,Apartment,23.0110669,72.5137432,8199999.999999999
1008,2,Apartment,23.1283467,72.558657,3800000.0
905,2,Apartment,23.1283467,72.558657,6300000.0
677,1,Apartment,23.0135186,72.5644029,3950000.0
1170,2,Apartment,23.1283467,72.558657,6800000.000000001
945,2,Apartment,23.1283467,72.558657,5000000.0
945,2,Apartment,23.1283467,72.558657,4600000.0
970,2,Apartment,23.0135186,72.5644029,4800000.0
967,2,Apartment,23.0135186,72.5644029,6650000.0
1520,3,Apartment,23.1283467,72.558657,6899999.999999999
1224,2,Apartment,23.1283467,72.558657,5600000.000000001
1980,3,Apartment,23.1283467,72.558657,9200000.0
1520,3,Apartment,23.0544298,72.5958726,6750000.0
1530,3,Apartment,23.1283467,72.558657,7000000.0
1602,3,Apartment,23.2145657,72.6856816,6400000.0
531,1,Apartment,23.1283467,72.558657,2600000.0
1575,3,Apartment,23.1283467,72.558657,8000000.0
1440,3,Apartment,23.1283467,72.558657,6500000.0
1224,2,Apartment,23.1283467,72.558657,5800000.0
1512,3,Apartment,23.1283467,72.558657,6000000.0
1460,3,Apartment,23.1283467,72.558657,10000000.0
990,3,Apartment,23.1283467,72.558657,6500000.0
1440,3,Apartment,23.1283467,72.558657,6500000.0
633,2,Apartment,23.1283467,72.558657,6099000.0
2540,3,Apartment,23.0145531,72.5635432,20500000.0
2340,3,Apartment,23.0145531,72.5635432,16299999.999999998
1621,3,Apartment,23.0145531,72.5635432,12400000.0
6408,3,Apartment,23.0145531,72.5635432,61200000.0
2520,3,Apartment,23.0145531,72.5635432,17100000.0
3555,4,Apartment,23.0145531,72.5635432,25700000.0
1710,3,Apartment,23.0145531,72.5635432,13000000.0
2115,3,Apartment,23.0145531,72.5635432,14500000.0
1917,3,Apartment,23.0145531,72.5635432,12700000.0
1098,3,Apartment,23.0145531,72.5635432,11500000.0
1935,3,Apartment,23.0145531,72.5635432,11500000.0
1575,4,Apartment,23.0886047,72.5844263,25600000.0
1980,3,Apartment,23.0145531,72.5635432,10900000.0
3870,4,Apartment,23.0145531,72.5635432,35000000.0
1827,3,Apartment,23.0145531,72.5635432,13000000.0
2502,3,Apartment,23.0145531,72.5635432,22500000.0
1260,2,Apartment,23.0145531,72.5635432,8199999.999999999
1665,4,Apartment,23.0145531,72.5635432,15100000.0
753,1,Apartment,23.0145531,72.5635432,3900000.0
1755,3,Apartment,23.0145531,72.5635432,13500000.0
990,2,Apartment,23.0145531,72.5635432,6500000.0
1035,3,Apartment,23.0145531,72.5635432,10800000.0
1350,2,Apartment,23.042462,72.5144059,10000000.0
2160,3,Apartment,23.0111491,72.5132562,13500000.0
1530,3,Apartment,23.0255831,72.5691076,10000000.0
706,2,Apartment,23.0544298,72.5958726,9500000.0
1845,3,Apartment,23.0086264,72.5479912,9500000.0
5850,4,Apartment,23.0145531,72.5635432,77700000.0
200,1,Apartment,23.0363265,72.5650744,3300000.0
1035,2,Apartment,23.0084483,72.5684667,7700000.0
1550,3,Apartment,23.0589037,72.5555343,11399999.999999998
1116,2,Apartment,23.1655503,72.8133323,7500000.0
3000,5,Villa,23.0363265,72.5650744,21000000.0
1350,3,Apartment,23.0111491,72.5132562,9000000.0
2475,3,Apartment,23.0145531,72.5635432,15400000.0
2115,3,Apartment,23.0145531,72.5635432,12700000.0
1890,3,Apartment,23.0145531,72.5635432,12300000.0
3897,4,Apartment,23.0145531,72.5635432,25099999.999999996
3375,4,Apartment,23.0145531,72.5635432,20600000.0
2970,4,Apartment,23.0145531,72.5635432,25000000.0
1620,3,Apartment,23.0145531,72.5635432,11000000.0
1827,3,Apartment,23.0145531,72.5635432,12500000.0
1890,3,Apartment,23.0145531,72.5635432,12500000.0
1233,3,Apartment,23.0145531,72.5635432,11700000.0
3600,3,Apartment,23.0145531,72.5635432,38800000.0
1935,3,Apartment,23.0145531,72.5635432,12700000.0
6300,3,Apartment,23.0069624,72.5440056,62500000.0
934,3,Apartment,23.0882437,72.584299,12200000.0
2430,4,Apartment,23.0145531,72.5635432,15900000.0
1850,3,Apartment,23.0145531,72.5635432,11500000.0
3798,4,Apartment,23.0145531,72.5635432,26100000.0
2610,5,Villa,22.9858858,73.030041,46100000.0
1917,3,Apartment,23.016842,72.5909654,13500000.0
2529,3,Apartment,23.0145531,72.5635432,15800000.0
2484,3,Apartment,23.0145531,72.5635432,15400000.0
1800,3,Apartment,23.0145531,72.5635432,13000000.0
2880,4,Villa,23.0546669,72.6392596,37000000.0
1800,3,Apartment,23.0145531,72.5635432,12500000.0
3150,4,Apartment,23.0145531,72.5635432,17500000.0
3582,4,Apartment,23.0145531,72.5635432,23000000.0
2565,3,Apartment,23.0145531,72.5635432,16000000.0
3483,4,Apartment,23.0145531,72.5635432,25500000.0
2115,3,Apartment,23.0145531,72.5635432,14100000.0
2160,3,Apartment,23.0145531,72.5635432,17500000.0
2223,3,Apartment,23.0145531,72.5635432,17500000.0
3447,4,Apartment,23.0145531,72.5635432,25200000.0
1944,3,Apartment,23.0145531,72.5635432,12000000.0
1764,3,Apartment,23.0145531,72.5635432,10700000.0
2160,3,Apartment,23.0145531,72.5635432,15100000.0
2610,3,Apartment,22.9858858,73.030041,18600000.0
3960,4,Apartment,23.0145531,72.5635432,27700000.0
2142,3,Apartment,23.016842,72.5909654,14500000.0
3096,4,Apartment,23.0145531,72.5635432,19200000.0
1872,5,Villa,23.016842,72.5909654,40000000.0
5175,5,Villa,23.0145531,72.5635432,28700000.0
3654,4,Apartment,23.0085819,72.5432503,26400000.0
2475,3,Apartment,23.0145531,72.5635432,19500000.0
2259,5,Villa,23.016842,72.5909654,38500000.0
2520,4,Apartment,23.0145531,72.5635432,16000000.0
1890,4,Apartment,23.0145531,72.5635432,12800000.0
2430,3,Apartment,23.0145531,72.5635432,14800000.0
3600,4,Apartment,23.0090431,72.5483882,20000000.0
2520,3,Apartment,22.9858858,73.030041,15700000.0
3294,4,Apartment,23.0479402,72.5271143,22000000.0
1863,3,Apartment,23.0479402,72.5271143,12400000.0
1845,3,Apartment,22.9821804,72.6306122,11000000.0
472,4,Apartment,23.1660363,72.8120437,44000000.0
554,4,Villa,23.0159173,72.5633874,75000000.0
1700,3,Apartment,23.016842,72.5909654,12500000.0
1755,3,Apartment,23.0145531,72.5635432,11299999.999999998
1160,2,Apartment,23.0159173,72.5633874,7300000.0
1665,4,Apartment,23.0111491,72.5132562,15000000.0
900,2,Apartment,23.0111491,72.5132562,6500000.0
1305,3,Villa,23.0145531,72.5635432,18000000.0
300,3,Villa,23.0145531,72.5635432,2000000.0
6408,6,Villa,23.0145531,72.5635432,58000000.0
2700,3,Apartment,23.006527,72.583296,19000000.0
1692,3,Apartment,23.0145531,72.5635432,13000000.0
2529,4,Apartment,23.2145657,72.6856816,28000000.0
405,1,Apartment,23.0111491,72.5132562,2500000.0
1323,3,Apartment,23.0111491,72.5132562,8500000.0
1728,2,Apartment,23.0111491,72.5132562,14500000.0
558,2,Apartment,23.0589037,72.5555343,6800000.000000001
603,2,Apartment,23.0589037,72.5555343,6500000.0
990,2,Apartment,23.178689,72.6368721,6500000.0
1080,2,Apartment,23.0145531,72.5635432,6000000.0
1048,2,Apartment,23.003723,72.5538743,7200000.0
1530,4,Apartment,23.2145657,72.6856816,12000000.0
1080,4,Apartment,23.2351852,72.4928697,6551000.0
1560,3,Apartment,23.0111491,72.5132562,9100000.0
1503,3,Apartment,23.0111491,72.5132562,11100000.000000002
2152,4,Apartment,23.0145531,72.5635432,9000000.0
2145,4,Villa,23.0145531,72.5635432,90000000.0
909,3,Apartment,23.0084125,72.5485988,7000000.0
990,2,Apartment,23.0145531,72.5635432,7000000.0
1530,3,Apartment,23.0145531,72.5635432,12500000.0
627,2,Apartment,23.0145531,72.5635432,6300000.0
1045,2,Apartment,23.1655503,72.8133323,6100000.0
2100,3,Apartment,23.042462,72.5144059,18100000.0
2025,1,Villa,23.0145531,72.5635432,17500000.0
1521,3,Apartment,23.0111491,72.5132562,7500000.0
2000,3,Apartment,23.0713102,72.539578,14500000.0
1881,3,Apartment,23.298153,72.3397926,12500000.0
2304,3,Apartment,23.0145531,72.5635432,15000000.0
735,1,Apartment,23.0787426,72.6681866,4700000.0
1620,3,Apartment,23.2145657,72.6856816,12100000.0
1012,3,Apartment,23.0145531,72.5635432,13500000.0
846,2,Apartment,23.0111491,72.5132562,4000000.0
990,2,Apartment,23.0145531,72.5635432,4500000.0
1845,3,Apartment,23.0145531,72.5635432,10800000.0
4500,4,Villa,23.0145531,72.5635432,55000000.0
4752,4,Villa,23.0145531,72.5635432,53000000.0
1485,3,Apartment,23.0145531,72.5635432,8550000.0
1440,3,Apartment,23.0145531,72.5635432,8500000.0
1980,3,Apartment,23.0084125,72.5485988,12500000.0
1080,3,Apartment,23.0145531,72.5635432,8000000.0
1260,2,Apartment,23.0145531,72.5635432,5400000.0
10800,4,Apartment,23.0145531,72.5635432,120000000.0
1750,3,Apartment,22.9800511,72.451563,5500000.0
1800,3,Apartment,23.0145531,72.5635432,11700000.0
1800,3,Apartment,23.0145531,72.5635432,12500000.0
945,2,Apartment,23.0145531,72.5635432,6000000.0
805,3,Apartment,23.0145531,72.5635432,9000000.0
450,1,Apartment,23.0145531,72.5635432,2500000.0
4050,2,Apartment,23.0145531,72.5635432,45000000.0
1215,2,Apartment,23.0145531,72.5635432,7700000.0
1530,3,Apartment,23.0111491,72.5132562,11500000.0
765,2,Apartment,23.0111491,72.5132562,4200000.0
1800,2,Apartment,23.0069624,72.5440056,20000000.0
1152,3,Apartment,23.0596745,72.3869498,11000000.0
1370,2,Apartment,23.042462,72.5144059,8500000.0
1440,2,Apartment,23.0145531,72.5635432,15000000.0
1215,2,Apartment,23.0145531,72.5635432,6200000.0
2250,3,Villa,23.0145531,72.5635432,23100000.0
2250,3,Villa,23.0145531,72.5635432,27000000.0
1260,2,Apartment,23.042462,72.5144059,8199999.999999999
1260,3,Apartment,23.0145531,72.5635432,7700000.0
1260,3,Apartment,23.0195399,72.5678846,7700000.0
1400,2,Apartment,23.0839289,72.6785883,7000000.0
1035,2,Apartment,23.0839289,72.6785883,7700000.0
1539,3,Apartment,23.0589037,72.5555343,11500000.0
2970,4,Apartment,23.0145531,72.5635432,27500000.0
1215,3,Apartment,23.0145531,72.5635432,9000000.0
1350,3,Apartment,23.0111491,72.5132562,6800000.000000001
1377,3,Apartment,23.0145531,72.5635432,11000000.0
963,2,Apartment,23.0634838,72.5741523,5500000.0
1000,3,Apartment,22.9969634,72.633455,7250000.0
764,2,Apartment,23.0097167,72.5076274,6899999.999999999
963,2,Apartment,23.0145531,72.5635432,5500000.0
1080,2,Apartment,23.0111491,72.5132562,5600000.000000001
783,2,Apartment,23.0111491,72.5132562,5500000.0
650,2,Apartment,23.0069624,72.5440056,4500000.0
2183,3,Apartment,23.0787426,72.6681866,12500000.0
1800,1,Villa,23.0145531,72.5635432,21000000.0
4320,3,Villa,23.0145531,72.5635432,40000000.0
1400,3,Apartment,23.1660363,72.8120437,4500000.0
2610,5,Apartment,23.0682646,72.5624497,42500000.0
1305,3,Apartment,23.067119,72.5630118,8250000.0
1278,2,Apartment,23.0682646,72.5624497,7500000.0
1080,2,Apartment,23.0682646,72.5624497,6899999.999999999
590,2,Apartment,23.0676665,72.5721746,5699999.999999999
675,2,Apartment,23.0682646,72.5624497,6000000.0
3267,4,Apartment,23.0676665,72.5721746,43600000.0
225,1,Apartment,23.067119,72.5630118,4000000.0
800,1,Apartment,23.0682646,72.5624497,5500000.0
6750,4,Villa,23.0676665,72.5721746,52500000.0
1053,3,Apartment,23.0682646,72.5624497,8000000.0
675,1,Apartment,23.0676665,72.5721746,5500000.0
1200,3,Apartment,23.067695,72.5658899,11100000.000000002
1215,3,Apartment,23.0676665,72.5721746,8000000.0
4000,3,Apartment,23.0682646,72.5624497,15200000.0
1350,3,Apartment,23.067695,72.5658899,7500000.0
999,2,Apartment,23.0682646,72.5624497,7500000.0
1575,3,Apartment,23.067119,72.5630118,7800000.0
1350,2,Apartment,23.067695,72.5658899,7000000.0
1755,3,Apartment,23.067119,72.5630118,9500000.0
1845,3,Apartment,23.0682238,72.5640995,9800000.0
1305,2,Apartment,23.0839289,72.6785883,7000000.0
1305,2,Apartment,23.0111491,72.5132562,6300000.0
1170,3,Apartment,23.0682646,72.5624497,4691000.0
1296,2,Apartment,23.2145657,72.6856816,6000000.0
900,2,Apartment,23.10644,72.5774989,4500000.0
1215,3,Apartment,23.0111491,72.5132562,4791000.0
1215,3,Apartment,23.0110669,72.5137432,4791000.0
2160,6,Apartment,23.0682646,72.5624497,10000000.0
1215,3,Apartment,23.0111491,72.5132562,4795000.0
1215,3,Apartment,23.0110669,72.5137432,4800000.0
1215,3,Apartment,23.0682646,72.5624497,4800000.0
675,2,Apartment,23.10644,72.5774989,4200000.0
999,2,Apartment,23.0111491,72.5132562,5500000.0
850,1,Apartment,23.0682646,72.5624497,3400000.0000000005
1800,2,Villa,23.0682646,72.5624497,24000000.0
990,2,Apartment,23.0682646,72.5624497,7500000.0
936,2,Apartment,23.0016439,72.5130469,4500000.0
400,1,Apartment,23.0682646,72.5624497,5000000.0
1818,3,Apartment,23.1073065,72.6597701,8500000.0
1818,3,Apartment,23.0682646,72.5624497,9000000.0
1300,3,Apartment,23.0676665,72.5721746,16500000.0
1215,2,Apartment,23.0403797,72.5540899,5600000.000000001
1035,2,Apartment,23.0682238,72.5640995,4500000.0
1550,4,Apartment,23.0111491,72.5132562,4650000.0
2160,4,Apartment,23.0682646,72.5624497,17000000.0
1215,2,Apartment,23.0975425,72.547552,6850000.000000001
750,2,Apartment,23.0682646,72.5624497,7500000.0
810,1,Apartment,23.1806904,72.6386269,5500000.0
1296,3,Apartment,23.0284731,72.5590087,5100000.0
1025,2,Apartment,23.0111491,72.5132562,3550000.0
600,1,Apartment,23.0682646,72.5624497,3000000.0
864,2,Apartment,23.0111491,72.5132562,4500000.0
600,2,Apartment,23.0111491,72.5132562,4099999.9999999995
738,1,Apartment,23.062275,72.571217,3400000.0000000005
612,1,Apartment,23.0901491,72.6505239,2100000.0
1215,2,Apartment,23.0839289,72.6785883,7400000.0
1548,3,Apartment,23.0229809,72.5671331,8000000.0
1170,2,Apartment,22.9983111,72.6056067,6700000.0
900,4,Apartment,23.0069624,72.5440056,17000000.0
1755,4,Apartment,23.0682646,72.5624497,8000000.0
765,2,Apartment,23.10644,72.5774989,5300000.0
1170,3,Apartment,23.0328924,72.5604427,7000000.0
423,1,Apartment,23.0654996,72.6341908,3700000.0
1188,2,Apartment,23.067695,72.5658899,5600000.000000001
765,2,Apartment,23.0682238,72.5640995,5000000.0
945,3,Apartment,23.0975425,72.547552,9500000.0
1033,1,Apartment,23.0111491,72.5132562,5400000.0
1620,5,Apartment,23.0676665,72.5721746,22500000.0
855,1,Apartment,23.0682238,72.5640995,4200000.0
1000,2,Apartment,23.0111491,72.5132562,6000000.0
900,2,Apartment,23.0097167,72.5076274,3800000.0
1800,3,Apartment,23.1073065,72.6597701,9000000.0
500,1,Apartment,23.0111491,72.5132562,2600000.0
1200,3,Apartment,23.017704,72.4696021,11100000.000000002
2088,4,Villa,23.0682646,72.5624497,23200000.0
513,1,Apartment,23.0111491,72.5132562,3700000.0
495,2,Apartment,23.0676665,72.5721746,16500000.0
1750,3,Apartment,23.0111491,72.5132562,6500000.0
900,2,Apartment,23.0682646,72.5624497,5000000.0
1200,3,Apartment,23.0111491,72.5132562,6500000.0
1200,2,Apartment,23.0215374,72.5800568,6000000.0
1080,2,Apartment,23.2145657,72.6856816,4000000.0
900,2,Apartment,23.067695,72.5658899,4000000.0
615,1,Apartment,23.0901491,72.6505239,2000000.0
1035,2,Apartment,23.067695,72.5658899,3500000.0
1197,3,Apartment,23.0682646,72.5624497,28100000.0
451,1,Apartment,23.067695,72.5658899,1500000.0
2160,4,Apartment,23.0682646,72.5624497,12000000.0
2430,6,Apartment,23.067695,72.5658899,8500000.0
1125,2,Apartment,23.0368405,72.5535663,6500000.0
2250,3,Villa,23.0682646,72.5624497,25000000.0
900,2,Apartment,23.2955131,72.329741,7000000.0
1800,3,Apartment,23.067695,72.5658899,22500000.0
1782,4,Villa,23.0682646,72.5624497,28000000.0
990,3,Apartment,23.0366663,72.5492165,4200000.0
746,3,Apartment,23.2524609,72.4843063,5100000.0
1800,2,Apartment,23.0682646,72.5624497,7000000.0
675,3,Apartment,23.067695,72.5658899,20000000.0
2970,6,Villa,23.0682646,72.5624497,56000000.0
1250,2,Apartment,23.02314,72.5716348,5500000.0
2538,6,Apartment,23.2420572,72.4880711,23100000.0
990,6,Apartment,23.2420572,72.4880711,16000000.0
2403,4,Villa,23.0399922,72.5778602,11000000.0
1296,2,Apartment,23.0682238,72.5640995,6300000.0
2106,4,Villa,23.06783,72.5677367,27500000.0
2106,3,Apartment,23.0682238,72.5640995,11100000.000000002
2250,6,Apartment,23.067695,72.5658899,20000000.0
3906,6,Apartment,23.0682238,72.5640995,27000000.0
2700,4,Villa,23.067695,72.5658899,30000000.0
1296,2,Apartment,23.0682646,72.5624497,6500000.0
2232,3,Apartment,22.9979199,72.5595221,10400000.0
1400,2,Apartment,23.0873325,72.5490547,5000000.0
1810,4,Villa,23.0873325,72.5490547,18500000.0
1512,4,Apartment,23.0873325,72.5490547,20500000.0
500,1,Villa,23.0873325,72.5490547,5500000.0
630,3,Apartment,23.0215374,72.5800568,2800000.0000000005
1080,2,Apartment,23.0873325,72.5490547,4500000.0
1250,2,Apartment,23.0873325,72.5490547,8500000.0
990,2,Apartment,23.0873325,72.5490547,2350000.0
350,1,Villa,23.0589037,72.5555343,1500000.0
600,2,Apartment,22.9519183,72.6113595,2500000.0
1200,3,Apartment,23.0589037,72.5555343,6500000.0
315,1,Apartment,23.0637665,72.555444,1100000.0
3600,6,Villa,23.0215374,72.5800568,8000000.0
375,2,Villa,22.9729765,72.5895984,2500000.0
801,1,Apartment,23.0873325,72.5490547,2500000.0
1500,4,Villa,23.0215374,72.5800568,2400000.0
1900,3,Apartment,23.0873325,72.5490547,14500000.0
1654,4,Apartment,23.0244661,72.6863241,13000000.0
850,3,Apartment,23.0244661,72.6863241,8000000.0
1001,2,Apartment,23.0244661,72.6863241,7200000.0
500,2,Apartment,23.0244661,72.6863241,7200000.0
2250,6,Villa,23.0838316,72.6488435,7000000.0
1035,2,Apartment,23.0687402,72.6734956,2300000.0
699,2,Apartment,23.0866321,72.6148095,3200000.0
1377,2,Apartment,22.9969634,72.633455,5500000.0
900,2,Villa,23.0873325,72.5490547,2800000.0000000005
1800,2,Apartment,23.0215374,72.5800568,7000000.0
857,2,Apartment,23.0839289,72.6785883,5850000.0
900,2,Apartment,23.0637665,72.555444,3000000.0
4050,4,Villa,23.1304631,72.4982269,25000000.0
770,4,Villa,23.1463347,72.4952508,24000000.0
9000,4,Villa,22.9830383,72.4352211,35000000.0
11790,3,Apartment,23.1326018,72.2528002,24000000.0
4500,4,Villa,23.0733482,72.6414952,12500000.0
1800,4,Apartment,23.0123687,72.6450308,14100000.0
900,3,Apartment,23.0156794,72.5644623,9100000.0
648,1,Apartment,22.9402206,72.4567127,1300000.0
685,1,Apartment,22.9402206,72.4567127,1800000.0
600,2,Apartment,22.9402206,72.4567127,2800000.0000000005
650,1,Apartment,22.9402206,72.4567127,1700000.0000000002
927,2,Apartment,22.9402206,72.4567127,2600000.0
1200,3,Villa,22.9402206,72.4567127,6500000.0
360,1,Apartment,22.9402206,72.4567127,550000.0
639,1,Apartment,22.9402206,72.4567127,1800000.0
927,2,Apartment,22.9402206,72.4567127,2400000.0
945,2,Apartment,22.9402206,72.4567127,2600000.0
583,2,Apartment,22.9402206,72.4567127,2700000.0
584,1,Apartment,22.9402206,72.4567127,1000000.0
990,2,Apartment,22.9402206,72.4567127,2700000.0
583,2,Apartment,22.9402206,72.4567127,2700000.0
630,1,Apartment,22.9402206,72.4567127,1500000.0
1136,2,Apartment,22.9402206,72.4567127,2700000.0
927,2,Apartment,22.9402206,72.4567127,6500000.0
720,1,Apartment,22.9402206,72.4567127,1600000.0
720,2,Apartment,22.9402206,72.4567127,1500000.0
720,2,Apartment,22.9402206,72.4567127,1350000.0
1500,1,Apartment,23.0287779,72.6282364,1700000.0000000002
693,1,Apartment,22.9402206,72.4567127,1800000.0
2700,3,Villa,22.99061,72.6367664,6500000.0
1800,3,Villa,23.0215374,72.5800568,5200000.0
1737,2,Villa,22.99061,72.6367664,5000000.0
1512,3,Villa,22.9402206,72.4567127,5500000.0
650,1,Apartment,22.9402206,72.4567127,600000.0
2205,3,Villa,22.9402206,72.4567127,7500000.0
900,2,Apartment,22.9402206,72.4567127,2500000.0
1179,2,Apartment,22.9402206,72.4567127,4700000.0
720,2,Apartment,22.9402206,72.4567127,1250000.0
918,2,Apartment,22.9402206,72.4567127,3000000.0
1386,3,Apartment,23.0215374,72.5800568,4600000.0
360,1,Apartment,22.9402206,72.4567127,650000.0
918,2,Apartment,23.0326231,72.5709891,2500000.0
1530,4,Apartment,22.9402206,72.4567127,4500000.0
837,2,Apartment,23.0366663,72.5492165,2849999.9999999995
747,2,Apartment,22.9402206,72.4567127,1200000.0
1035,2,Apartment,23.0326231,72.5709891,3200000.0
1000,1,Apartment,22.9402206,72.4567127,2100000.0
1200,3,Villa,22.9402206,72.4567127,6500000.0
1503,3,Villa,22.9402206,72.4567127,7500000.0
1359,3,Villa,23.0215374,72.5800568,5800000.0
742,1,Apartment,22.9402206,72.4567127,1400000.0000000002
576,2,Apartment,23.298153,72.3397926,3500000.0
1179,2,Apartment,23.1198532,72.6234496,4700000.0
1179,2,Apartment,23.1198532,72.6234496,4300000.0
1215,4,Apartment,23.1240001,72.6240571,23000000.0
2653,4,Villa,23.1240001,72.6240571,20000000.0
1179,2,Apartment,23.1198532,72.6234496,6000000.0
1179,2,Apartment,23.1198532,72.6234496,5500000.0
972,2,Apartment,23.1201139,72.6251307,4500000.0
2034,2,Apartment,23.1240001,72.6240571,5400000.0
999,2,Apartment,23.1198532,72.6234496,4200000.0
1431,3,Apartment,23.1201139,72.6251307,6000000.0
1944,3,Apartment,23.1842877,72.6151463,7700000.0
2385,3,Apartment,23.1704419,72.6234269,7600000.0
1935,3,Apartment,23.1026771,72.6329349,7500000.0
1908,3,Apartment,23.1704419,72.6234269,7600000.0
1944,3,Apartment,23.1842877,72.6151463,7776000.0
1764,3,Apartment,23.1026771,72.6329349,7000000.0
1782,3,Apartment,23.2232877,72.6492267,7000000.0
1863,3,Apartment,23.2857385,72.6911861,7000000.0
1890,3,Apartment,23.1842877,72.6151463,7560000.0
1908,3,Apartment,23.0111491,72.5132562,7400000.0
1890,3,Apartment,23.1981316,72.6145679,7500000.0
1982,3,Apartment,22.957118,72.611815,7600000.0
1782,3,Apartment,23.2145657,72.6856816,7029000.0
1845,3,Apartment,23.1704419,72.6234269,7200000.0
1746,3,Apartment,23.0328924,72.5604427,7300000.0
1782,3,Apartment,23.1704419,72.6234269,7000000.0
1845,3,Apartment,23.0063315,72.536517,7380000.0
1728,3,Apartment,23.1842877,72.6151463,7000000.0
1737,3,Apartment,22.9984191,72.5604684,7500000.0
1620,3,Apartment,23.1842877,72.6151463,7500000.0
1674,3,Apartment,23.1047391,72.5976157,7500000.0
1854,3,Apartment,23.2145657,72.6856816,7500000.0
1692,3,Apartment,23.1842877,72.6151463,7500000.0
1065,3,Apartment,23.0306499,72.5101971,7500000.0
1719,3,Apartment,23.2413205,72.501346,7000000.0
846,3,Apartment,23.1842877,72.6151463,7500000.0
1593,3,Apartment,23.1842877,72.6151463,7900000.0
387,1,Villa,23.0456662,72.6409989,10000000.0
298,1,Apartment,23.0456662,72.6409989,1350000.0
860,2,Villa,23.0456662,72.6409989,4000000.0
860,2,Villa,23.0456662,72.6409989,4000000.0
861,2,Apartment,23.0456662,72.6409989,4000000.0
1314,2,Apartment,23.0398447,72.6298154,5840000.0
2025,3,Villa,23.0516973,72.535169,30000000.0
2025,3,Apartment,23.0516973,72.535169,32500000.0
1800,3,Apartment,23.1153559,72.5366513,27500000.0
2690,3,Villa,23.0589037,72.5555343,35000000.0
2025,4,Villa,23.0516973,72.535169,25099999.999999996
1890,4,Apartment,23.0516973,72.535169,25000000.0
2925,3,Villa,23.0516973,72.535169,37000000.0
2865,4,Apartment,23.0516973,72.535169,26000000.0
3024,4,Apartment,23.0516973,72.535169,22500000.0
1215,3,Villa,23.0516973,72.535169,15000000.0
900,3,Apartment,23.0516973,72.535169,15000000.0
4600,4,Apartment,23.0516973,72.535169,15000000.0
1683,3,Apartment,23.0516973,72.535169,15000000.0
1100,3,Apartment,23.0516973,72.535169,15000000.0
1350,3,Apartment,23.0215374,72.5800568,5100000.0
640,2,Apartment,23.0225299,72.5416944,8500000.0
4433,4,Apartment,23.0225299,72.5416944,36400000.0
2295,3,Apartment,23.0225299,72.5416944,19000000.0
4152,4,Apartment,23.0265739,72.5489628,31300000.0
4356,4,Apartment,23.0676665,72.5721746,30000000.0
2835,4,Villa,23.0265739,72.5489628,37500000.0
2450,3,Apartment,23.0674161,72.5827507,25000000.0
3150,4,Apartment,23.0676665,72.5721746,25000000.0
2800,3,Apartment,23.0674161,72.5827507,24000000.0
1917,3,Apartment,23.0676665,72.5721746,22500000.0
1800,4,Villa,23.0676665,72.5721746,21100000.0
1184,4,Villa,23.0674161,72.5827507,20000000.0
2452,4,Apartment,23.0676665,72.5721746,45000000.0
2700,3,Apartment,23.0069531,72.5055345,21000000.0
2360,3,Apartment,23.0674161,72.5827507,21500000.0
3240,4,Villa,23.0676665,72.5721746,20000000.0
2360,3,Apartment,23.0674161,72.5827507,20700000.0
2360,3,Apartment,23.0674161,72.5827507,20000000.0
2541,3,Apartment,23.0265739,72.5489628,19200000.0
2550,4,Apartment,23.0676665,72.5721746,18500000.0
2310,3,Apartment,23.0674161,72.5827507,18100000.0
2400,3,Apartment,23.0674161,72.5827507,18000000.0
2070,3,Apartment,23.0265739,72.5489628,16500000.0
600,4,Apartment,23.0401695,72.6625484,12000000.0
1400,3,Apartment,23.0401695,72.6625484,11000000.0
675,1,Apartment,23.0363265,72.5650744,1620000.0
645,2,Villa,23.038742,72.6401062,2000000.0
360,1,Apartment,23.1143235,72.5587865,1400000.0000000002
650,2,Villa,23.06384,72.5430733,900000.0
504,1,Apartment,23.0392262,72.6383065,1100000.0
500,1,Apartment,23.038742,72.6401062,800000.0
2500,4,Apartment,23.0546669,72.6392596,17500000.0
1440,5,Apartment,23.038742,72.6401062,18500000.0
980,3,Apartment,23.038742,72.6401062,5300000.0
864,1,Apartment,23.038742,72.6401062,7200000.0
675,1,Apartment,23.0392262,72.6383065,1620000.0
605,2,Apartment,22.9930907,72.6053857,4000000.0
765,1,Apartment,23.0839289,72.6785883,2800000.0000000005
1000,4,Villa,23.298153,72.3397926,17500000.0
765,3,Apartment,22.9966938,72.5833917,6500000.0
900,3,Apartment,22.9966938,72.5833917,7000000.0
1800,2,Apartment,22.9966938,72.5833917,11000000.0
1881,5,Villa,22.9966938,72.5833917,40000000.0
1170,2,Villa,22.9966938,72.5833917,4000000.0
1100,4,Apartment,22.9993547,72.6137203,11000000.0
1250,4,Villa,22.9993547,72.6137203,8900000.0
1530,4,Villa,22.9993547,72.6137203,11500000.0
800,4,Apartment,22.9993547,72.6137203,11000000.0
2160,4,Apartment,23.0017632,72.5940885,11100000.000000002
1250,3,Apartment,22.995457,72.5990646,9250000.0
1485,3,Apartment,22.9993547,72.6137203,12700000.0
1055,3,Villa,22.9729765,72.5895984,9000000.0
2250,4,Villa,22.9729765,72.5895984,13600000.000000002
2250,4,Apartment,22.9986596,72.6114013,13000000.0
2250,4,Villa,22.9729765,72.5895984,13400000.0
1890,3,Apartment,22.9986596,72.6114013,14500000.0
2700,4,Apartment,22.9729765,72.5895984,12000000.0
1512,3,Apartment,22.995457,72.5990646,20000000.0
2000,3,Apartment,23.0017632,72.5940885,11500000.0
1044,4,Apartment,23.0017632,72.5940885,15000000.0
1050,4,Apartment,23.0017632,72.5940885,9400000.0
1350,4,Villa,22.9986596,72.6114013,15000000.0
1900,3,Villa,22.9986596,72.6114013,13500000.0
1800,4,Villa,22.9986596,72.6114013,13500000.0
1305,4,Apartment,22.9986596,72.6114013,16000000.0
2151,3,Apartment,23.0017632,72.5940885,13500000.0
1845,3,Apartment,22.9986596,72.6114013,11500000.0
2232,4,Apartment,23.0017632,72.5940885,9600000.0
2200,3,Villa,22.9986596,72.6114013,17600000.0
1080,4,Villa,22.9986596,72.6114013,18000000.0
1620,3,Apartment,22.9986596,72.6114013,9000000.0
1830,3,Apartment,23.0264444,72.5120935,16100000.000000002
945,2,Apartment,23.0264444,72.5120935,7500000.0
1693,3,Apartment,23.0264444,72.5120935,13500000.0
3150,4,Apartment,23.0264444,72.5120935,27500000.0
1850,3,Apartment,23.0264444,72.5120935,16000000.0
855,2,Apartment,23.0264444,72.5120935,15000000.0
2295,4,Villa,23.0264444,72.5120935,35100000.0
1705,3,Apartment,23.0264444,72.5120935,15500000.0
4680,5,Villa,23.0264444,72.5120935,21000000.0
2050,3,Apartment,23.0264444,72.5120935,16000000.0
1011,3,Apartment,23.0264444,72.5120935,15000000.0
1400,1,Apartment,23.0264444,72.5120935,4800000.0
1755,3,Apartment,23.0264444,72.5120935,10500000.0
1665,4,Apartment,23.0264444,72.5120935,12500000.0
1620,4,Villa,23.0079064,72.5174367,28000000.0
2250,4,Apartment,23.0079064,72.5174367,31100000.0
2700,4,Villa,23.0079064,72.5174367,28000000.0
2250,4,Villa,23.0079064,72.5174367,25900000.0
1854,3,Villa,23.0000258,72.5051405,35000000.0
2025,3,Apartment,23.0676665,72.5721746,35000000.0
2025,3,Villa,23.0000258,72.5051405,35000000.0
2250,4,Apartment,23.0000258,72.5051405,35000000.0
3350,4,Apartment,23.0676665,72.5721746,30299999.999999996
1170,3,Villa,23.0000258,72.5051405,25000000.0
2250,4,Villa,23.0079064,72.5174367,36000000.0
1215,3,Villa,23.0000258,72.5051405,23500000.0
2169,3,Villa,23.0000258,72.5051405,37500000.0
1917,4,Apartment,23.0242849,72.5313961,37500000.0
3480,4,Apartment,23.0676665,72.5721746,29000000.0
3800,4,Apartment,23.0000258,72.5051405,29000000.0
3500,4,Apartment,23.0000258,72.5051405,31500000.0
3447,4,Apartment,23.0225299,72.5416944,31100000.0
3350,4,Apartment,23.0000258,72.5051405,30000000.0
1800,3,Villa,23.0079064,72.5174367,25000000.0
2403,3,Apartment,23.0676665,72.5721746,28000000.0
1395,3,Apartment,23.1010002,72.5408363,7300000.0
1710,3,Apartment,23.1010002,72.5408363,7900000.0
1260,3,Apartment,23.1010002,72.5408363,7500000.0
1035,1,Apartment,23.0236445,72.590012,2049999.9999999998
360,3,Villa,23.0215374,72.5800568,5000000.0
592,1,Apartment,23.0423379,72.549193,1800000.0
1000,3,Villa,23.0215374,72.5800568,4000000.0
200,2,Apartment,23.0215374,72.5800568,1400000.0000000002
936,2,Apartment,23.0111491,72.5132562,3150000.0
890,2,Apartment,23.190072,72.626936,2600000.0
1260,4,Villa,22.9811295,72.6012948,11500000.0
920,2,Apartment,22.9811295,72.6012948,6000000.0
600,2,Apartment,23.0271267,72.5226289,6500000.0
538,3,Apartment,23.0031192,72.6335677,3800000.0
538,3,Apartment,23.0031192,72.6335677,3800000.0
699,2,Villa,23.0031192,72.6335677,4900000.0
882,1,Apartment,23.0031192,72.6335677,3500000.0
1450,3,Apartment,23.0031192,72.6335677,8250000.0
240,1,Villa,23.0031192,72.6335677,1751000.0
765,2,Apartment,23.0031192,72.6335677,5000000.0
2421,3,Villa,23.0031192,72.6335677,9200000.0
720,1,Apartment,23.0031192,72.6335677,4000000.0
2250,4,Apartment,23.0057574,72.6269822,12500000.0
1200,4,Villa,23.0057574,72.6269822,11000000.0
1872,4,Apartment,23.0215374,72.5800568,10000000.0
672,2,Apartment,23.0057574,72.6269822,9500000.0
1200,3,Apartment,23.0057574,72.6269822,15000000.0
1905,3,Apartment,23.0057574,72.6269822,15000000.0
2421,3,Apartment,23.0057574,72.6269822,9200000.0
8640,2,Villa,23.0057574,72.6269822,8000000.0
900,4,Apartment,23.0733482,72.6414952,17500000.0
1065,2,Villa,23.0057574,72.6269822,7500000.0
1314,3,Apartment,23.0215374,72.5800568,8000000.0
1323,3,Villa,23.0215374,72.5800568,8000000.0
1197,9,Apartment,23.0215374,72.5800568,11000000.0
630,2,Apartment,23.2145657,72.6856816,2300000.0
728,2,Apartment,23.0215374,72.5800568,2000000.0
1350,4,Villa,22.9729765,72.5895984,11000000.0
1214,3,Apartment,22.9729765,72.5895984,8500000.0
2335,3,Apartment,23.1360943,72.5425805,17800000.0
697,2,Apartment,23.1360943,72.5425805,7000000.0
1800,3,Apartment,23.1360943,72.5425805,13500000.0
1248,2,Apartment,23.1360943,72.5425805,7500000.0
1215,2,Apartment,23.1360943,72.5425805,7100000.0
2419,4,Apartment,23.1360943,72.5425805,27500000.0
1284,3,Apartment,23.1360943,72.5425805,16000000.0
690,2,Apartment,23.1360943,72.5425805,6800000.000000001
826,3,Apartment,23.1360943,72.5425805,9000000.0
1350,3,Apartment,22.9790982,72.4584095,8350000.0
1215,2,Apartment,23.1360943,72.5425805,7080000.0
1145,2,Apartment,23.0147236,72.4708066,6500000.0
6650,4,Apartment,23.1701591,72.526586,53200000.0
7755,4,Apartment,23.1701591,72.526586,65900000.0
2335,3,Apartment,23.2125309,72.684767,17000000.0
818,2,Apartment,23.06384,72.5430733,4890000.0
1480,3,Apartment,23.1360943,72.5425805,9785000.0
3211,4,Apartment,23.011445,72.5864365,22100000.0
700,2,Apartment,23.1589328,72.5380315,5200000.0
1250,2,Apartment,23.0470533,72.6492609,7850000.0
1427,3,Apartment,23.1589328,72.5380315,8250000.0
1145,2,Apartment,23.1589328,72.5380315,6800000.000000001
1427,3,Apartment,23.1360943,72.5425805,9000000.0
1030,2,Apartment,23.0147236,72.4708066,9500000.0
1200,2,Apartment,23.1360943,72.5425805,6700000.0
1214,2,Apartment,23.1360943,72.5425805,6800000.000000001
812,3,Apartment,23.011445,72.5864365,9900000.0
2385,3,Apartment,23.2125309,72.684767,17500000.0
1330,4,Villa,23.0017632,72.5940885,20000000.0
1800,2,Apartment,22.992195,72.6116113,13000000.0
810,3,Apartment,22.9811295,72.6012948,9500000.0
375,1,Apartment,23.0069372,72.5208415,3500000.0
1080,2,Apartment,23.0069372,72.5208415,10500000.0
666,2,Apartment,23.0069372,72.5208415,3500000.0
1310,2,Apartment,23.0069372,72.5208415,6500000.0
1050,2,Apartment,23.0069372,72.5208415,5200000.0
850,2,Apartment,23.0069372,72.5208415,2849999.9999999995
522,1,Apartment,23.0069372,72.5208415,2575000.0
585,1,Apartment,23.0069372,72.5208415,3000000.0
1152,2,Apartment,23.0069372,72.5208415,5500000.0
1868,3,Apartment,23.0069372,72.5208415,12000000.0
416,1,Apartment,23.0069372,72.5208415,4000000.0
1215,2,Apartment,23.0069372,72.5208415,6300000.0
1218,2,Apartment,23.0069372,72.5208415,6300000.0
1350,2,Apartment,23.0069372,72.5208415,40000000.0
1450,2,Apartment,23.0069372,72.5208415,6250000.0
495,1,Apartment,23.0069372,72.5208415,2900000.0
1098,2,Apartment,23.0069372,72.5208415,5200000.0
495,1,Villa,23.0069372,72.5208415,6000000.0
548,2,Apartment,23.0069372,72.5208415,6000000.0
1100,2,Apartment,23.0069372,72.5208415,5500000.0
2500,4,Villa,23.0069372,72.5208415,17500000.0
1250,4,Apartment,23.2356278,72.4995748,16000000.0
1355,2,Apartment,23.0024361,72.5204272,6800000.000000001
950,2,Apartment,23.2145657,72.6856816,5000000.0
3785,5,Apartment,23.0544372,72.4720756,25000000.0
1301,3,Apartment,23.0716125,72.6367479,6860000.000000001
4000,4,Apartment,23.0544372,72.4720756,28000000.0
3351,4,Apartment,23.0544372,72.4720756,20099999.999999996
2675,3,Apartment,23.0544372,72.4720756,16000000.0
6315,4,Apartment,23.1998916,72.6637473,44200000.0
1550,3,Apartment,23.0544372,72.4720756,9200000.0
1986,3,Apartment,23.0544372,72.4720756,8004000.0
1651,3,Apartment,23.0544372,72.4720756,18000000.0
1800,3,Apartment,23.0544372,72.4720756,8100000.000000001
3655,4,Apartment,23.0544372,72.4720756,19900000.0
1750,3,Apartment,23.0544372,72.4720756,9200000.0
1530,3,Apartment,23.0544372,72.4720756,7000000.0
1570,3,Apartment,23.0544372,72.4720756,9200000.0
1760,3,Apartment,23.0544372,72.4720756,9400000.0
2065,3,Apartment,23.0544372,72.4720756,9500000.0
1761,3,Apartment,23.0544372,72.4720756,9100000.0
1750,3,Apartment,23.0544372,72.4720756,8500000.0
1750,3,Apartment,23.0544372,72.4720756,7875000.0
1755,3,Apartment,23.0544372,72.4720756,8800000.0
1630,3,Apartment,23.0544372,72.4720756,7000000.0
1761,3,Apartment,23.0544372,72.4720756,9400000.0
1760,3,Apartment,23.0544372,72.4720756,9600000.0
1780,3,Apartment,23.0544372,72.4720756,8400000.0
1761,3,Apartment,23.0544372,72.4720756,8169999.999999999
1769,3,Apartment,23.0544372,72.4720756,8165000.0
1710,3,Apartment,23.0544372,72.4720756,8400000.0
1760,3,Apartment,23.0544372,72.4720756,8976000.0
1760,3,Apartment,23.0544372,72.4720756,10000000.0
5400,5,Villa,23.0839289,72.6785883,80000000.0
1750,3,Apartment,23.0544372,72.4720756,10800000.0
1301,3,Apartment,23.1081937,72.5328119,8700000.0
2250,3,Villa,23.0544372,72.4720756,27500000.0
1745,3,Apartment,23.0544372,72.4720756,10000000.0
2070,4,Villa,23.2478221,72.4852775,32799999.999999996
1750,3,Apartment,23.0544372,72.4720756,7500000.0
1630,3,Apartment,23.0544372,72.4720756,9600000.0
962,3,Apartment,22.9677692,72.3056957,10200000.0
1291,2,Apartment,23.1183825,72.6213211,5400000.0
980,3,Apartment,23.0544372,72.4720756,9500000.0
1761,3,Apartment,23.0544372,72.4720756,8400000.0
1830,3,Apartment,23.0544372,72.4720756,11500000.0
1500,3,Apartment,23.0544372,72.4720756,7500000.0
1750,3,Apartment,23.0328924,72.5604427,9900000.0
1630,3,Apartment,23.0544372,72.4720756,8800000.0
1550,3,Apartment,23.0544372,72.4720756,8100000.000000001
1550,3,Apartment,23.0544372,72.4720756,7800000.0
1566,3,Apartment,23.0544372,72.4720756,9500000.0
1750,3,Apartment,22.9677692,72.3056957,9700000.0
1550,3,Apartment,23.0544372,72.4720756,7300000.0
1550,3,Apartment,23.0544372,72.4720756,7250000.0
1566,3,Apartment,23.0544372,72.4720756,8199999.999999999
1285,2,Apartment,23.0544372,72.4720756,6200000.0
1530,3,Apartment,23.0544372,72.4720756,7500000.0
1490,3,Apartment,23.0544372,72.4720756,7500000.0
1500,3,Apartment,23.0544372,72.4720756,8500000.0
1615,3,Apartment,23.0544372,72.4720756,7700000.0
4113,4,Villa,23.0544372,72.4720756,50000000.0
1780,3,Apartment,23.0544372,72.4720756,8500000.0
1290,2,Apartment,23.252596,72.4840781,6700000.0
1530,3,Apartment,23.0839289,72.6785883,9000000.0
1301,2,Apartment,23.0544372,72.4720756,6500000.0
2801,4,Apartment,23.0544372,72.4720756,22000000.0
1385,2,Apartment,23.0544372,72.4720756,6850000.000000001
1500,3,Apartment,23.0604301,72.6537943,8000000.0
1080,2,Apartment,23.0056298,72.5231013,4750000.0
3600,5,Apartment,23.0056298,72.5231013,50000000.0
450,2,Apartment,23.0676665,72.5721746,4000000.0
2100,3,Apartment,23.0056298,72.5231013,12000000.0
475,1,Apartment,23.0056298,72.5231013,2500000.0
1845,3,Apartment,23.0056298,72.5231013,9500000.0
1100,2,Villa,23.0056298,72.5231013,5100000.0
864,2,Apartment,23.0056298,72.5231013,5100000.0
432,1,Apartment,23.0056298,72.5231013,6000000.0
981,2,Apartment,23.0056298,72.5231013,5500000.0
900,2,Apartment,23.0056298,72.5231013,3200000.0
450,1,Villa,23.0676665,72.5721746,1600000.0
400,1,Apartment,23.0676665,72.5721746,1300000.0
578,3,Villa,23.0676665,72.5721746,5000000.0
1350,2,Apartment,23.0255831,72.5691076,5100000.0
1000,2,Apartment,23.0676665,72.5721746,5000000.0
1890,3,Apartment,22.9954947,72.5165644,32000000.0
765,3,Villa,23.0056298,72.5231013,7000000.0
1500,1,Villa,23.0056298,72.5231013,6200000.0
540,1,Villa,23.0676665,72.5721746,1650000.0
990,2,Apartment,23.0056298,72.5231013,3800000.0
1000,3,Villa,23.0056298,72.5231013,3500000.0
2270,4,Apartment,23.0056298,72.5231013,16000000.0
861,2,Apartment,23.1579315,72.6575495,3000000.0
1260,2,Apartment,23.0056298,72.5231013,3000000.0
2088,1,Villa,23.0056298,72.5231013,18000000.0
900,2,Villa,23.0056298,72.5231013,4500000.0
3240,1,Apartment,23.0056298,72.5231013,2200000.0
450,2,Apartment,23.0056298,72.5231013,1600000.0
1260,4,Apartment,23.0056298,72.5231013,17000000.0
1800,2,Apartment,23.0056298,72.5231013,8500000.0
1980,3,Apartment,23.0056298,72.5231013,10000000.0
1197,4,Apartment,23.2420572,72.4880711,3500000.0
4770,6,Villa,23.0056298,72.5231013,11000000.0
1350,3,Apartment,23.0056298,72.5231013,6500000.0
1350,4,Villa,23.0056298,72.5231013,3800000.0
770,4,Apartment,23.0056298,72.5231013,4000000.0
585,1,Villa,23.0056298,72.5231013,1500000.0
1107,3,Apartment,23.0056298,72.5231013,4500000.0
1000,3,Apartment,23.0056298,72.5231013,3500000.0
900,3,Villa,23.0056298,72.5231013,8000000.0
1000,2,Apartment,23.0056298,72.5231013,5500000.0
990,2,Apartment,23.0056298,72.5231013,5900000.0
495,2,Apartment,23.0056298,72.5231013,4500000.0
2200,4,Villa,23.0271267,72.5226289,12500000.0
1614,3,Apartment,23.0056298,72.5231013,9000000.0
800,1,Apartment,23.0056298,72.5231013,4500000.0
3300,4,Apartment,23.0485393,72.511742,20900000.0
1322,3,Apartment,23.0048635,72.598021,27000000.0
1399,4,Villa,23.0485393,72.511742,20000000.0
450,1,Apartment,23.0111491,72.5132562,5500000.0
3150,3,Villa,23.0485393,72.511742,36000000.0
5238,4,Apartment,23.0544372,72.4720756,105000000.0
5900,4,Apartment,22.961925,72.4151927,56100000.0
5400,4,Apartment,23.0485393,72.511742,97000000.0
4775,4,Villa,23.0244466,72.5589826,46000000.0
1764,3,Apartment,23.0581179,72.5047692,11000000.0
6000,4,Apartment,23.0485393,72.511742,55000000.0
3973,4,Apartment,23.0485393,72.511742,32100000.0
2930,4,Apartment,23.0485393,72.511742,28500000.0
3600,4,Apartment,23.0485393,72.511742,24500000.0
4293,4,Apartment,23.0485393,72.511742,32200000.000000004
4292,4,Apartment,23.0458191,72.5523558,32200000.000000004
4636,4,Apartment,23.0544372,72.4720756,34800000.0
400,4,Apartment,23.0485393,72.511742,68000000.0
5100,4,Apartment,23.0485393,72.511742,61200000.0
4500,4,Apartment,23.0485393,72.511742,85000000.0
5400,4,Apartment,23.0485393,72.511742,47500000.0
1692,3,Apartment,23.0485393,72.511742,16200000.000000002
10201,5,Villa,23.0544372,72.4720756,85000000.0
3393,4,Apartment,23.217789,72.667326,35000000.0
1179,2,Apartment,23.0638779,72.5260231,7500000.0
1179,2,Apartment,23.0485393,72.511742,7700000.0
3800,4,Apartment,23.0485393,72.511742,27100000.0
3700,4,Apartment,23.0485393,72.511742,25900000.0
5400,4,Apartment,23.0181819,72.4681909,51500000.0
4653,4,Apartment,23.0485393,72.511742,105100000.0
3852,4,Villa,23.0485393,72.511742,69000000.0
4950,4,Villa,23.0485393,72.511742,95000000.0
1800,3,Apartment,23.0485393,72.511742,18500000.0
5247,6,Villa,23.0485393,72.511742,93300000.0
4644,4,Apartment,23.0544372,72.4720756,33400000.0
4241,4,Apartment,23.0544372,72.4720756,30500000.0
4292,4,Apartment,23.0485393,72.511742,30900000.0
3495,4,Apartment,23.0544372,72.4720756,26500000.0
4643,4,Apartment,23.0485393,72.511742,34800000.0
4294,4,Apartment,23.0485393,72.511742,32200000.000000004
1200,2,Apartment,23.0485393,72.511742,7600000.0
1377,3,Apartment,23.0485393,72.511742,14500000.0
2700,4,Apartment,23.0485393,72.511742,37500000.0
3920,4,Apartment,23.0260558,72.5031438,28200000.0
3790,4,Apartment,23.0485393,72.511742,26900000.0
3700,4,Apartment,23.0485393,72.511742,24800000.0
5620,4,Apartment,23.0485393,72.511742,44000000.0
5900,4,Apartment,23.0485393,72.511742,53099999.99999999
1655,3,Apartment,23.0485393,72.511742,16000000.0
4350,4,Apartment,23.0485393,72.511742,45000000.0
4350,4,Apartment,23.0485393,72.511742,32700000.0
2540,3,Apartment,23.2145657,72.6856816,17000000.0
4325,4,Apartment,23.0485393,72.511742,31100000.0
4130,4,Apartment,23.0485393,72.511742,29700000.000000004
3550,4,Apartment,23.0544372,72.4720756,26600000.0
3475,4,Apartment,23.0544372,72.4720756,26100000.0
4500,4,Villa,23.0716125,72.6367479,55000000.0
5100,4,Apartment,23.0485393,72.511742,45000000.0
4000,4,Apartment,23.0485393,72.511742,26500000.0
2394,3,Apartment,23.0485393,72.511742,26100000.0
4320,6,Apartment,23.0485393,72.511742,90000000.0
2250,3,Apartment,23.0485393,72.511742,12700000.0
1800,4,Apartment,23.0485393,72.511742,28000000.0
1180,2,Apartment,23.0485393,72.511742,7600000.0
4060,4,Apartment,23.0485393,72.511742,55000000.0
5100,4,Apartment,23.0485393,72.511742,60000000.0
1440,3,Apartment,23.0485393,72.511742,13500000.0
1800,3,Apartment,23.0485393,72.511742,16500000.0
3480,4,Apartment,23.0485393,72.511742,27799999.999999996
3480,4,Apartment,23.0485393,72.511742,27400000.000000004
1945,3,Apartment,23.0839289,72.6785883,18500000.0
4350,4,Apartment,23.0485393,72.511742,32500000.0
927,2,Apartment,23.0581218,72.5208841,6200000.0
5100,4,Apartment,23.0485393,72.511742,58600000.0
3550,4,Apartment,23.0544372,72.4720756,26600000.0
3210,4,Apartment,23.0485393,72.511742,20900000.0
310,3,Villa,23.1136923,72.5404916,48000000.0
2025,3,Apartment,23.252596,72.4840781,12500000.0
4625,4,Apartment,23.0544372,72.4720756,36000000.0
5051,4,Apartment,22.7304066,72.4368132,37900000.0
2025,3,Apartment,23.0485393,72.511742,17000000.0
3464,4,Apartment,23.0485393,72.511742,29000000.0
2800,4,Apartment,23.0485393,72.511742,27500000.0
4500,4,Apartment,23.0485393,72.511742,42500000.0
5100,4,Apartment,23.0485393,72.511742,40000000.0
3400,4,Apartment,23.0485393,72.511742,30000000.0
3500,4,Apartment,23.0485393,72.511742,40000000.0
2799,4,Apartment,23.0485393,72.511742,27500000.0
2406,3,Apartment,23.0485393,72.511742,22500000.0
2142,3,Apartment,23.0485393,72.511742,20000000.0
2810,4,Apartment,23.0485393,72.511742,30000000.0
300,3,Apartment,23.0716125,72.6367479,36500000.0
2394,3,Apartment,23.0048635,72.598021,25000000.0
2430,3,Apartment,23.0485393,72.511742,19000000.0
3798,4,Apartment,23.0485393,72.511742,30000000.0
2548,3,Apartment,23.0485393,72.511742,22500000.0
2810,4,Apartment,23.0485393,72.511742,32500000.0
3339,4,Apartment,23.0485393,72.511742,65000000.0
3960,4,Villa,23.0485393,72.511742,60000000.0
2845,4,Apartment,23.0544372,72.4720756,35100000.0
2385,4,Apartment,23.0485393,72.511742,53000000.0
900,2,Apartment,23.0485393,72.511742,6500000.0
8100,5,Villa,23.0485393,72.511742,80000000.0
1485,4,Villa,23.0485393,72.511742,25099999.999999996
2448,4,Villa,23.0485393,72.511742,40000000.0
6300,5,Villa,23.0485393,72.511742,140000000.0
3276,4,Villa,23.1136923,72.5404916,55000000.0
4716,4,Apartment,23.0485393,72.511742,36000000.0
4200,4,Apartment,23.0485393,72.511742,30400000.0
4293,4,Apartment,23.0485393,72.511742,31300000.0
4400,4,Apartment,23.0485393,72.511742,32000000.0
4241,4,Apartment,23.0485393,72.511742,30900000.0
4636,4,Apartment,23.0485393,72.511742,33800000.0
4250,4,Apartment,23.0485393,72.511742,30800000.0
4600,4,Apartment,23.0485393,72.511742,33100000.0
4293,4,Apartment,23.0485393,72.511742,31100000.0
4241,4,Apartment,23.0485393,72.511742,30800000.0
4636,4,Apartment,23.0485393,72.511742,33300000.0
2322,3,Apartment,23.0485393,72.511742,36500000.0
3480,4,Apartment,23.0485393,72.511742,30600000.0
2930,4,Apartment,23.0485393,72.511742,25800000.0
4455,4,Apartment,23.0544372,72.4720756,33000000.0
3790,4,Apartment,23.0544372,72.4720756,28000000.0
3840,4,Apartment,23.0485393,72.511742,42500000.0
3870,4,Villa,23.0485393,72.511742,106000000.0
5130,5,Villa,23.0544372,72.4720756,80000000.0
1170,2,Apartment,23.0485393,72.511742,7490000.0
4100,4,Apartment,23.0485393,72.511742,27900000.0
1890,4,Villa,23.2478221,72.4852775,23000000.0
2065,3,Apartment,23.0485393,72.511742,15000000.0
3745,4,Apartment,23.0485393,72.511742,28100000.0
3400,4,Apartment,23.1213946,72.5404102,25500000.0
4350,4,Apartment,23.0485393,72.511742,31300000.0
4160,4,Apartment,23.0485393,72.511742,28300000.0
2930,4,Apartment,23.0485393,72.511742,24900000.000000004
4350,4,Apartment,23.0485393,72.511742,38500000.0
3960,4,Apartment,23.0485393,72.511742,28500000.0
3722,4,Apartment,23.0471713,72.5582439,44700000.0
3600,4,Apartment,23.1213946,72.5404102,27000000.0
3480,4,Apartment,23.0485393,72.511742,26100000.0
3215,4,Apartment,23.0544372,72.4720756,18600000.0
3393,4,Apartment,23.0485393,72.511742,34500000.0
1980,3,Apartment,23.0485393,72.511742,16500000.0
4290,4,Apartment,23.0485393,72.511742,30900000.0
3850,4,Apartment,23.0544372,72.4720756,28900000.0
3400,4,Apartment,23.0485393,72.511742,24100000.0
4435,4,Apartment,23.0485393,72.511742,31900000.0
2635,3,Apartment,23.0485393,72.511742,21500000.0
5300,4,Villa,23.0485393,72.511742,55000000.0
3920,4,Apartment,23.0544372,72.4720756,25500000.0
2790,3,Villa,23.0485393,72.511742,51100000.0
2025,4,Villa,23.0485393,72.511742,45000000.0
1180,2,Apartment,23.252596,72.4840781,8500000.0
4130,4,Apartment,23.0485393,72.511742,28100000.0
4435,4,Apartment,23.0485393,72.511742,30200000.0
3480,4,Apartment,23.0485393,72.511742,28200000.0
4347,4,Apartment,23.0716125,72.6367479,110000000.0
2295,3,Apartment,23.0485393,72.511742,26500000.0
3700,4,Apartment,23.0485393,72.511742,37500000.0
3550,4,Apartment,23.0485393,72.511742,26600000.0
4455,4,Apartment,23.0485393,72.511742,31600000.0
6161,4,Apartment,23.0485393,72.511742,46200000.0
3600,4,Apartment,23.0485393,72.511742,25200000.0
3600,4,Apartment,23.0485393,72.511742,25600000.0
2700,3,Apartment,22.9138916,72.401875,47500000.0
1650,3,Apartment,23.2145657,72.6856816,13000000.0
3400,4,Apartment,23.0485393,72.511742,37500000.0
2500,4,Apartment,23.0499206,72.5253741,13799999.999999998
984,2,Apartment,23.0485393,72.511742,6100000.0
2400,3,Apartment,23.0048635,72.598021,27000000.0
2610,4,Apartment,23.0499206,72.5253741,17000000.0
2700,3,Apartment,23.0485393,72.511742,13100000.0
5700,4,Apartment,23.0485393,72.511742,50100000.0
3210,4,Apartment,23.0485393,72.511742,20900000.0
5229,4,Apartment,23.0485393,72.511742,120000000.0
4625,4,Apartment,23.0485393,72.511742,31900000.0
2250,3,Apartment,23.1660204,72.816262,15000000.0
2250,3,Apartment,23.0544372,72.4720756,15000000.0
2394,3,Apartment,23.0048635,72.598021,22500000.0
1314,6,Villa,23.0485393,72.511742,27500000.0
2673,4,Villa,23.0631171,72.5255748,30000000.0
2394,3,Apartment,23.0048635,72.598021,26000000.0
5900,4,Villa,22.961925,72.4151927,45000000.0
2845,4,Apartment,23.0485393,72.511742,35000000.0
2920,4,Apartment,23.0260558,72.5031438,25000000.0
2442,3,Apartment,23.0485393,72.511742,21500000.0
1764,3,Apartment,23.0581179,72.5047692,12500000.0
1053,2,Apartment,23.0111491,72.5132562,6500000.0
9900,4,Villa,23.0485393,72.511742,210000000.0
1710,3,Apartment,23.0485393,72.511742,12000000.0
1980,3,Apartment,23.0499206,72.5253741,15000000.0
1110,2,Apartment,22.9962826,72.516429,8000000.0
1440,3,Apartment,23.0485393,72.511742,9500000.0
1764,3,Apartment,23.0581179,72.5047692,11100000.000000002
1899,3,Apartment,23.0485393,72.511742,12700000.0
3550,4,Apartment,23.0485393,72.511742,27500000.0
1818,3,Apartment,23.0111491,72.5132562,13799999.999999998
990,2,Apartment,23.068371,72.5647482,5699999.999999999
2745,3,Apartment,23.0485393,72.511742,45000000.0
1080,3,Apartment,23.0485393,72.511742,7000000.0
1053,2,Apartment,23.0111491,72.5132562,6500000.0
2178,3,Apartment,23.0111491,72.5132562,7500000.0
1665,3,Apartment,23.0485393,72.511742,14000000.0
2430,3,Apartment,23.0716125,72.6367479,30000000.0
2250,3,Apartment,23.0048635,72.598021,17000000.0
2160,3,Villa,23.0485393,72.511742,35000000.0
1000,2,Apartment,22.9975921,72.6046587,6000000.0
944,2,Apartment,23.0485393,72.511742,4900000.0
990,2,Apartment,23.0485393,72.511742,5200000.0
3745,4,Apartment,23.0485393,72.511742,33500000.0
1200,2,Apartment,23.0787426,72.6681866,3800000.0
936,2,Apartment,23.0499206,72.5253741,6000000.0
1422,4,Villa,23.0485393,72.511742,25000000.0
3720,4,Apartment,23.0544372,72.4720756,28500000.0
1255,3,Apartment,23.0063315,72.536517,9000000.0
2520,3,Apartment,23.0485393,72.511742,14000000.0
1485,4,Villa,23.0638779,72.5260231,29000000.0
1395,3,Apartment,23.0111491,72.5132562,10000000.0
1950,4,Villa,23.0499206,72.5253741,26500000.0
1890,4,Apartment,23.0485393,72.511742,26500000.0
1053,2,Apartment,23.0546669,72.6392596,6500000.0
2250,3,Apartment,23.0839289,72.6785883,14000000.0
1179,2,Apartment,23.0485393,72.511742,5699999.999999999
1991,3,Apartment,23.0713102,72.539578,20000000.0
1170,2,Apartment,22.9399896,72.5961418,7000000.0
2394,3,Apartment,23.0485393,72.511742,22000000.0
1500,3,Villa,22.9962826,72.516429,11500000.0
1080,2,Apartment,23.0499206,72.5253741,7000000.0
1800,4,Villa,23.0485393,72.511742,27500000.0
2799,4,Apartment,23.0260558,72.5031438,20099999.999999996
3300,4,Apartment,23.0485393,72.511742,15500000.0
1530,2,Villa,23.0485393,72.511742,18000000.0
474,2,Apartment,23.0285347,72.5822241,4099999.9999999995
810,2,Apartment,23.0111491,72.5132562,4600000.0
1000,2,Apartment,23.0111491,72.5132562,4700000.0
1179,2,Apartment,22.9943045,72.5781979,6200000.0
1215,4,Villa,23.0485393,72.511742,20000000.0
585,1,Apartment,23.0787426,72.6681866,10000000.0
904,2,Apartment,23.0111491,72.5132562,6000000.0
2574,3,Villa,23.1136923,72.5404916,45000000.0
2200,4,Villa,23.0232163,72.4708784,20000000.0
1509,3,Apartment,23.0289556,72.4919761,17700000.0
1125,2,Apartment,23.0631171,72.5255748,6200000.0
2176,3,Apartment,23.0485393,72.511742,21100000.0
1764,3,Apartment,23.0485393,72.511742,7500000.0
1000,2,Apartment,23.0499206,72.5253741,6899999.999999999
1370,3,Apartment,23.0499206,72.5253741,8000000.0
4104,4,Apartment,23.0544372,72.4720756,60000000.0
645,2,Apartment,23.0485393,72.511742,6899999.999999999
1200,2,Apartment,23.0111491,72.5132562,6000000.0
1350,2,Apartment,22.9943045,72.5781979,8000000.0
1260,2,Apartment,23.0631171,72.5255748,7500000.0
575,2,Apartment,23.0485393,72.511742,4800000.0
936,2,Apartment,23.0499206,72.5253741,7100000.0
1764,2,Apartment,23.0713102,72.539578,6000000.0
1215,2,Apartment,23.0713102,72.539578,7000000.0
4140,5,Apartment,23.0271267,72.5226289,55000000.0
4140,5,Apartment,23.0485393,72.511742,55000000.0
4158,4,Villa,23.0485393,72.511742,60000000.0
1485,3,Apartment,23.0485393,72.511742,9000000.0
2200,3,Apartment,23.0485393,72.511742,15000000.0
2000,4,Villa,23.0546669,72.6392596,27500000.0
700,2,Apartment,23.0499206,72.5253741,8500000.0
1500,3,Apartment,22.9975921,72.6046587,9100000.0
1200,3,Apartment,23.0544372,72.4720756,12000000.0
3420,4,Villa,23.0485393,72.511742,29900000.000000004
2025,3,Apartment,23.0485393,72.511742,17000000.0
2700,4,Villa,23.0485393,72.511742,30000000.0
900,1,Apartment,23.0271267,72.5226289,9000000.0
1170,2,Apartment,22.9399896,72.5961418,7500000.0
1512,3,Apartment,23.0328924,72.5604427,13200000.0
861,1,Apartment,23.0485393,72.511742,5000000.0
1260,2,Apartment,23.0485393,72.511742,9500000.0
1230,3,Apartment,23.1029936,72.5697277,16299999.999999998
1350,3,Apartment,23.0631171,72.5255748,6500000.0
1800,3,Apartment,23.0485393,72.511742,13000000.0
1620,4,Apartment,23.0485393,72.511742,19800000.0
1350,3,Villa,23.0485393,72.511742,20000000.0
1890,3,Apartment,23.0485393,72.511742,15000000.0
4275,6,Apartment,23.0485393,72.511742,20000000.0
1500,3,Apartment,23.0485393,72.511742,6500000.0
4050,5,Apartment,23.0485393,72.511742,32100000.0
1220,2,Apartment,23.0485393,72.511742,6800000.000000001
4707,4,Villa,23.0485393,72.511742,95000000.0
645,2,Apartment,23.0485393,72.511742,6899999.999999999
1125,3,Apartment,23.0631171,72.5255748,7200000.0
3870,4,Apartment,23.0485393,72.511742,105000000.0
2700,3,Villa,23.1136923,72.5404916,51100000.0
756,2,Apartment,23.0485393,72.511742,5000000.0
1485,4,Apartment,23.0485393,72.511742,11000000.0
2070,3,Villa,23.0485393,72.511742,30000000.0
1539,3,Apartment,23.0485393,72.511742,12000000.0
1323,3,Villa,23.0485393,72.511742,7500000.0
4914,4,Villa,23.0485393,72.511742,98000000.0
1600,4,Villa,23.0485393,72.511742,13500000.0
3464,4,Apartment,23.0485393,72.511742,29000000.0
2007,4,Villa,23.0485393,72.511742,35000000.0
3222,3,Apartment,23.0485393,72.511742,50000000.0
1530,3,Villa,23.0788549,72.5906398,14000000.0
2277,4,Apartment,23.0485393,72.511742,50000000.0
1260,2,Apartment,23.0485393,72.511742,7000000.0
918,2,Apartment,23.0485393,72.511742,5800000.0
1575,3,Apartment,23.0485393,72.511742,8500000.0
4725,4,Apartment,23.0485393,72.511742,36300000.0
2124,3,Apartment,23.0181819,72.4681909,14200000.0
1300,4,Villa,23.0716125,72.6367479,38000000.0
720,2,Apartment,23.0485393,72.511742,6000000.0
4104,4,Apartment,23.0485393,72.511742,98000000.0
4500,4,Apartment,23.0485393,72.511742,39600000.0
1925,2,Apartment,23.0631171,72.5255748,6700000.0
3185,4,Apartment,23.0567133,72.5508575,20099999.999999996
3375,5,Villa,23.0567133,72.5508575,39000000.0
500,2,Apartment,23.0567133,72.5508575,5000000.0
516,2,Apartment,23.0567133,72.5508575,6500000.0
700,2,Apartment,23.0567133,72.5508575,6000000.0
840,3,Apartment,23.0567133,72.5508575,7100000.0
990,2,Apartment,23.0567133,72.5508575,6000000.0
886,3,Apartment,23.0567133,72.5508575,9500000.0
800,2,Apartment,23.0567133,72.5508575,6500000.0
1530,3,Apartment,23.0567133,72.5508575,12000000.0
2313,3,Apartment,23.0567133,72.5508575,14900000.0
765,2,Apartment,23.0567133,72.5508575,5200000.0
1755,6,Villa,23.0589037,72.5555343,27000000.0
873,2,Apartment,23.0676665,72.5721746,4600000.0
560,1,Apartment,23.0567133,72.5508575,5800000.0
1575,3,Apartment,23.0567133,72.5508575,13000000.0
2250,3,Apartment,23.0567133,72.5508575,15000000.0
1672,3,Apartment,23.0567133,72.5508575,13100000.0
3120,4,Apartment,23.0567133,72.5508575,20299999.999999996
3150,4,Villa,23.054759,72.5442061,40000000.0
3240,4,Apartment,23.0567133,72.5508575,25500000.0
3600,3,Villa,22.992195,72.6116113,40000000.0
3600,6,Villa,23.0567133,72.5508575,42000000.0
2300,3,Apartment,23.0111491,72.5132562,14500000.0
3130,4,Apartment,23.0567133,72.5508575,18800000.0
3185,4,Apartment,23.0567133,72.5508575,25000000.0
1665,3,Apartment,23.0567133,72.5508575,14500000.0
1980,3,Apartment,23.0567133,72.5508575,10000000.0
2295,3,Apartment,23.0567133,72.5508575,15500000.0
3915,4,Apartment,23.0567133,72.5508575,25400000.0
2700,4,Apartment,23.0567133,72.5508575,19400000.0
2211,3,Apartment,23.0567133,72.5508575,12000000.0
1984,3,Apartment,23.0567133,72.5508575,10800000.0
2930,3,Apartment,23.0516973,72.535169,17600000.0
2705,4,Apartment,23.0567133,72.5508575,20000000.0
700,3,Apartment,23.0567133,72.5508575,7000000.0
1180,3,Apartment,23.0567133,72.5508575,13400000.0
2116,3,Apartment,23.0567133,72.5508575,13000000.0
2250,3,Apartment,23.0567133,72.5508575,13500000.0
3330,4,Apartment,22.992195,72.6116113,25000000.0
3600,3,Villa,23.0567133,72.5508575,50000000.0
1485,3,Apartment,23.0567133,72.5508575,11000000.0
1815,3,Apartment,23.0567133,72.5508575,9892000.0
1908,3,Apartment,23.0589037,72.5555343,13200000.0
1350,3,Apartment,23.0567133,72.5508575,12000000.0
900,2,Apartment,23.0567133,72.5508575,5500000.0
1665,3,Apartment,23.0567133,72.5508575,11700000.0
1054,4,Apartment,22.9930034,72.6098246,10000000.0
2000,4,Villa,23.0567133,72.5508575,14000000.0
1800,2,Apartment,23.0567133,72.5508575,5500000.0
2025,6,Apartment,23.0567133,72.5508575,40000000.0
1575,3,Apartment,23.0567133,72.5508575,12000000.0
1200,2,Apartment,23.0567133,72.5508575,4500000.0
630,3,Apartment,22.9930034,72.6098246,5600000.000000001
630,3,Apartment,23.0475922,72.5618574,5600000.000000001
452,2,Apartment,23.0111491,72.5132562,4300000.0
1058,3,Apartment,23.0676665,72.5721746,12500000.0
1700,3,Apartment,23.0686632,72.5667344,8000000.0
1485,3,Apartment,23.0631171,72.5255748,9900000.0
1485,3,Apartment,23.0567133,72.5508575,9000000.0
3663,4,Apartment,23.0567133,72.5508575,17100000.0
1600,3,Apartment,23.0567133,72.5508575,9500000.0
720,1,Apartment,23.0567133,72.5508575,3800000.0
720,1,Apartment,23.0567133,72.5508575,3800000.0
1575,3,Villa,23.0567133,72.5508575,11100000.000000002
700,2,Apartment,23.0787426,72.6681866,2800000.0000000005
1076,2,Apartment,23.0567133,72.5508575,5200000.0
1710,3,Apartment,23.0564338,72.5622541,6500000.0
3015,4,Apartment,23.0111491,72.5132562,25000000.0
810,2,Apartment,23.0567133,72.5508575,6000000.0
3825,4,Villa,23.0567133,72.5508575,42500000.0
1200,2,Apartment,22.8997596,72.990614,8000000.0
1780,3,Apartment,23.0308404,72.4271753,12500000.0
1035,2,Apartment,23.0567133,72.5508575,6000000.0
1000,2,Apartment,23.0567133,72.5508575,5500000.0
1125,2,Apartment,23.2145657,72.6856816,6300000.0
1305,3,Apartment,23.0111491,72.5132562,9000000.0
2690,3,Villa,23.0589037,72.5555343,35000000.0
510,1,Apartment,23.0111491,72.5132562,3551000.0000000005
990,2,Apartment,23.0111491,72.5132562,8000000.0
1800,6,Apartment,23.0567133,72.5508575,21100000.0
990,2,Apartment,23.0111491,72.5132562,5699999.999999999
1800,3,Apartment,23.0589037,72.5555343,11000000.0
1575,3,Apartment,23.0567133,72.5508575,13000000.0
1300,2,Apartment,23.0111491,72.5132562,4700000.0
1000,2,Villa,23.0567133,72.5508575,5000000.0
1800,3,Apartment,23.0111491,72.5132562,12000000.0
774,2,Apartment,22.9846105,72.4558477,8500000.0
975,2,Apartment,23.0111491,72.5132562,5000000.0
1300,3,Apartment,22.9975921,72.6046587,10000000.0
900,2,Apartment,23.0567133,72.5508575,4600000.0
1912,3,Apartment,23.1877705,72.5739723,14500000.0
2790,4,Apartment,23.0111491,72.5132562,15500000.0
1000,2,Apartment,23.0284731,72.5590087,7300000.0
765,2,Apartment,23.0097167,72.5076274,6500000.0
2700,6,Villa,23.0567133,72.5508575,45000000.0
1314,3,Apartment,23.0649034,72.5268918,6000000.0
855,2,Apartment,23.0284731,72.5590087,6150000.0
1750,3,Apartment,23.015763,72.6350806,10400000.0
2206,4,Apartment,22.9930034,72.6098246,9800000.0
2416,4,Apartment,23.0567133,72.5508575,31500000.0
765,2,Apartment,23.0255831,72.5691076,5500000.0
675,2,Apartment,23.0567133,72.5508575,4700000.0
740,2,Apartment,23.0622375,72.552987,6500000.0
740,1,Apartment,23.1660204,72.816262,6500000.0
1672,3,Apartment,23.1877705,72.5739723,15100000.0
1215,2,Apartment,23.0567133,72.5508575,7500000.0
670,2,Apartment,23.0567133,72.5508575,5500000.0
2250,4,Apartment,23.0567133,72.5508575,9000000.0
675,1,Apartment,23.0567133,72.5508575,3500000.0
1215,3,Apartment,23.0567133,72.5508575,7500000.0
2250,3,Apartment,23.0567133,72.5508575,15000000.0
2000,3,Apartment,23.0567133,72.5508575,10000000.0
1665,3,Apartment,23.0567133,72.5508575,13100000.0
2250,4,Apartment,23.0567133,72.5508575,9500000.0
1890,1,Apartment,23.0271267,72.5226289,9000000.0
5427,4,Villa,23.0567133,72.5508575,90000000.0
1125,3,Apartment,23.0567133,72.5508575,7200000.0
2600,3,Apartment,23.2976084,72.3384089,25000000.0
2430,6,Villa,23.0567133,72.5508575,27000000.0
1912,3,Apartment,23.0567133,72.5508575,14000000.0
1000,3,Apartment,23.0567133,72.5508575,11000000.0
5400,4,Villa,23.054759,72.5442061,72500000.0
4068,4,Villa,23.0567133,72.5508575,45199999.99999999
5490,6,Apartment,23.0567133,72.5508575,100000000.0
2705,4,Apartment,23.1877705,72.5739723,21000000.0
1800,3,Apartment,23.0111491,72.5132562,7500000.0
2790,4,Villa,23.0567133,72.5508575,30000000.0
3000,3,Apartment,23.0330349,72.5695808,70000000.0
1260,3,Apartment,23.0567133,72.5508575,9000000.0
2745,6,Villa,23.0271267,72.5226289,31500000.0
2835,3,Apartment,23.0450061,72.5462858,28000000.0
1350,3,Apartment,23.0567133,72.5508575,6899999.999999999
1215,3,Apartment,23.0567133,72.5508575,6800000.000000001
954,3,Apartment,23.0215374,72.5800568,15000000.0
765,2,Apartment,23.0567133,72.5508575,4300000.0
2250,4,Apartment,23.0567133,72.5508575,14500000.0
990,2,Apartment,23.0567133,72.5508575,3500000.0
1890,3,Villa,23.0567133,72.5508575,30000000.0
1450,3,Apartment,23.0567133,72.5508575,12600000.0
2025,4,Apartment,23.0567133,72.5508575,21000000.0
4500,1,Apartment,23.0111491,72.5132562,1000000.0
2250,3,Villa,23.054759,72.5442061,35000000.0
2700,4,Apartment,23.2145657,72.6856816,23100000.0
3996,4,Villa,23.2936844,72.3316597,50000000.0
3555,6,Villa,23.0567133,72.5508575,39000000.0
1800,3,Apartment,23.0567133,72.5508575,7500000.0
1672,3,Apartment,23.0567133,72.5508575,11000000.0
1200,2,Apartment,23.2145657,72.6856816,6300000.0
2557,3,Apartment,23.0567133,72.5508575,25500000.0
1728,3,Apartment,23.0567133,72.5508575,10500000.0
2943,2,Villa,23.0567133,72.5508575,49100000.0
1912,3,Apartment,23.0567133,72.5508575,12800000.0
1485,4,Villa,23.0567133,72.5508575,30000000.0
268,2,Apartment,23.0567133,72.5508575,26500000.0
1125,3,Apartment,22.9930034,72.6098246,8500000.0
1080,2,Apartment,23.0111491,72.5132562,6000000.0
1080,3,Apartment,23.0567133,72.5508575,7700000.0
2250,4,Apartment,22.9930034,72.6098246,9000000.0
1575,6,Apartment,22.9986596,72.6114013,18000000.0
2800,4,Apartment,22.9993547,72.6137203,55000000.0
1314,2,Apartment,23.0111491,72.5132562,3500000.0
1062,2,Apartment,22.9986596,72.6114013,5500000.0
657,1,Apartment,22.9986596,72.6114013,4000000.0
851,2,Apartment,23.0012666,72.5877721,3600000.0
2376,3,Apartment,23.057541,72.5435085,16500000.0
2610,3,Apartment,23.0839289,72.6785883,14500000.0
2925,4,Apartment,23.069237,72.5111307,22500000.0
1890,3,Apartment,22.9955398,72.6107331,15000000.0
450,4,Apartment,23.0716125,72.6367479,28000000.0
2000,4,Apartment,23.2420572,72.4880711,2000000.0
500,1,Apartment,23.0637665,72.555444,3300000.0
754,3,Apartment,23.0215374,72.5800568,7500000.0
675,1,Apartment,23.0637665,72.555444,2151000.0
950,2,Apartment,23.0649034,72.5268918,2800000.0000000005
3312,5,Villa,23.0649034,72.5268918,18500000.0
855,2,Apartment,23.0649034,72.5268918,4500000.0
1000,3,Apartment,23.0594578,72.6180264,4500000.0
1076,2,Apartment,23.0649034,72.5268918,2300000.0
1120,2,Apartment,23.0649034,72.5268918,5500000.0
540,2,Apartment,23.2420572,72.4880711,3500000.0
699,4,Apartment,23.0637665,72.555444,6500000.0
240,1,Apartment,23.0215374,72.5800568,4000000.0
855,3,Apartment,23.0637665,72.555444,4500000.0
2000,4,Villa,23.0215374,72.5800568,5500000.0
2160,4,Villa,23.0456662,72.6409989,12500000.0
4500,4,Villa,23.0733482,72.6414952,12500000.0
1500,2,Villa,23.0873325,72.5490547,13000000.0
715,4,Villa,23.0215374,72.5800568,13000000.0
900,4,Apartment,23.0616704,72.6721767,11000000.0
1440,3,Apartment,23.0873325,72.5490547,12500000.0
1500,4,Villa,23.0873325,72.5490547,10500000.0
1521,2,Apartment,23.0616704,72.6721767,15000000.0
1305,3,Apartment,23.0809819,72.6213037,9900000.0
2023,3,Apartment,23.0616704,72.6721767,15000000.0
4800,3,Apartment,23.0616704,72.6721767,16000000.0
1125,2,Villa,23.0456662,72.6409989,9000000.0
1320,4,Apartment,23.096739,72.6517728,9000000.0
675,2,Apartment,23.0136957,72.620581,8500000.0
1397,3,Apartment,23.0055291,72.7665849,8500000.0
1620,4,Villa,23.0055291,72.7665849,8000000.0
1620,4,Apartment,23.0055291,72.7665849,8000000.0
2500,4,Apartment,23.038742,72.6401062,17500000.0
1665,4,Apartment,23.0616704,72.6721767,17000000.0
1000,4,Villa,23.298153,72.3397926,17500000.0
1650,3,Apartment,23.096739,72.6517728,17000000.0
1050,3,Apartment,23.2454066,72.8948686,7500000.0
1500,1,Villa,23.0215374,72.5800568,7000000.0
745,2,Apartment,23.0111491,72.5132562,2500000.0
2800,2,Villa,23.0215374,72.5800568,4200000.0
244,1,Apartment,23.0097167,72.5076274,1400000.0000000002
538,3,Apartment,23.1660204,72.816262,5500000.0
400,2,Villa,23.0215374,72.5800568,1600000.0
1350,4,Villa,23.0215374,72.5800568,4500000.0
2160,3,Villa,23.0063315,72.536517,18100000.0
962,3,Apartment,22.9948656,72.6624431,17100000.0
432,3,Villa,23.0434823,72.6810611,4000000.0
600,4,Apartment,23.0401695,72.6625484,12000000.0
1755,3,Villa,23.0687402,72.6734956,13100000.0
1400,3,Apartment,23.0401695,72.6625484,11000000.0
1200,3,Apartment,23.0687402,72.6734956,10500000.0
1400,3,Apartment,23.0687402,72.6734956,14000000.0
1800,4,Apartment,23.0732586,72.6508299,14500000.0
2700,3,Villa,23.0687402,72.6734956,15000000.0
1125,2,Apartment,23.0687402,72.6734956,9000000.0
1200,3,Apartment,23.0687402,72.6734956,9000000.0
1208,3,Apartment,23.0687402,72.6734956,16500000.0
1350,2,Villa,23.0687402,72.6734956,8000000.0
819,3,Villa,23.0687402,72.6734956,8600000.0
2250,4,Apartment,23.0687402,72.6734956,18000000.0
1368,3,Apartment,23.0687402,72.6734956,17500000.0
1800,4,Villa,23.0215374,72.5800568,7000000.0
783,2,Villa,23.0687402,72.6734956,7000000.0
700,4,Villa,23.0472488,72.6088046,7100000.0
2000,4,Villa,23.2454066,72.8948686,6500000.0
1575,3,Apartment,23.0567133,72.5508575,13000000.0
3915,4,Apartment,23.0567133,72.5508575,24700000.000000004
2705,4,Apartment,23.1877705,72.5739723,17600000.0
3645,4,Apartment,23.0567133,72.5508575,18000000.0
2493,3,Apartment,23.0567133,72.5508575,14500000.0
1700,3,Apartment,23.0111491,72.5132562,10500000.0
1476,3,Apartment,23.0567133,72.5508575,9500000.0
1764,3,Apartment,23.0567133,72.5508575,13500000.0
2116,3,Apartment,23.0567133,72.5508575,11500000.0
1548,3,Apartment,23.0567133,72.5508575,9700000.0
1926,3,Apartment,23.0567133,72.5508575,15100000.0
4275,4,Apartment,23.0539511,72.595426,29000000.0
1953,4,Villa,23.0567133,72.5508575,17000000.0
2025,3,Villa,23.0516973,72.535169,30000000.0
969,3,Villa,23.0457058,72.5268056,30000000.0
2025,3,Apartment,23.0516973,72.535169,32500000.0
1800,3,Apartment,23.166292,72.8125255,27500000.0
1890,4,Apartment,23.0516973,72.535169,25000000.0
2925,3,Villa,23.0485393,72.511742,37000000.0
2865,4,Apartment,23.0516973,72.535169,26000000.0
2400,3,Apartment,23.0079064,72.5174367,17800000.0
1215,3,Villa,23.0516973,72.535169,15000000.0
900,3,Apartment,23.045928,72.5348776,15000000.0
4600,4,Apartment,23.0516973,72.535169,15000000.0
1683,3,Apartment,23.0516973,72.535169,15000000.0
1100,3,Apartment,23.2976084,72.3384089,15000000.0
717,1,Apartment,23.1632457,72.6500247,3300000.0
1818,3,Apartment,22.9948656,72.6624431,7519000.0
1437,3,Apartment,22.9948656,72.6624431,12000000.0
1080,2,Apartment,22.9948656,72.6624431,3600000.0
1442,2,Apartment,23.1326018,72.2528002,5100000.0
1035,2,Apartment,22.9948656,72.6624431,4000000.0
2583,4,Villa,23.166292,72.8125255,30500000.0
1260,2,Apartment,23.000075,72.6591285,5000000.0
1584,3,Apartment,22.9948656,72.6624431,7000000.0
774,1,Apartment,23.0839289,72.6785883,2600000.0
1935,3,Apartment,22.9948656,72.6624431,24000000.0
785,2,Apartment,23.0839289,72.6785883,4600000.0
679,2,Apartment,22.9948656,72.6624431,4499000.0
1584,3,Apartment,23.1081937,72.5328119,8765000.0
1047,3,Apartment,22.9796534,72.4560834,9500000.0
1200,1,Apartment,23.0839289,72.6785883,2500000.0
1296,2,Apartment,22.9948656,72.6624431,5500000.0
1503,3,Apartment,22.9948656,72.6624431,6000000.0
1467,3,Apartment,22.9948656,72.6624431,25000000.0
1215,2,Apartment,23.0730267,72.6528769,3200000.0
1161,2,Apartment,22.9948656,72.6624431,4500000.0
1575,3,Apartment,22.9948656,72.6624431,7800000.0
972,3,Apartment,22.9948656,72.6624431,7400000.0
1323,4,Villa,22.9948656,72.6624431,25000000.0
550,2,Villa,22.9948656,72.6624431,10000000.0
691,2,Apartment,22.9948656,72.6624431,4015000.0000000005
749,2,Apartment,22.9948656,72.6624431,4711000.0
1089,3,Apartment,22.9948656,72.6624431,7800000.0
913,3,Apartment,22.9948656,72.6624431,5900000.0
492,1,Apartment,22.9948656,72.6624431,2150000.0
527,1,Apartment,22.9948656,72.6624431,2500000.0
743,2,Apartment,22.9948656,72.6624431,4200000.0
498,1,Apartment,22.9948656,72.6624431,2500000.0
439,1,Apartment,22.9948656,72.6624431,2350000.0
615,2,Apartment,22.9948656,72.6624431,3500000.0
714,2,Apartment,22.9948656,72.6624431,3800000.0
650,2,Apartment,22.9948656,72.6624431,3600000.0
433,1,Apartment,22.9948656,72.6624431,2400000.0
697,2,Apartment,22.9948656,72.6624431,3850000.0
743,2,Apartment,22.9948656,72.6624431,4811000.0
743,2,Apartment,22.9948656,72.6624431,4500000.0
479,1,Apartment,22.9948656,72.6624431,2551000.0
509,1,Apartment,22.9948656,72.6624431,2600000.0
665,2,Apartment,22.9948656,72.6624431,4511000.0
685,2,Apartment,22.9948656,72.6624431,3511000.0
966,3,Apartment,22.9948656,72.6624431,4800000.0
732,2,Apartment,22.9948656,72.6624431,4700000.0
831,2,Apartment,22.9948656,72.6624431,4990000.0
675,4,Villa,22.9948656,72.6624431,22500000.0
729,2,Apartment,22.9948656,72.6624431,5000000.0
756,2,Apartment,22.9948656,72.6624431,4810000.0
729,2,Apartment,22.9948656,72.6624431,4600000.0
648,2,Apartment,22.9948656,72.6624431,4510000.0
837,2,Apartment,22.9948656,72.6624431,4950000.0
755,2,Apartment,22.9948656,72.6624431,4225000.0
509,1,Apartment,22.9948656,72.6624431,2700000.0
790,2,Apartment,22.9948656,72.6624431,4111000.0
381,1,Apartment,22.9948656,72.6624431,1600000.0
527,3,Villa,22.9948656,72.6624431,15000000.0
775,2,Apartment,22.9948656,72.6624431,3000000.0
1125,4,Villa,22.9948656,72.6624431,14500000.0
692,2,Apartment,22.9948656,72.6624431,4000000.0
702,4,Villa,22.9948656,72.6624431,17000000.0
672,1,Apartment,23.0471713,72.5582439,1900000.0
1044,2,Apartment,23.0054726,72.531336,3300000.0
1008,2,Apartment,22.8997596,72.990614,6899999.999999999
1116,2,Apartment,22.9948656,72.6624431,5000000.0
729,1,Apartment,22.9948656,72.6624431,2200000.0
1210,2,Apartment,23.0839289,72.6785883,4200000.0
1782,3,Apartment,22.9948656,72.6624431,7300000.0
492,1,Apartment,22.9948656,72.6624431,2100000.0
675,1,Apartment,23.2236704,72.6641938,2300000.0
445,1,Apartment,22.9948656,72.6624431,2000000.0
1800,3,Apartment,22.9948656,72.6624431,7000000.0
585,1,Apartment,23.2236704,72.6641938,1900000.0
765,1,Apartment,22.9979199,72.5595221,1950000.0
1089,2,Apartment,23.0229809,72.5671331,4500000.0
1072,4,Villa,22.9948656,72.6624431,9900000.0
836,3,Apartment,22.9948656,72.6624431,5600000.000000001
1300,2,Apartment,22.9948656,72.6624431,4000000.0
1890,3,Apartment,22.9948656,72.6624431,8000000.0
1404,2,Apartment,22.9948656,72.6624431,4600000.0
2025,4,Apartment,22.9992107,72.5599564,20000000.0
1116,2,Apartment,22.9948656,72.6624431,5000000.0
600,2,Apartment,23.0111491,72.5132562,11000000.0
675,1,Apartment,23.0329263,72.4259729,2200000.0
1800,2,Apartment,22.9948656,72.6624431,11000000.0
792,1,Apartment,22.9948656,72.6624431,2300000.0
1000,6,Villa,22.9948656,72.6624431,20000000.0
1116,2,Apartment,23.0376566,72.5647707,5000000.0
1000,2,Apartment,23.0839289,72.6785883,4000000.0
585,1,Apartment,22.9948656,72.6624431,2000000.0
1350,1,Apartment,22.9948656,72.6624431,2600000.0
1200,2,Apartment,22.9948656,72.6624431,4600000.0
585,1,Apartment,23.2125309,72.684767,4300000.0
2281,3,Apartment,23.1326018,72.2528002,7200000.0
700,3,Apartment,22.9796534,72.4560834,7000000.0
738,1,Apartment,22.9948656,72.6624431,2000000.0
1080,2,Apartment,22.9948656,72.6624431,3600000.0
705,2,Apartment,23.1832937,72.6400618,5000000.0
720,1,Apartment,22.9948656,72.6624431,1700000.0000000002
650,1,Apartment,23.0839289,72.6785883,2251000.0
763,3,Apartment,22.9948656,72.6624431,6500000.0
1341,2,Apartment,22.9948656,72.6624431,5200000.0
700,2,Apartment,23.0839289,72.6785883,7200000.0
1250,2,Apartment,22.9948656,72.6624431,3200000.0
783,1,Apartment,22.9948656,72.6624431,2350000.0
225,2,Villa,22.9948656,72.6624431,4500000.0
500,1,Apartment,23.0111491,72.5132562,2000000.0
828,1,Apartment,22.9948656,72.6624431,2250000.0
775,1,Apartment,23.0713445,72.6773842,1900000.0
1250,2,Apartment,23.0716125,72.6367479,4000000.0
738,1,Apartment,23.0839289,72.6785883,3000000.0
800,2,Villa,22.9948656,72.6624431,5500000.0
1152,2,Apartment,22.9948656,72.6624431,4500000.0
1080,2,Villa,22.9948656,72.6624431,12000000.0
1170,2,Apartment,22.9948656,72.6624431,4000000.0
1179,2,Apartment,23.1326018,72.2528002,4300000.0
900,1,Apartment,23.0409123,72.5140989,3000000.0
2430,6,Villa,22.9948656,72.6624431,10500000.0
1079,2,Apartment,23.0839289,72.6785883,4099999.9999999995
999,2,Apartment,22.9948656,72.6624431,4500000.0
685,2,Villa,23.2125309,72.684767,4600000.0
400,1,Apartment,22.9948656,72.6624431,2000000.0
1116,2,Apartment,22.9948656,72.6624431,3300000.0
1053,2,Apartment,22.9948656,72.6624431,3700000.0
945,2,Villa,22.9948656,72.6624431,9500000.0
585,1,Apartment,22.9948656,72.6624431,1850000.0
1134,2,Apartment,22.9948656,72.6624431,4200000.0
1260,2,Apartment,23.1201139,72.6251307,5000000.0
1152,2,Apartment,22.9948656,72.6624431,3500000.0
1650,3,Apartment,22.9948656,72.6624431,7100000.0
965,3,Apartment,22.9993547,72.6137203,6000000.0
1116,2,Apartment,22.9948656,72.6624431,4000000.0
1260,2,Apartment,22.9948656,72.6624431,4099999.9999999995
900,2,Apartment,22.9948656,72.6624431,4000000.0
972,2,Apartment,22.9948656,72.6624431,3000000.0
720,1,Apartment,23.0839289,72.6785883,2100000.0
1179,2,Apartment,22.9948656,72.6624431,4000000.0
1080,2,Apartment,22.9948656,72.6624431,4000000.0
247,1,Apartment,22.9948656,72.6624431,2100000.0
1233,2,Apartment,23.062275,72.571217,4000000.0
540,1,Apartment,23.0111491,72.5132562,8800000.0
1197,2,Apartment,23.0471713,72.5582439,4400000.0
1125,2,Apartment,22.9948656,72.6624431,4550000.0
765,1,Villa,23.0406897,72.5451563,2600000.0
1062,2,Apartment,23.0839289,72.6785883,4700000.0
684,1,Apartment,22.9992107,72.5599564,2551000.0
990,2,Apartment,22.9948656,72.6624431,4000000.0
1125,2,Apartment,22.9979199,72.5595221,3350000.0
1359,3,Apartment,23.1429051,72.5392248,5250000.0
2070,3,Apartment,22.9948656,72.6624431,11000000.0
945,2,Apartment,22.9948656,72.6624431,3700000.0
756,1,Apartment,22.9948656,72.6624431,2300000.0
1200,2,Villa,22.9948656,72.6624431,15000000.0
765,1,Apartment,22.9948656,72.6624431,2450000.0
1200,2,Apartment,22.9589978,72.6297981,3200000.0
1152,2,Apartment,22.9948656,72.6624431,3500000.0
1098,2,Apartment,22.9948656,72.6624431,5000000.0
765,1,Apartment,22.9948656,72.6624431,2400000.0
990,2,Apartment,22.9948656,72.6624431,4000000.0
2484,3,Apartment,22.9948656,72.6624431,10000000.0
588,2,Apartment,22.9948656,72.6624431,2900000.0
1215,2,Apartment,23.0839289,72.6785883,4700000.0
1215,2,Apartment,22.9948656,72.6624431,4550000.0
1260,2,Apartment,22.9992107,72.5599564,4250000.0
1080,2,Apartment,22.9948656,72.6624431,3200000.0
1260,2,Apartment,22.9948656,72.6624431,5200000.0
200,1,Apartment,22.9948656,72.6624431,1600000.0
1230,2,Apartment,22.9948656,72.6624431,7000000.0
1345,2,Apartment,22.9993547,72.6137203,4800000.0
950,3,Apartment,22.9948656,72.6624431,6500000.0
1026,2,Apartment,23.1647995,72.6491597,4000000.0
1098,2,Apartment,22.9948656,72.6624431,3500000.0
1080,2,Apartment,23.2145657,72.6856816,3500000.0
1233,2,Apartment,22.9948656,72.6624431,4099999.9999999995
1460,2,Apartment,22.9948656,72.6624431,6000000.0
1200,2,Apartment,23.0054726,72.531336,3500000.0
981,2,Apartment,23.0471713,72.5582439,3100000.0
1143,2,Apartment,23.0097167,72.5076274,4000000.0
720,1,Apartment,23.1326018,72.2528002,3000000.0
1143,2,Apartment,22.9948656,72.6624431,3300000.0
947,2,Apartment,22.9948656,72.6624431,3500000.0
1240,2,Apartment,22.9948656,72.6624431,4000000.0
1035,2,Apartment,22.9948656,72.6624431,3500000.0
1080,2,Apartment,22.9948656,72.6624431,4099999.9999999995
1143,2,Apartment,22.9948656,72.6624431,5000000.0
764,2,Apartment,22.9948656,72.6624431,3800000.0
1000,1,Villa,23.2478221,72.4852775,6500000.0
1548,3,Apartment,23.0398447,72.6298154,13500000.0
1242,2,Apartment,22.9948656,72.6624431,3200000.0
402,1,Apartment,23.0329263,72.4259729,1100000.0
1215,2,Apartment,23.2236704,72.6641938,3250000.0
640,1,Apartment,22.9948656,72.6624431,2300000.0
1200,2,Apartment,22.9948656,72.6624431,4200000.0
1161,2,Apartment,23.1429051,72.5392248,4500000.0
900,1,Villa,22.9948656,72.6624431,6700000.0
792,1,Apartment,22.9948656,72.6624431,2600000.0
607,2,Apartment,23.0279444,72.4956755,5600000.000000001
666,1,Apartment,23.2401161,72.5010726,2280000.0
783,1,Apartment,23.2478221,72.4852775,2900000.0
810,1,Apartment,22.9948656,72.6624431,1400000.0000000002
1161,2,Apartment,23.1326018,72.2528002,3251000.0
675,1,Apartment,23.0839289,72.6785883,2300000.0
955,3,Apartment,23.1081937,72.5328119,6700000.0
954,3,Apartment,23.1081937,72.5328119,6800000.000000001
415,4,Villa,22.9948656,72.6624431,20000000.0
754,2,Apartment,23.0069624,72.5440056,4250000.0
810,1,Apartment,22.9948656,72.6624431,2500000.0
350,1,Apartment,22.9948656,72.6624431,750000.0
627,2,Apartment,22.9948656,72.6624431,4200000.0
765,1,Apartment,22.9948656,72.6624431,1500000.0
1770,3,Apartment,23.2478221,72.4852775,8600000.0
405,1,Apartment,22.9948656,72.6624431,1000000.0
850,1,Apartment,23.0398447,72.6298154,2200000.0
1615,3,Apartment,23.0546669,72.6392596,17500000.0
1395,2,Apartment,23.0279444,72.4956755,4900000.0
675,1,Apartment,22.9948656,72.6624431,1800000.0
972,4,Apartment,23.0231795,72.4711881,12500000.0
630,1,Villa,22.9948656,72.6624431,4000000.0
738,1,Apartment,23.1333506,72.6334745,2400000.0
630,1,Apartment,22.9948656,72.6624431,2700000.0
675,1,Apartment,23.025739,72.5252397,1800000.0
600,1,Apartment,22.9948656,72.6624431,2500000.0
1512,3,Apartment,23.0839289,72.6785883,5100000.0
774,1,Apartment,22.9948656,72.6624431,2400000.0
1224,2,Apartment,22.9948656,72.6624431,5450000.0
1638,3,Apartment,23.017704,72.4696021,11000000.0
630,1,Apartment,23.0229809,72.5671331,2400000.0
1080,2,Apartment,22.9948656,72.6624431,4150000.0
648,1,Apartment,22.9948656,72.6624431,1500000.0
1240,2,Apartment,23.2232672,73.2147968,5000000.0
1253,3,Villa,22.9948656,72.6624431,9000000.0
580,2,Apartment,23.000075,72.6591285,5000000.0
1206,2,Apartment,23.1326018,72.2528002,4300000.0
2031,2,Apartment,23.208987,72.636796,5000000.0
2691,2,Apartment,22.9948656,72.6624431,4600000.0
6000,4,Villa,22.9948656,72.6624431,70000000.0
1350,2,Apartment,22.9993547,72.6137203,4900000.0
720,1,Apartment,23.0111491,72.5132562,1850000.0
684,1,Apartment,22.9992107,72.5599564,2300000.0
3000,4,Apartment,22.9948656,72.6624431,35000000.0
1224,2,Apartment,23.0011144,72.5168855,4250000.0
270,1,Apartment,23.0159516,72.5669759,2700000.0
2152,3,Apartment,22.9948656,72.6624431,7500000.0
384,1,Apartment,23.0839289,72.6785883,2450000.0
735,2,Apartment,22.9948656,72.6624431,5500000.0
1602,3,Apartment,23.0095427,72.5095448,6250000.0
1602,3,Apartment,23.0095427,72.5095448,6200000.0
900,2,Apartment,22.9884742,72.3357236,4851000.0
1818,3,Apartment,23.1429051,72.5392248,9800000.0
1259,2,Apartment,23.1832937,72.6400618,5800000.0
1050,2,Apartment,22.9948656,72.6624431,3100000.0
1200,2,Apartment,23.298153,72.3397926,3800000.0
765,1,Apartment,22.9948656,72.6624431,2600000.0
1400,2,Apartment,22.9948656,72.6624431,4400000.0
614,2,Apartment,23.0839289,72.6785883,3200000.0
1760,4,Villa,22.9948656,72.6624431,14000000.0
1215,2,Apartment,23.0839289,72.6785883,4800000.0
900,1,Apartment,23.2145657,72.6856816,2150000.0
1170,2,Apartment,23.0716125,72.6367479,4099999.9999999995
1170,2,Apartment,22.9948656,72.6624431,4700000.0
1134,2,Apartment,23.1832937,72.6400618,4600000.0
1026,2,Apartment,23.1647995,72.6491597,3200000.0
1770,3,Villa,22.9948656,72.6624431,8500000.0
450,3,Apartment,22.9948656,72.6624431,8500000.0
707,2,Apartment,23.0446346,72.5724932,4200000.0
1100,2,Apartment,22.9948656,72.6624431,3700000.0
1000,2,Apartment,22.9948656,72.6624431,3800000.0
702,1,Apartment,22.9948656,72.6624431,2300000.0
765,1,Apartment,23.2145657,72.6856816,1699000.0
1620,3,Apartment,22.9948656,72.6624431,7000000.0
200,2,Apartment,22.9948656,72.6624431,4500000.0
622,2,Apartment,23.1832937,72.6400618,4400000.0
708,2,Apartment,23.1326018,72.2528002,4500000.0
1035,2,Apartment,23.0730267,72.6528769,3650000.0
1485,3,Apartment,23.0713102,72.539578,12000000.0
954,2,Apartment,23.038412,72.5289366,7200000.0
1575,3,Apartment,23.0079064,72.5174367,13600000.000000002
1585,3,Apartment,23.0079064,72.5174367,13600000.000000002
2020,3,Apartment,23.0400861,72.5290418,21500000.0
4400,4,Apartment,23.0079064,72.5174367,61000000.0
2230,3,Apartment,23.0400861,72.5290418,25000000.0
2340,3,Apartment,23.0079064,72.5174367,17500000.0
1575,3,Apartment,23.0111491,72.5132562,10500000.0
2430,3,Apartment,23.0145531,72.5635432,20500000.0
1080,2,Apartment,23.0215374,72.5800568,10000000.0
1100,4,Villa,23.0056298,72.5231013,9500000.0
450,4,Villa,23.0215374,72.5800568,7500000.0
360,1,Apartment,23.1656211,72.8134229,2400000.0
1260,4,Villa,22.9811295,72.6012948,11500000.0
1017,3,Apartment,22.9993547,72.6137203,10500000.0
810,3,Apartment,22.9811295,72.6012948,9500000.0
1530,2,Apartment,23.0017632,72.5940885,16000000.0
1485,4,Apartment,22.9993547,72.6137203,16500000.0
1700,3,Apartment,22.9993547,72.6137203,8500000.0
1000,3,Villa,22.9986596,72.6114013,8000000.0
753,3,Villa,22.9993547,72.6137203,8000000.0
1260,4,Apartment,22.9986596,72.6114013,7500000.0
900,2,Apartment,22.9986596,72.6114013,7500000.0
828,3,Villa,22.9993547,72.6137203,7500000.0
900,3,Apartment,22.9993547,72.6137203,7200000.0
920,2,Apartment,22.9811295,72.6012948,6000000.0
600,2,Apartment,22.9811295,72.6012948,6500000.0
400,4,Apartment,23.0770712,72.5890677,24000000.0
961,3,Apartment,23.0770712,72.5890677,7800000.0
1170,3,Apartment,23.0770712,72.5890677,11000000.0
252,1,Apartment,22.9951368,72.6050988,3000000.0
1845,6,Apartment,23.0770712,72.5890677,16000000.0
750,2,Apartment,23.0770712,72.5890677,5000000.0
1998,3,Apartment,23.0770712,72.5890677,10800000.0
1125,2,Apartment,23.0770712,72.5890677,5100000.0
990,2,Apartment,23.0770712,72.5890677,6300000.0
2025,4,Apartment,23.0770712,72.5890677,24000000.0
1800,3,Villa,23.0770712,72.5890677,16500000.0
765,1,Apartment,23.0770712,72.5890677,3500000.0
945,2,Apartment,23.0770712,72.5890677,4500000.0
1125,4,Villa,23.0770712,72.5890677,16000000.0
990,4,Apartment,23.0770712,72.5890677,14000000.0
1125,3,Apartment,23.0770712,72.5890677,12500000.0
3000,7,Apartment,23.0770712,72.5890677,14100000.0
640,1,Apartment,23.0770712,72.5890677,3400000.0000000005
720,2,Apartment,23.0770712,72.5890677,3500000.0
990,2,Apartment,23.0770712,72.5890677,4500000.0
1500,1,Apartment,23.0649034,72.5268918,8100000.000000001
990,2,Apartment,23.0770712,72.5890677,2750000.0
1118,2,Apartment,23.0111491,72.5132562,4500000.0
500,1,Apartment,23.0770712,72.5890677,3650000.0
1125,1,Apartment,23.0596745,72.3869498,3650000.0
729,1,Apartment,23.0649034,72.5268918,3500000.0
1350,4,Apartment,23.0969283,72.5821335,13000000.0
3100,3,Villa,23.0770712,72.5890677,26000000.0
1600,2,Apartment,23.0361821,72.6297938,3551000.0000000005
3375,6,Apartment,22.9951368,72.6050988,37500000.0
630,3,Villa,23.0770712,72.5890677,12500000.0
2970,6,Apartment,23.0839931,72.5876185,32500000.0
720,2,Apartment,23.0770712,72.5890677,7000000.0
675,1,Apartment,23.0770712,72.5890677,2700000.0
1980,3,Apartment,23.0788216,72.5938833,13000000.0
1431,3,Apartment,23.0770712,72.5890677,7500000.0
2790,4,Apartment,23.0264444,72.5120935,10400000.0
2970,6,Apartment,23.0839931,72.5876185,33000000.0
1440,3,Apartment,23.0264444,72.5120935,11500000.0
2100,4,Apartment,23.0264444,72.5120935,16000000.0
450,1,Apartment,23.2643835,72.2558068,2800000.0000000005
2790,4,Apartment,23.0264444,72.5120935,15000000.0
405,2,Apartment,23.0839931,72.5876185,4000000.0
2700,3,Villa,23.0770712,72.5890677,22500000.0
1098,1,Apartment,23.0839931,72.5876185,5000000.0
2025,3,Apartment,23.0264444,72.5120935,20000000.0
594,1,Apartment,23.0770712,72.5890677,2100000.0
1791,3,Apartment,23.0770712,72.5890677,7500000.0
900,6,Apartment,23.0770712,72.5890677,9000000.0
612,1,Apartment,23.0215374,72.5800568,3000000.0
1800,1,Apartment,23.0770712,72.5890677,12500000.0
3600,6,Apartment,23.0770712,72.5890677,28000000.0
2025,6,Villa,23.0792676,72.5918316,17500000.0
6300,6,Villa,23.0770712,72.5890677,52500000.0
2934,4,Villa,23.0264444,72.5120935,42500000.0
549,3,Apartment,23.0770712,72.5890677,10000000.0
1506,2,Apartment,23.0326231,72.5709891,7500000.0
2430,4,Villa,23.0770712,72.5890677,22500000.0
1998,4,Apartment,23.0770712,72.5890677,17100000.0
324,1,Apartment,23.0839931,72.5876185,1800000.0
2205,3,Apartment,23.0770712,72.5890677,11100000.000000002
1872,4,Apartment,23.0264444,72.5120935,36500000.0
540,2,Apartment,23.0770712,72.5890677,8500000.0
2700,3,Apartment,23.2145657,72.6856816,17500000.0
2025,3,Apartment,23.0159173,72.5633874,19000000.0
2160,4,Apartment,23.0111491,72.5132562,12500000.0
990,3,Apartment,23.0271267,72.5226289,8000000.0
1450,4,Apartment,23.2358085,72.4908671,16500000.0
1125,2,Apartment,23.0770712,72.5890677,5000000.0
1800,3,Apartment,23.0813667,72.6280913,20099999.999999996
2700,4,Apartment,23.0813667,72.6280913,21000000.0
3735,4,Apartment,23.0813667,72.6280913,28000000.0
1584,4,Apartment,23.0813667,72.6280913,15100000.0
1350,2,Apartment,23.0813667,72.6280913,5478000.0
1000,2,Apartment,23.0813667,72.6280913,12000000.0
1719,2,Apartment,23.0813667,72.6280913,8500000.0
1125,2,Apartment,23.0813667,72.6280913,5600000.000000001
2400,4,Villa,23.0813667,72.6280913,42000000.0
1188,2,Apartment,23.0813667,72.6280913,5699999.999999999
10800,5,Apartment,23.0813667,72.6280913,150000000.0
1485,3,Villa,23.0813667,72.6280913,15000000.0
1350,4,Apartment,23.0813667,72.6280913,14500000.0
4500,5,Villa,23.0813667,72.6280913,30000000.0
376,1,Apartment,23.0813667,72.6280913,2000000.0
1305,5,Villa,23.0813667,72.6280913,12500000.0
2070,3,Apartment,23.0813667,72.6280913,12500000.0
1350,5,Apartment,23.0813667,72.6280913,17500000.0
1350,4,Apartment,23.0813667,72.6280913,14500000.0
4550,4,Apartment,23.0813667,72.6280913,30000000.0
1120,3,Apartment,23.0813667,72.6280913,5100000.0
364,1,Apartment,23.0813667,72.6280913,2600000.0
250,2,Apartment,23.038742,72.6401062,7300000.0
1000,6,Apartment,23.038742,72.6401062,8000000.0
1035,2,Apartment,23.038742,72.6401062,4800000.0
1080,2,Apartment,23.038742,72.6401062,4500000.0
675,1,Apartment,23.038742,72.6401062,1620000.0
645,2,Villa,23.038742,72.6401062,2000000.0
360,1,Apartment,23.038742,72.6401062,1400000.0000000002
650,2,Villa,23.038742,72.6401062,900000.0
504,1,Apartment,23.038742,72.6401062,1100000.0
500,1,Apartment,23.038742,72.6401062,800000.0
621,1,Apartment,23.038742,72.6401062,1200000.0
1440,5,Apartment,23.038742,72.6401062,18500000.0
980,3,Apartment,23.038742,72.6401062,5300000.0
864,1,Apartment,23.038742,72.6401062,7200000.0
675,1,Apartment,23.038742,72.6401062,1620000.0
605,2,Apartment,23.038742,72.6401062,4000000.0
765,1,Apartment,23.038742,72.6401062,2800000.0000000005
1260,2,Apartment,23.0265372,72.6388013,9500000.0
900,3,Apartment,23.0676665,72.5721746,9100000.0
2000,3,Villa,23.0676665,72.5721746,9000000.0
1350,4,Villa,23.0215374,72.5800568,8000000.0
1250,2,Apartment,23.0169268,72.5204317,9000000.0
1638,3,Apartment,23.0169268,72.5204317,11200000.000000002
972,2,Apartment,23.0169268,72.5204317,15000000.0
1305,2,Apartment,23.0169268,72.5204317,8500000.0
1333,3,Apartment,23.0169268,72.5204317,11000000.0
1332,3,Apartment,23.0169268,72.5204317,10000000.0
1800,3,Apartment,23.0169268,72.5204317,17200000.0
1575,3,Apartment,23.0169268,72.5204317,16000000.0
2780,3,Apartment,23.0169268,72.5204317,25000000.0
2050,3,Apartment,23.0169268,72.5204317,18500000.0
1665,3,Apartment,23.0169268,72.5204317,12500000.0
4176,4,Villa,23.0676665,72.5721746,76600000.0
945,2,Apartment,23.0169268,72.5204317,6000000.0
990,2,Apartment,23.0169268,72.5204317,7500000.0
1009,3,Apartment,23.0169268,72.5204317,11000000.0
1250,3,Apartment,23.0169268,72.5204317,16500000.0
1710,3,Apartment,23.0169268,72.5204317,17100000.0
2790,4,Apartment,23.0169268,72.5204317,22500000.0
5235,5,Apartment,23.0676665,72.5721746,47100000.0
4300,4,Apartment,23.0676665,72.5721746,35200000.0
4747,4,Apartment,23.0169268,72.5204317,42699999.99999999
2700,3,Villa,23.0169268,72.5204317,11000000.0
3000,3,Apartment,23.0169268,72.5204317,24600000.0
3224,4,Apartment,23.0169268,72.5204317,27300000.0
1215,3,Apartment,23.0169268,72.5204317,15000000.0
6354,4,Villa,23.0169268,72.5204317,52500000.0
990,2,Apartment,23.0111491,72.5132562,7300000.0
2025,3,Apartment,23.0169268,72.5204317,16800000.0
1073,3,Apartment,23.0169268,72.5204317,11500000.0
1440,3,Apartment,23.0169268,72.5204317,10500000.0
4176,4,Villa,23.0676665,72.5721746,75000000.0
4176,4,Villa,23.0676665,72.5721746,70000000.0
4741,4,Apartment,23.2023644,72.6469998,48099999.99999999
1890,3,Apartment,23.0170282,72.5167147,8500000.0
2470,3,Apartment,23.0169268,72.5204317,18500000.0
4176,4,Apartment,23.0214082,72.5198974,77500000.0
945,2,Apartment,23.0170282,72.5167147,6000000.0
1332,3,Apartment,23.0631171,72.5255748,8000000.0
1386,3,Apartment,23.008537,72.5103639,9800000.0
1575,3,Apartment,23.008537,72.5103639,12100000.0
12960,3,Apartment,23.0169268,72.5204317,8600000.0
3492,4,Villa,23.0716125,72.6367479,40000000.0
1152,2,Apartment,23.0111491,72.5132562,8199999.999999999
1550,3,Apartment,23.0169268,72.5204317,10000000.0
1440,3,Apartment,23.0169268,72.5204317,8000000.0
1170,2,Apartment,23.0306499,72.5101971,7500000.0
990,2,Apartment,23.0169268,72.5204317,7000000.0
1305,2,Apartment,23.0111491,72.5132562,6500000.0
450,1,Apartment,23.0111491,72.5132562,4600000.0
950,2,Apartment,23.0169268,72.5204317,6800000.000000001
900,3,Apartment,23.0169268,72.5204317,12000000.0
1755,3,Apartment,23.2976084,72.3384089,16000000.0
1800,3,Apartment,23.0216635,72.5176051,12000000.0
945,2,Apartment,23.0170282,72.5167147,5400000.0
1089,2,Apartment,23.2976084,72.3384089,7000000.0
1980,3,Villa,23.0169268,72.5204317,9000000.0
1500,3,Apartment,23.0631171,72.5255748,7500000.0
945,2,Apartment,23.0170282,72.5167147,6100000.0
945,2,Apartment,23.0170282,72.5167147,5600000.000000001
990,3,Villa,23.0169268,72.5204317,19500000.0
666,1,Apartment,23.0214082,72.5198974,3600000.0
1083,2,Apartment,23.0169268,72.5204317,7000000.0
7776,2,Apartment,23.0111491,72.5132562,5800000.0
945,2,Apartment,23.0170282,72.5167147,5800000.0
1395,3,Apartment,23.0284731,72.5590087,9000000.0
945,2,Apartment,23.0170282,72.5167147,6000000.0
1200,2,Apartment,23.0214082,72.5198974,6500000.0
880,1,Apartment,23.0111491,72.5132562,4800000.0
1655,3,Apartment,23.0169268,72.5204317,9500000.0
1917,4,Apartment,23.0069624,72.5440056,37500000.0
630,2,Apartment,23.0169268,72.5204317,6000000.0
900,2,Apartment,23.0111491,72.5132562,4500000.0
2452,4,Apartment,23.0231795,72.4711881,45000000.0
1250,2,Apartment,23.0169268,72.5204317,8500000.0
1080,2,Apartment,23.0242849,72.5313961,7000000.0
2200,3,Apartment,23.0215374,72.5800568,12500000.0
2250,6,Apartment,23.0069624,72.5440056,30000000.0
927,2,Apartment,23.0169268,72.5204317,6350000.0
1280,3,Apartment,23.0169268,72.5204317,9500000.0
1530,4,Apartment,23.0169268,72.5204317,18000000.0
5400,4,Apartment,23.0242849,72.5313961,100000000.0
3825,6,Apartment,23.0242849,72.5313961,90000000.0
900,1,Apartment,23.0169268,72.5204317,9500000.0
1485,3,Apartment,23.0169268,72.5204317,25000000.0
1800,3,Apartment,23.0169268,72.5204317,14000000.0
1098,3,Apartment,23.0169268,72.5204317,6500000.0
1440,2,Apartment,23.0242849,72.5313961,8800000.0
945,2,Apartment,23.0170282,72.5167147,6500000.0
1635,3,Apartment,23.0169268,72.5204317,12500000.0
639,1,Apartment,22.9867206,72.6458765,1600000.0
873,2,Apartment,22.9867206,72.6458765,3000000.0
477,2,Apartment,22.9867206,72.6458765,3200000.0
873,2,Apartment,22.9867206,72.6458765,2500000.0
975,2,Apartment,22.9867206,72.6458765,3200000.0
945,2,Apartment,22.9867206,72.6458765,3800000.0
1400,2,Apartment,22.9867206,72.6458765,5699999.999999999
1100,2,Apartment,22.9867206,72.6458765,4500000.0
900,2,Apartment,22.9867206,72.6458765,3000000.0
675,1,Apartment,22.9867206,72.6458765,1450000.0
1170,2,Villa,22.9867206,72.6458765,5000000.0
720,1,Apartment,22.9867206,72.6458765,1950000.0
990,2,Apartment,22.9867206,72.6458765,2900000.0
900,2,Apartment,22.9867206,72.6458765,2500000.0
756,1,Apartment,22.9867206,72.6458765,2200000.0
657,1,Apartment,22.9867206,72.6458765,2300000.0
657,1,Apartment,22.9867206,72.6458765,1950000.0
600,1,Apartment,22.9867206,72.6458765,2451000.0
702,1,Apartment,22.9867206,72.6458765,1900000.0
1242,4,Apartment,23.0968537,72.8731855,12500000.0
1506,3,Apartment,22.9867206,72.6458765,13000000.0
1755,2,Apartment,23.0215374,72.5800568,10500000.0
1100,3,Apartment,23.0215374,72.5800568,10000000.0
1206,4,Villa,23.0215374,72.5800568,14000000.0
1026,2,Villa,23.0406995,72.6822689,16000000.0
1368,4,Villa,23.3254747,72.0554467,9500000.0
1600,2,Villa,23.0406995,72.6822689,9800000.0
1305,4,Apartment,23.0159755,72.5136414,16000000.0
1400,3,Apartment,23.1109557,72.5539974,9200000.0
2500,2,Apartment,23.1071309,72.5856397,9000000.0
2520,4,Villa,23.1071309,72.5856397,16000000.0
1575,4,Apartment,23.1109557,72.5539974,8500000.0
600,1,Apartment,23.0016439,72.5130469,2500000.0
850,2,Apartment,23.1550716,72.6864682,2600000.0
720,1,Apartment,22.9867206,72.6458765,2300000.0
756,1,Apartment,22.9867206,72.6458765,1600000.0
600,1,Apartment,23.062275,72.571217,1800000.0
810,3,Apartment,22.9867206,72.6458765,4800000.0
990,2,Apartment,22.9867206,72.6458765,6200000.0
2700,3,Villa,22.9867206,72.6458765,6000000.0
594,1,Apartment,23.0366663,72.5492165,1700000.0000000002
765,5,Apartment,23.0215374,72.5800568,6500000.0
2800,2,Villa,23.0215374,72.5800568,4200000.0
1400,5,Apartment,23.0215374,72.5800568,3000000.0
244,1,Apartment,23.0097167,72.5076274,1400000.0000000002
538,3,Apartment,23.1660204,72.816262,5500000.0
3300,7,Apartment,23.0616704,72.6721767,9000000.0
400,2,Villa,23.0215374,72.5800568,1600000.0
675,2,Apartment,23.0215374,72.5800568,1300000.0
729,2,Apartment,23.0215374,72.5800568,2400000.0
1350,4,Villa,23.0215374,72.5800568,4500000.0
1200,3,Villa,23.0215374,72.5800568,9000000.0
1210,4,Apartment,23.0326239,72.6392784,10000000.0
2500,3,Apartment,23.0326239,72.6392784,7000000.0
1418,4,Apartment,23.038742,72.6401062,6800000.000000001
720,4,Apartment,23.0326239,72.6392784,6000000.0
1080,3,Apartment,23.0326239,72.6392784,6000000.0
900,3,Apartment,23.0637665,72.555444,6000000.0
900,3,Villa,23.0215374,72.5800568,6000000.0
765,3,Villa,23.0472488,72.6088046,6000000.0
1328,3,Apartment,23.0244661,72.6863241,6000000.0
1134,2,Apartment,23.0244661,72.6863241,3700000.0
900,2,Apartment,23.0244661,72.6863241,3500000.0
900,1,Apartment,23.0244661,72.6863241,1850000.0
650,2,Villa,23.0244661,72.6863241,2500000.0
580,1,Apartment,23.0244661,72.6863241,2200000.0
545,1,Apartment,23.0244661,72.6863241,2200000.0
1000,4,Apartment,23.0676665,72.5721746,8000000.0
2340,3,Apartment,23.0406995,72.6822689,8500000.0
2300,3,Apartment,23.06384,72.5430733,8800000.0
1995,3,Apartment,23.06384,72.5430733,8000000.0
10333,3,Apartment,23.0676665,72.5721746,6500000.0
1431,3,Apartment,23.0406995,72.6822689,6400000.0
1980,3,Apartment,22.8959246,72.6782442,5500000.0
1584,3,Apartment,23.0406995,72.6822689,5500000.0
1356,3,Apartment,22.8959246,72.6782442,5500000.0
675,3,Apartment,23.06384,72.5430733,5500000.0
1296,3,Villa,22.8959246,72.6782442,5000000.0
1614,3,Apartment,23.0406995,72.6822689,4500000.0
2250,3,Apartment,22.8959246,72.6782442,4500000.0
4275,4,Apartment,23.0676665,72.5721746,29000000.0
2730,3,Apartment,23.0674161,72.5827507,30000000.0
3942,4,Apartment,23.0360509,72.5611735,27599999.999999996
1399,3,Apartment,23.0360509,72.5611735,22500000.0
2205,3,Apartment,23.0426444,72.5491036,22500000.0
3213,4,Apartment,23.0360509,72.5611735,22500000.0
2000,4,Apartment,23.0426444,72.5491036,40000000.0
2770,4,Apartment,23.0426444,72.5491036,20000000.0
2529,4,Apartment,23.0426444,72.5491036,18900000.0
1125,2,Apartment,23.0069624,72.5440056,6000000.0
400,1,Apartment,23.0676665,72.5721746,5000000.0
738,1,Apartment,23.0676665,72.5721746,3400000.0000000005
423,1,Apartment,23.0676665,72.5721746,3700000.0
1620,5,Apartment,23.0676665,72.5721746,22500000.0
513,1,Apartment,23.0676665,72.5721746,3700000.0
495,2,Apartment,23.0676665,72.5721746,16500000.0
1080,2,Apartment,23.0676665,72.5721746,6500000.0
1197,3,Apartment,23.0682646,72.5624497,28100000.0
1782,4,Villa,23.0682646,72.5624497,28000000.0
2106,4,Villa,23.0682646,72.5624497,27500000.0
2700,4,Villa,23.067695,72.5658899,30000000.0
2250,3,Villa,23.0682646,72.5624497,25000000.0
1800,3,Apartment,22.9519183,72.6113595,25000000.0
1800,3,Apartment,23.067695,72.5658899,22500000.0
2088,4,Villa,23.0682646,72.5624497,23200000.0
675,3,Apartment,23.067695,72.5658899,20000000.0
2160,4,Apartment,23.0682646,72.5624497,17000000.0
900,4,Apartment,23.067119,72.5630118,17000000.0
1260,4,Apartment,23.0676665,72.5721746,16000000.0
2300,2,Villa,23.0980898,72.5780885,9500000.0
720,2,Apartment,23.0980898,72.5780885,4800000.0
990,2,Apartment,23.0215374,72.5800568,5500000.0
1076,2,Apartment,23.0980898,72.5780885,5100000.0
1800,3,Apartment,23.0366663,72.5492165,7000000.0
1566,3,Apartment,23.0967876,72.5966689,8000000.0
1544,3,Apartment,23.0967876,72.5966689,7800000.0
1890,3,Apartment,23.0215374,72.5800568,7600000.0
1845,3,Apartment,23.0967876,72.5966689,7688000.0
1215,3,Apartment,23.0649034,72.5268918,7500000.0
1431,3,Apartment,23.0770712,72.5890677,7500000.0
1314,3,Apartment,23.2145657,72.6856816,7350000.0
1440,3,Villa,23.0967876,72.5966689,7500000.0
500,3,Apartment,23.0967876,72.5966689,7200000.0
990,3,Apartment,23.0770712,72.5890677,8000000.0
1900,3,Apartment,23.0360509,72.5611735,8000000.0
2025,3,Apartment,23.2145657,72.6856816,8000000.0
2000,3,Apartment,23.0967876,72.5966689,8000000.0
1710,3,Apartment,23.0967876,72.5966689,8100000.000000001
2000,3,Apartment,23.0967876,72.5966689,8000000.0
1665,3,Apartment,23.0967876,72.5966689,8199999.999999999
3600,4,Apartment,23.0169268,72.5204317,28800000.0
3224,4,Apartment,23.0169268,72.5204317,27400000.000000004
3150,4,Apartment,23.0676665,72.5721746,27000000.0
2750,4,Apartment,23.0000258,72.5051405,27500000.0
3224,4,Apartment,23.0676665,72.5721746,27300000.0
3300,3,Villa,22.9549322,72.421607,12500000.0
810,2,Apartment,23.0271267,72.5226289,4500000.0
990,2,Apartment,23.0932208,72.5971393,4500000.0
1800,4,Apartment,22.9811295,72.6012948,22500000.0
900,4,Apartment,22.9811295,72.6012948,12000000.0
1215,6,Apartment,23.0069624,72.5440056,9100000.0
900,4,Villa,22.9811295,72.6012948,15000000.0
1140,2,Apartment,23.0604301,72.6537943,4000000.0
612,1,Apartment,23.0713102,72.539578,3000000.0
1100,2,Apartment,23.0540716,72.5443238,12000000.0
1179,2,Apartment,22.9811295,72.6012948,5850000.0
900,2,Apartment,23.0649034,72.5268918,6100000.0
700,2,Apartment,22.9811295,72.6012948,9000000.0
1000,2,Apartment,22.9811295,72.6012948,9500000.0
1350,3,Apartment,22.9811295,72.6012948,4800000.0
1404,3,Apartment,22.9811295,72.6012948,4600000.0
1161,2,Apartment,22.9811295,72.6012948,3800000.0
1188,3,Apartment,22.9811295,72.6012948,5699999.999999999
1200,3,Apartment,22.9744693,72.6033586,11500000.0
950,2,Apartment,23.0151998,72.5932216,6500000.0
900,2,Apartment,23.115405,72.5888398,4400000.0
1500,3,Apartment,22.9811295,72.6012948,13899999.999999998
1000,2,Apartment,23.0546669,72.6392596,6500000.0
960,2,Apartment,22.9811295,72.6012948,11500000.0
1400,2,Apartment,22.9744693,72.6033586,11100000.000000002
1500,2,Apartment,23.0649034,72.5268918,11100000.000000002
1000,2,Apartment,22.974155,72.6299879,7500000.0
1000,3,Apartment,22.9811295,72.6012948,5500000.0
1080,2,Apartment,22.9744693,72.6033586,7000000.0
1300,2,Apartment,22.974155,72.6299879,8000000.0
1080,2,Apartment,23.2417722,72.503107,4500000.0
603,1,Apartment,23.0111491,72.5132562,2000000.0
2500,4,Villa,22.9589978,72.6297981,21500000.0
873,3,Villa,22.9968591,72.6065658,7500000.0
1395,2,Apartment,22.9811295,72.6012948,5500000.0
1200,3,Apartment,22.9811295,72.6012948,8500000.0
950,2,Apartment,23.2125309,72.684767,4800000.0
635,2,Apartment,23.0604301,72.6537943,4800000.0
873,3,Apartment,22.9811295,72.6012948,7500000.0
500,2,Villa,22.9811295,72.6012948,4500000.0
721,1,Apartment,23.0111491,72.5132562,1990000.0
1485,4,Villa,22.9811295,72.6012948,9000000.0
810,2,Apartment,22.9811295,72.6012948,6000000.0
630,1,Villa,22.9811295,72.6012948,2000000.0
639,1,Apartment,22.9811295,72.6012948,1600000.0
1350,4,Villa,22.9811295,72.6012948,13000000.0
945,1,Apartment,23.2417722,72.503107,2100000.0
800,1,Apartment,22.9811295,72.6012948,6899999.999999999
1550,3,Villa,22.9811295,72.6012948,7000000.0
2000,4,Villa,23.0649034,72.5268918,35000000.0
450,1,Villa,22.9811295,72.6012948,2800000.0000000005
459,1,Apartment,22.9811295,72.6012948,2500000.0
460,1,Apartment,22.9811295,72.6012948,2000000.0
765,3,Apartment,23.0069624,72.5440056,9500000.0
1044,2,Apartment,22.9979199,72.5595221,3500000.0
1100,3,Apartment,22.9811295,72.6012948,5500000.0
1000,1,Villa,22.9811295,72.6012948,4000000.0
900,2,Apartment,22.9811295,72.6012948,4400000.0
850,1,Apartment,22.9811295,72.6012948,6500000.0
900,2,Apartment,22.9811295,72.6012948,5100000.0
1350,1,Apartment,23.0111491,72.5132562,2975000.0
1260,6,Apartment,22.9811295,72.6012948,11500000.0
1683,3,Apartment,22.9811295,72.6012948,5699999.999999999
1280,2,Apartment,22.9979199,72.5595221,4000000.0
505,1,Apartment,23.0111491,72.5132562,1250000.0
810,2,Apartment,23.0063315,72.536517,3000000.0
684,1,Apartment,22.9811295,72.6012948,2350000.0
1300,4,Villa,22.9811295,72.6012948,15000000.0
1620,6,Apartment,22.9811295,72.6012948,14000000.0
1100,2,Apartment,22.9811295,72.6012948,6000000.0
1530,3,Apartment,22.9811295,72.6012948,11299999.999999998
990,2,Apartment,23.0839289,72.6785883,4600000.0
538,2,Apartment,23.0510656,72.6436615,6000000.0
459,2,Villa,22.9811295,72.6012948,2200000.0
550,3,Apartment,23.298153,72.3397926,4000000.0
500,3,Apartment,23.0069624,72.5440056,5500000.0
1071,2,Apartment,22.8237855,72.7794373,3300000.0
1980,3,Villa,22.9811295,72.6012948,8000000.0
900,2,Apartment,22.9744693,72.6033586,7000000.0
648,2,Villa,22.9811295,72.6012948,3500000.0
2250,3,Villa,22.9943045,72.5781979,8000000.0
1665,3,Apartment,23.0111491,72.5132562,9500000.0
1450,4,Villa,22.9949449,72.5885536,5100000.0
900,2,Apartment,22.9853608,72.6321146,5500000.0
462,2,Apartment,23.1649861,72.8159021,4250000.0
1080,2,Apartment,22.956605,72.6396613,3500000.0
1260,2,Villa,22.9811295,72.6012948,11000000.0
1674,4,Villa,22.9811295,72.6012948,16000000.0
945,2,Apartment,22.9811295,72.6012948,4600000.0
1161,2,Apartment,22.9811295,72.6012948,4300000.0
4050,4,Villa,22.9811295,72.6012948,25000000.0
1224,2,Apartment,23.0604301,72.6537943,3300000.0
1150,2,Apartment,23.0604301,72.6537943,4400000.0
1215,2,Apartment,23.0084483,72.5684667,4500000.0
1200,2,Apartment,23.0017632,72.5940885,3700000.0
1035,2,Apartment,23.0017632,72.5940885,5600000.000000001
990,2,Apartment,23.0017632,72.5940885,5200000.0
945,2,Apartment,23.0017632,72.5940885,7500000.0
1530,3,Villa,23.0017632,72.5940885,9500000.0
765,2,Apartment,23.0017632,72.5940885,4800000.0
1593,5,Villa,23.0017632,72.5940885,25000000.0
1700,3,Apartment,23.0017632,72.5940885,9500000.0
2349,3,Apartment,23.0017632,72.5940885,11000000.0
3005,8,Apartment,23.0017632,72.5940885,35000000.0
1000,2,Apartment,23.0017632,72.5940885,4200000.0
3285,8,Villa,23.0017632,72.5940885,18000000.0
3150,4,Apartment,23.0017632,72.5940885,25000000.0
5805,2,Apartment,23.0017632,72.5940885,110000000.0
1980,4,Apartment,23.0017632,72.5940885,20000000.0
2232,6,Apartment,23.0017632,72.5940885,26000000.0
784,4,Villa,22.9986596,72.6114013,8500000.0
1503,3,Apartment,22.9986596,72.6114013,8500000.0
1100,3,Apartment,22.9986596,72.6114013,8500000.0
909,3,Apartment,22.9986596,72.6114013,10500000.0
400,4,Apartment,22.9986596,72.6114013,10000000.0
1080,3,Apartment,22.9986596,72.6114013,7700000.0
1200,3,Apartment,22.9986596,72.6114013,9000000.0
997,3,Apartment,22.9986596,72.6114013,9200000.0
2100,3,Apartment,22.9978049,72.6113755,9500000.0
1395,3,Apartment,22.9986596,72.6114013,7500000.0
1215,3,Apartment,22.9993547,72.6137203,8000000.0
1400,3,Villa,22.9986596,72.6114013,9000000.0
1620,3,Apartment,22.9986596,72.6114013,9000000.0
1300,3,Apartment,22.9986596,72.6114013,9200000.0
1710,3,Apartment,22.9986596,72.6114013,9500000.0
630,2,Apartment,23.0111491,72.5132562,5800000.0
1611,3,Apartment,22.9519183,72.6113595,11000000.0
1100,2,Apartment,23.0097167,72.5076274,6500000.0
900,2,Apartment,23.0494863,72.5672615,6000000.0
990,2,Apartment,23.0069624,72.5440056,7400000.0
1550,3,Apartment,23.1354749,72.5415625,13000000.0
2430,3,Apartment,23.0230959,72.560214,26100000.0
1700,3,Apartment,23.0230959,72.560214,11100000.000000002
2430,3,Apartment,23.0215374,72.5800568,14000000.0
1618,3,Apartment,23.137604,72.44412,11500000.0
1890,3,Apartment,23.0494863,72.5672615,12000000.0
1449,3,Apartment,23.0494863,72.5672615,8199999.999999999
1350,3,Apartment,23.2467926,72.4855418,9000000.0
900,2,Apartment,23.0494863,72.5672615,8100000.000000001
900,1,Apartment,23.1954573,72.6132842,12500000.0
900,2,Apartment,23.0494863,72.5672615,6500000.0
1300,2,Apartment,23.298153,72.3397926,5000000.0
1305,2,Apartment,23.0839289,72.6785883,7500000.0
2115,3,Apartment,23.0494863,72.5672615,12900000.0
1143,2,Apartment,23.0363265,72.5650744,6300000.0
3050,4,Apartment,23.2145657,72.6856816,20000000.0
1755,3,Villa,23.0674161,72.5827507,6899999.999999999
1215,2,Apartment,23.0069624,72.5440056,6200000.0
675,6,Villa,23.0674161,72.5827507,25000000.0
2520,4,Villa,23.0494863,72.5672615,25200000.0
2360,3,Apartment,23.0674161,72.5827507,16500000.0
1200,4,Villa,23.0674161,72.5827507,16000000.0
1660,3,Apartment,23.0230959,72.560214,13500000.0
10800,4,Apartment,23.0674161,72.5827507,96000000.0
2500,3,Apartment,23.0246824,72.5583809,19500000.0
396,1,Apartment,23.0674161,72.5827507,3200000.0
1400,3,Apartment,23.0674161,72.5827507,7000000.0
2718,6,Villa,23.2420572,72.4880711,53700000.0
2790,6,Villa,23.0674161,72.5827507,25000000.0
1760,3,Apartment,23.0544372,72.4720756,9500000.0
5148,5,Villa,23.0215374,72.5800568,85000000.0
1260,2,Villa,23.0732586,72.6508299,12000000.0
630,1,Apartment,23.0732586,72.6508299,1800000.0
900,2,Apartment,23.0687402,72.6734956,3500000.0
1710,3,Apartment,23.0854097,72.6580946,7000000.0
3774,4,Villa,23.0687402,72.6734956,43000000.0
1296,2,Apartment,23.0687402,72.6734956,5000000.0
1503,2,Apartment,23.0733482,72.6414952,6200000.0
1089,5,Villa,23.0687402,72.6734956,16500000.0
1287,4,Apartment,23.0854097,72.6580946,16000000.0
1557,2,Apartment,23.0676665,72.5721746,5100000.0
1557,2,Apartment,23.0676665,72.5721746,4700000.0
850,2,Apartment,23.0854097,72.6580946,3700000.0
1152,2,Apartment,23.0854097,72.6580946,4000000.0
1017,2,Apartment,23.0810804,72.6819875,3300000.0
918,2,Apartment,23.0854097,72.6580946,3050000.0
990,2,Apartment,23.0687402,72.6734956,3000000.0
776,3,Apartment,23.0854097,72.6580946,8500000.0
1260,2,Apartment,23.0839289,72.6785883,4500000.0
1485,3,Apartment,23.1429051,72.5392248,5800000.0
2610,3,Apartment,23.0732586,72.6508299,11700000.0
1125,2,Apartment,23.0733482,72.6414952,2300000.0
1485,3,Apartment,23.0809556,72.64732,4000000.0
1755,3,Apartment,23.0733482,72.6414952,5600000.000000001
4500,6,Apartment,23.298153,72.3397926,13500000.0
1080,2,Apartment,23.0398447,72.6298154,4500000.0
1313,2,Apartment,23.0069624,72.5440056,4400000.0
990,2,Apartment,23.0546669,72.6392596,2350000.0
1080,2,Apartment,23.0148133,72.3829577,2800000.0000000005
1035,2,Apartment,23.0148133,72.3829577,2400000.0
1080,2,Apartment,23.0148133,72.3829577,2500000.0
855,2,Apartment,23.0839289,72.6785883,4500000.0
3175,4,Villa,23.0215374,72.5800568,40000000.0
2000,2,Apartment,23.0097167,72.5076274,2000000.0
1143,2,Apartment,23.2840623,72.4400098,3651000.0
900,4,Apartment,23.0733482,72.6414952,17500000.0
270,1,Apartment,23.197338,72.61688,770000.0
784,4,Apartment,23.0215374,72.5800568,9000000.0
3600,6,Villa,23.0215374,72.5800568,8000000.0
375,2,Villa,22.9729765,72.5895984,2500000.0
1030,3,Villa,23.1671198,72.8137393,20000000.0
1278,2,Apartment,23.0401695,72.6625484,5000000.0
801,1,Apartment,23.0604301,72.6537943,2500000.0
1715,3,Apartment,23.2467926,72.4855418,10500000.0
1008,2,Apartment,23.022616,72.5819947,4500000.0
700,2,Villa,23.0733482,72.6414952,1500000.0
780,2,Apartment,23.0733482,72.6414952,800000.0
1818,3,Apartment,23.0434823,72.6810611,6500000.0
1356,3,Apartment,23.0069624,72.5440056,5500000.0
180,1,Villa,23.0401695,72.6625484,3800000.0
990,2,Apartment,23.0111491,72.5132562,1800000.0
765,3,Apartment,23.0401695,72.6625484,7500000.0
540,2,Apartment,23.0215374,72.5800568,3500000.0
1386,2,Apartment,23.0839289,72.6785883,4800000.0
1200,3,Apartment,23.2420572,72.4880711,3800000.0
1120,3,Apartment,23.0835832,72.6248611,5100000.0
900,2,Villa,22.8959246,72.6782442,3100000.0
756,1,Apartment,23.0839289,72.6785883,2711000.0
1663,3,Apartment,23.3254747,72.0554467,9000000.0
1485,2,Apartment,22.996342,72.5043085,9000000.0
1995,3,Apartment,22.996342,72.5043085,12700000.0
1730,3,Apartment,22.996342,72.5043085,8500000.0
2332,3,Apartment,22.996342,72.5043085,16000000.0
1904,3,Apartment,22.996342,72.5043085,13500000.0
1100,2,Apartment,22.996342,72.5043085,6200000.0
1260,2,Apartment,22.996342,72.5043085,6800000.000000001
1485,2,Apartment,22.996342,72.5043085,7600000.0
1152,2,Apartment,22.996342,72.5043085,7250000.0
1460,3,Apartment,22.996342,72.5043085,9000000.0
1450,3,Apartment,22.996342,72.5043085,9500000.0
1210,2,Apartment,22.996342,72.5043085,9000000.0
1812,3,Apartment,22.996342,72.5043085,14400000.0
1600,3,Apartment,22.996342,72.5043085,8000000.0
1080,2,Apartment,22.996342,72.5043085,7200000.0
1152,2,Apartment,22.996342,72.5043085,7050000.0
1860,3,Apartment,22.996342,72.5043085,10200000.0
1915,3,Apartment,22.996342,72.5043085,13200000.0
993,3,Apartment,22.996342,72.5043085,9900000.0
2398,3,Apartment,23.04711,72.527537,14500000.0
1382,4,Apartment,23.081994,72.5519258,15000000.0
1936,3,Apartment,23.011445,72.5864365,13000000.0
2046,3,Apartment,23.0366663,72.5492165,14000000.0
1066,3,Apartment,23.2145657,72.6856816,12100000.0
1971,3,Apartment,23.2145657,72.6856816,13500000.0
1545,3,Apartment,23.0069624,72.5440056,9000000.0
1800,3,Apartment,23.0676665,72.5721746,7200000.0
1845,3,Apartment,23.0676665,72.5721746,6300000.0
2106,3,Apartment,23.0676665,72.5721746,6800000.000000001
2448,3,Apartment,23.0676665,72.5721746,7200000.0
1710,3,Apartment,23.0676665,72.5721746,8500000.0
1250,3,Apartment,23.0676665,72.5721746,6500000.0
928,3,Apartment,23.0676665,72.5721746,5500000.0
2025,3,Apartment,23.0676665,72.5721746,6413000.0
1193,3,Apartment,23.0676665,72.5721746,7500000.0
2241,3,Apartment,23.0676665,72.5721746,10000000.0
2115,3,Apartment,23.0676665,72.5721746,6400000.0
1953,3,Apartment,23.2145657,72.6856816,6100000.0
2232,3,Apartment,23.0676665,72.5721746,8500000.0
2250,3,Apartment,23.0676665,72.5721746,9500000.0
1539,3,Apartment,23.0676665,72.5721746,7000000.0
2906,3,Apartment,23.0687402,72.6734956,11500000.0
1944,3,Apartment,23.0434823,72.6810611,10000000.0
2070,3,Apartment,23.0854097,72.6580946,10500000.0
2385,3,Apartment,23.0810804,72.6819875,10500000.0
2430,3,Apartment,23.0687402,72.6734956,11000000.0
1899,3,Apartment,23.0854097,72.6580946,11100000.000000002
2070,3,Apartment,23.0434823,72.6810611,11100000.000000002
2010,3,Apartment,23.0676665,72.5721746,11000000.0
2610,3,Apartment,23.0854097,72.6580946,11700000.0
1980,3,Apartment,23.0687402,72.6734956,12000000.0
2610,3,Apartment,23.0854097,72.6580946,12000000.0
2150,3,Apartment,23.0434823,72.6810611,12000000.0
2385,3,Apartment,23.0434823,72.6810611,12000000.0
2286,3,Apartment,23.0434823,72.6810611,12500000.0
918,3,Apartment,23.0676665,72.5721746,9500000.0
2600,3,Apartment,23.0687402,72.6734956,9000000.0
2376,3,Apartment,23.0434823,72.6810611,9200000.0
2367,3,Apartment,23.0434823,72.6810611,9500000.0
1845,3,Apartment,23.0676665,72.5721746,9000000.0
2070,3,Apartment,23.0360466,72.5481768,6200000.0
1031,3,Apartment,23.0732586,72.6508299,8000000.0
2376,3,Apartment,23.0732586,72.6508299,8100000.000000001
1413,3,Apartment,23.0687402,72.6734956,8100000.000000001
1260,3,Apartment,23.2454066,72.8948686,9000000.0
1600,3,Apartment,23.0687402,72.6734956,7500000.0
1440,3,Apartment,23.0687402,72.6734956,7500000.0
1575,3,Villa,23.0687402,72.6734956,7000000.0
1827,3,Apartment,23.0687402,72.6734956,7200000.0
853,3,Apartment,23.096739,72.6517728,7000000.0
1782,3,Apartment,23.0687402,72.6734956,6899999.999999999
2507,3,Apartment,23.0732586,72.6508299,6800000.000000001
1413,3,Apartment,23.0687402,72.6734956,6800000.000000001
1360,3,Apartment,23.0687402,72.6734956,6400000.0
1422,3,Apartment,23.0687402,72.6734956,6700000.0
1143,2,Apartment,23.0687402,72.6734956,4151000.0000000005
1485,3,Apartment,23.0687402,72.6734956,5800000.0
1440,3,Apartment,23.0687402,72.6734956,6000000.0
2730,3,Apartment,23.0674161,72.5827507,30000000.0
1917,3,Apartment,22.9925659,72.6089924,22500000.0
4023,4,Villa,23.1170709,72.6283409,25000000.0
4356,4,Apartment,23.0226117,72.5490834,30000000.0
4000,4,Apartment,23.0271267,72.5226289,19900000.0
2400,3,Apartment,23.0230959,72.560214,18000000.0
2000,3,Apartment,23.2145657,72.6856816,18000000.0
1850,3,Apartment,22.9811933,72.6319432,8600000.0
1098,3,Apartment,23.0856343,72.5646439,6500000.0
882,3,Apartment,23.0968537,72.8731855,6500000.0
1872,3,Apartment,23.2072732,72.6361499,6000000.0
1969,3,Apartment,23.0398447,72.6298154,6000000.0
2727,4,Apartment,23.0106847,72.5099278,14200000.0
1540,3,Apartment,23.2072732,72.6361499,5649999.999999999
1584,3,Apartment,23.0406995,72.6822689,5500000.0
1395,3,Apartment,22.9729765,72.5895984,4099999.9999999995
1100,3,Apartment,22.9729765,72.5895984,4000000.0
1593,3,Apartment,22.9729765,72.5895984,6000000.0
1584,3,Apartment,22.9948656,72.6624431,8765000.0
1764,3,Apartment,23.1071309,72.5856397,7999000.000000001
1890,3,Apartment,22.9948656,72.6624431,8000000.0
1683,3,Apartment,22.9948656,72.6624431,8000000.0
2152,3,Apartment,22.9948656,72.6624431,7500000.0
1900,3,Apartment,23.1071309,72.5856397,7500000.0
1575,3,Apartment,22.9948656,72.6624431,7800000.0
1980,3,Apartment,23.0056298,72.5231013,10000000.0
1614,3,Apartment,23.0056298,72.5231013,9000000.0
895,3,Apartment,22.9936417,72.5357058,8500000.0
2395,3,Apartment,22.983483,72.5007203,13100000.0
1800,2,Apartment,23.0056298,72.5231013,8500000.0
1575,3,Apartment,23.0056298,72.5231013,8250000.0
1350,3,Apartment,23.0056298,72.5231013,6500000.0
1350,4,Apartment,23.0236445,72.590012,7500000.0
746,3,Apartment,23.0980012,72.7096941,5400000.0
1170,2,Apartment,22.9936417,72.5357058,6200000.0
1791,3,Apartment,23.0056298,72.5231013,10000000.0
558,2,Apartment,23.2145657,72.6856816,5800000.0
1485,3,Apartment,23.0556364,72.5965538,10000000.0
990,3,Apartment,23.0556364,72.5965538,10000000.0
1440,3,Apartment,23.0556364,72.5965538,11800000.0
1629,3,Apartment,23.0556364,72.5965538,11500000.0
1135,3,Apartment,23.0556364,72.5965538,11000000.0
1400,3,Apartment,23.0556364,72.5965538,11500000.0
1485,3,Apartment,23.0556364,72.5965538,12000000.0
1485,3,Apartment,23.0556364,72.5965538,11000000.0
1400,3,Apartment,23.0556364,72.5965538,11000000.0
1485,3,Apartment,23.0556364,72.5965538,12000000.0
1400,3,Apartment,23.0556364,72.5965538,12000000.0
1134,3,Apartment,23.0556364,72.5965538,8300000.0
990,3,Apartment,23.0556364,72.5965538,9500000.0
1323,3,Apartment,23.0556364,72.5965538,9900000.0
1350,3,Apartment,23.0556364,72.5965538,10500000.0
1500,3,Apartment,23.0556364,72.5965538,9500000.0
1380,3,Apartment,23.0556364,72.5965538,9700000.0
1395,3,Apartment,23.0556364,72.5965538,9500000.0
1485,3,Apartment,23.0556364,72.5965538,9800000.0
1350,3,Apartment,23.0556364,72.5965538,9000000.0
1260,3,Apartment,23.1153559,72.5366513,4500000.0
2260,3,Apartment,23.021803,72.4747707,26500000.0
2835,3,Apartment,23.057541,72.5435085,27500000.0
2385,3,Apartment,23.057541,72.5435085,28000000.0
4200,3,Villa,23.0485393,72.511742,24000000.0
2475,3,Apartment,23.0774129,72.4943545,24500000.0
2178,3,Apartment,23.0774129,72.4943545,22000000.0
2646,3,Apartment,23.0774129,72.4943545,22000000.0
4000,3,Apartment,23.057541,72.5435085,31500000.0
2430,3,Apartment,23.0774129,72.4943545,21000000.0
2124,3,Apartment,23.0774129,72.4943545,21000000.0
2178,3,Apartment,23.057541,72.5435085,21000000.0
1908,3,Apartment,23.0774129,72.4943545,20500000.0
2646,3,Apartment,23.0774129,72.4943545,20500000.0
2475,3,Apartment,23.0774129,72.4943545,20000000.0
2448,3,Apartment,23.0774129,72.4943545,20000000.0
2214,3,Apartment,23.021803,72.4747707,20000000.0
1480,3,Apartment,23.021803,72.4747707,20000000.0
2178,3,Apartment,23.057541,72.5435085,20000000.0
1540,3,Apartment,23.0839289,72.6785883,7900000.0
1700,3,Apartment,23.2145657,72.6856816,8700000.0
1377,3,Apartment,23.1071309,72.5856397,5800000.0
1215,3,Apartment,23.1071309,72.5856397,4300000.0
1200,3,Apartment,23.1071309,72.5856397,7500000.0
1764,3,Apartment,23.1071309,72.5856397,7300000.0
1440,3,Apartment,23.1071309,72.5856397,5500000.0
807,3,Apartment,23.1071309,72.5856397,7200000.0
1500,3,Apartment,22.9785228,72.6101796,10500000.0
1620,3,Apartment,22.9993547,72.6137203,10000000.0
1001,3,Apartment,22.9785228,72.6101796,11500000.0
1845,3,Apartment,22.9993547,72.6137203,12500000.0
1674,3,Apartment,22.9811295,72.6012948,8500000.0
2034,4,Apartment,23.0839289,72.6785883,12900000.0
1665,4,Apartment,22.9993547,72.6137203,8000000.0
1230,2,Apartment,23.0057574,72.6269822,8500000.0
1250,3,Apartment,22.9993547,72.6137203,7700000.0
1100,3,Apartment,22.9785228,72.6101796,7500000.0
810,3,Apartment,22.9993547,72.6137203,7200000.0
1350,3,Apartment,22.9785228,72.6101796,7000000.0
1827,3,Apartment,23.0655502,72.5837193,10000000.0
430,1,Apartment,23.0111491,72.5132562,3200000.0
1134,3,Apartment,23.0770712,72.5890677,8500000.0
1575,3,Apartment,23.107121,72.5848584,9000000.0
1656,3,Apartment,23.0766234,72.5764197,9000000.0
2115,3,Apartment,23.107121,72.5848584,9500000.0
1506,2,Apartment,23.0770712,72.5890677,7500000.0
720,2,Apartment,23.0770712,72.5890677,7000000.0
1170,2,Apartment,23.092529,72.561323,7300000.0
600,2,Villa,23.06384,72.5430733,6500000.0
1035,2,Apartment,23.0770712,72.5890677,6500000.0
1125,2,Apartment,23.0655502,72.5837193,6000000.0
1569,2,Apartment,23.0766234,72.5764197,8000000.0
1260,2,Apartment,23.0770712,72.5890677,8100000.000000001
1600,2,Apartment,23.107121,72.5848584,6500000.0
540,2,Apartment,23.0770712,72.5890677,8500000.0
1215,2,Apartment,23.0766234,72.5764197,6200000.0
990,2,Apartment,23.115405,72.5888398,6300000.0
800,2,Apartment,23.0649034,72.5268918,6000000.0
1215,2,Apartment,23.107121,72.5848584,6000000.0
3897,3,Apartment,23.107121,72.5848584,12700000.0
853,3,Apartment,23.107121,72.5848584,7900000.0
856,3,Apartment,23.107121,72.5848584,7500000.0
1710,3,Apartment,23.0360466,72.5481768,8800000.0
1575,3,Apartment,23.0360466,72.5481768,8000000.0
1998,3,Apartment,23.2145657,72.6856816,7800000.0
1150,3,Apartment,23.107121,72.5848584,7800000.0
1863,3,Apartment,23.1100643,72.5811205,9800000.0
1449,3,Apartment,23.165123,72.8127141,5500000.0
1620,3,Apartment,23.107121,72.5848584,6700000.0
2007,3,Apartment,23.2145657,72.6856816,11299999.999999998
538,3,Apartment,23.0097167,72.5076274,3800000.0
800,3,Apartment,22.9993349,72.6245126,6500000.0
900,2,Apartment,22.9785228,72.6101796,7500000.0
1503,2,Apartment,22.9785228,72.6101796,7200000.0
1017,2,Apartment,23.0839289,72.6785883,6500000.0
1800,3,Apartment,23.0232163,72.4708784,6800000.000000001
1700,3,Apartment,23.021803,72.4747707,9500000.0
1470,3,Apartment,22.9645191,72.4704112,5900000.0
1746,3,Apartment,23.021803,72.4747707,11500000.0
2415,3,Apartment,23.0310611,72.4763874,17500000.0
1376,3,Apartment,23.021803,72.4747707,8500000.0
1700,3,Apartment,23.021803,72.4747707,7400000.0
1435,3,Apartment,23.021803,72.4747707,9500000.0
862,3,Apartment,23.0232163,72.4708784,5625000.0
1435,3,Apartment,23.2145657,72.6856816,7500000.0
852,3,Apartment,23.0232163,72.4708784,9500000.0
1630,3,Apartment,23.2145657,72.6856816,8300000.0
1750,3,Apartment,23.2145657,72.6856816,8000000.0
1620,3,Apartment,23.0232163,72.4708784,8700000.0
1750,3,Apartment,23.0535306,72.4934085,8500000.0
1845,3,Apartment,23.0713102,72.539578,9500000.0
1854,3,Apartment,23.0305837,72.5069909,9300000.0
1750,3,Apartment,23.1450085,72.5333041,8500000.0
1400,3,Apartment,23.0232163,72.4708784,5750000.0
778,3,Apartment,23.0479045,72.5267206,7500000.0
1445,3,Apartment,23.0244466,72.5589826,9651000.0
780,3,Apartment,23.0232163,72.4708784,7300000.0
1683,3,Apartment,23.0738754,72.5111892,9000000.0
1450,3,Apartment,23.0205008,72.4694523,7500000.0
2025,3,Apartment,23.0193275,72.4697102,10100000.0
1435,3,Apartment,23.0147236,72.4708066,8199999.999999999
1435,3,Apartment,23.0147236,72.4708066,9200000.0
1860,3,Apartment,23.0232163,72.4708784,12000000.0
1750,3,Apartment,23.0232163,72.4708784,8100000.000000001
1240,3,Apartment,23.0398447,72.6298154,9500000.0
1750,3,Apartment,23.021803,72.4747707,8199999.999999999
2240,3,Apartment,23.0310611,72.4763874,18000000.0
1620,3,Apartment,23.0111491,72.5132562,6500000.0
949,3,Apartment,23.0162473,72.4517298,7900000.0
1230,3,Apartment,22.9945745,72.467571,10500000.0
1760,3,Apartment,23.1450085,72.5333041,8300000.0
1200,3,Apartment,23.0738754,72.5111892,9300000.0
1629,3,Apartment,23.0738754,72.5111892,9500000.0
1620,3,Apartment,23.0232163,72.4708784,9000000.0
1750,3,Apartment,23.0232163,72.4708784,8600000.0
1795,3,Apartment,23.0232163,72.4708784,8600000.0
2115,3,Apartment,23.1569347,72.8003947,12500000.0
2420,3,Apartment,23.0322805,72.5551823,14500000.0
1440,3,Apartment,23.0232163,72.4708784,7500000.0
2475,3,Apartment,23.0716125,72.6367479,17100000.0
1692,3,Apartment,23.0738754,72.5111892,10000000.0
2400,3,Apartment,23.0111491,72.5132562,15700000.0
1725,3,Apartment,23.0162473,72.4517298,7400000.0
1550,3,Apartment,23.2145657,72.6856816,6500000.0
1750,3,Apartment,23.0232163,72.4708784,8500000.0
1860,3,Apartment,23.0232163,72.4708784,13799999.999999998
1760,3,Apartment,23.0535306,72.4934085,9300000.0
1053,3,Apartment,23.0232163,72.4708784,8800000.0
1945,3,Apartment,23.0232163,72.4708784,9500000.0
1701,3,Apartment,23.0232163,72.4708784,8400000.0
1895,3,Apartment,23.0232163,72.4708784,10000000.0
1701,3,Apartment,23.0162473,72.4517298,8199999.999999999
1769,3,Apartment,23.017704,72.4696021,10600000.0
1330,3,Apartment,23.0232163,72.4708784,8000000.0
1440,3,Apartment,23.0232163,72.4708784,9500000.0
1433,3,Apartment,23.0232163,72.4708784,7500000.0
1450,3,Apartment,23.2145657,72.6856816,7700000.0
986,3,Apartment,23.0232163,72.4708784,7200000.0
1860,3,Apartment,23.0232163,72.4708784,12500000.0
1985,3,Apartment,23.0310611,72.4763874,13000000.0
1500,3,Apartment,22.9993547,72.6137203,7500000.0
2030,3,Apartment,23.0111491,72.5132562,11500000.0
1860,3,Apartment,23.0232163,72.4708784,12300000.0
1755,3,Apartment,23.0232163,72.4708784,8800000.0
1760,3,Apartment,23.0232163,72.4708784,8199999.999999999
1750,3,Apartment,23.0232163,72.4708784,8400000.0
1435,3,Apartment,23.0147236,72.4708066,7000000.0
1700,3,Apartment,23.0232163,72.4708784,7500000.0
1769,3,Apartment,23.0544372,72.4720756,9464000.0
1430,3,Apartment,23.0232163,72.4708784,8000000.0
1850,3,Apartment,23.0232163,72.4708784,7955000.0
1700,3,Apartment,23.0232163,72.4708784,7300000.0
1580,3,Apartment,23.0232163,72.4708784,7200000.0
2763,3,Apartment,23.1201139,72.6251307,9000000.0
1700,3,Apartment,23.0360466,72.5481768,10500000.0
2475,3,Apartment,23.0535306,72.4934085,16100000.000000002
2030,3,Apartment,23.0232163,72.4708784,11500000.0
1905,3,Apartment,23.0232163,72.4708784,12500000.0
1905,3,Apartment,23.0232163,72.4708784,13000000.0
1435,3,Apartment,23.0232163,72.4708784,8500000.0
1795,3,Apartment,23.0366663,72.5492165,8077000.0
1985,3,Apartment,23.0310611,72.4763874,14500000.0
1795,3,Apartment,23.2976084,72.3384089,7800000.0
2080,3,Apartment,22.9945745,72.467571,11000000.0
1769,3,Apartment,23.0544372,72.4720756,9500000.0
1750,3,Apartment,23.0474527,72.5616422,9500000.0
1750,3,Apartment,23.0232163,72.4708784,8500000.0
1790,3,Apartment,23.0232163,72.4708784,8000000.0
1760,3,Apartment,23.0232163,72.4708784,8000000.0
1710,3,Apartment,23.0232163,72.4708784,7700000.0
1750,3,Apartment,23.0366663,72.5492165,7800000.0
1750,3,Apartment,23.0232163,72.4708784,7500000.0
2400,3,Apartment,23.0111491,72.5132562,16000000.0
1950,3,Apartment,23.2413205,72.501346,9750000.0
1330,3,Apartment,23.0154354,72.4680379,7550000.0
2400,3,Apartment,23.1709715,72.5325602,11700000.0
861,3,Apartment,23.0232163,72.4708784,6500000.0
986,3,Apartment,23.0232163,72.4708784,6800000.000000001
804,3,Apartment,23.0232163,72.4708784,6600000.0
1790,3,Apartment,23.0232163,72.4708784,7100000.0
1750,3,Apartment,23.0232163,72.4708784,7000000.0
967,3,Apartment,23.0232163,72.4708784,7200000.0
1435,3,Apartment,23.0272427,72.5006121,8300000.0
839,3,Apartment,23.0232163,72.4708784,8000000.0
904,3,Apartment,23.0232163,72.4708784,7700000.0
1760,3,Apartment,23.0366663,72.5492165,6200000.0
903,3,Apartment,23.0232163,72.4708784,8800000.0
1430,3,Apartment,23.0232163,72.4708784,7500000.0
1330,3,Apartment,23.0154354,72.4680379,6800000.000000001
1470,3,Apartment,23.0232163,72.4708784,8100000.000000001
1905,3,Apartment,23.0232163,72.4708784,11500000.0
1425,3,Apartment,22.9645191,72.4704112,4700000.0
1450,3,Apartment,22.9645191,72.4704112,4800000.0
1795,3,Apartment,23.0399922,72.5778602,7180000.0
1701,3,Apartment,23.0232163,72.4708784,7700000.0
1700,3,Apartment,23.0360466,72.5481768,7650000.0
1376,3,Apartment,23.0232163,72.4708784,8000000.0
1700,3,Apartment,23.0232163,72.4708784,7500000.0
2400,3,Apartment,23.0111491,72.5132562,15700000.0
1440,3,Apartment,23.0069624,72.5440056,9700000.0
2500,3,Apartment,23.0069624,72.5440056,10500000.0
1000,3,Apartment,23.0069624,72.5440056,9000000.0
1665,3,Apartment,23.0069624,72.5440056,7800000.0
1750,3,Apartment,23.0366663,72.5492165,8600000.0
900,3,Apartment,23.0215374,72.5800568,9500000.0
1876,3,Apartment,22.9945745,72.467571,11000000.0
1485,3,Apartment,23.0232163,72.4708784,10000000.0
1435,3,Apartment,23.0366663,72.5492165,8500000.0
1850,3,Apartment,22.7856059,72.2077612,15000000.0
1700,3,Apartment,23.0111491,72.5132562,8400000.0
1700,3,Apartment,23.0232163,72.4708784,8000000.0
1895,3,Apartment,22.8118046,72.7490972,9096000.0
1751,3,Apartment,23.0544372,72.4720756,8669000.0
2420,3,Villa,23.0232163,72.4708784,15100000.0
1905,3,Apartment,23.0012666,72.5877721,11100000.000000002
1728,3,Apartment,23.0232163,72.4708784,15000000.0
1780,3,Apartment,23.0232163,72.4708784,8100000.000000001
986,3,Apartment,23.0232163,72.4708784,8000000.0
1795,3,Apartment,23.0232163,72.4708784,8199999.999999999
1700,3,Apartment,23.0232163,72.4708784,7700000.0
1435,3,Apartment,23.0232163,72.4708784,8900000.0
1630,3,Apartment,23.0738754,72.5111892,8600000.0
1433,3,Apartment,23.0360466,72.5481768,7300000.0
1750,3,Apartment,23.0232163,72.4708784,7350000.0
1435,3,Apartment,23.0232163,72.4708784,8000000.0
1485,3,Apartment,23.0232163,72.4708784,7000000.0
1790,3,Apartment,23.0366663,72.5492165,8400000.0
1615,3,Apartment,23.0272427,72.5006121,10000000.0
1795,3,Apartment,23.0360466,72.5481768,7800000.0
1305,3,Apartment,23.0232163,72.4708784,6100000.0
2400,3,Apartment,23.0111491,72.5132562,15400000.0
1750,3,Apartment,23.0232163,72.4708784,8100000.000000001
856,3,Apartment,23.0232163,72.4708784,8078000.0
2335,3,Apartment,23.2145657,72.6856816,11000000.0
1890,3,Apartment,23.2413205,72.501346,9600000.0
1830,3,Apartment,23.0232163,72.4708784,8235000.0
2400,3,Apartment,23.0366663,72.5492165,16000000.0
1890,3,Apartment,23.0232163,72.4708784,7500000.0
2961,3,Apartment,22.9645191,72.4704112,11000000.0
1555,3,Apartment,23.0232163,72.4708784,9500000.0
1750,3,Apartment,23.2976084,72.3384089,7800000.0
1435,3,Apartment,23.0147236,72.4708066,8800000.0
986,3,Apartment,23.0257511,72.558716,8500000.0
778,3,Apartment,23.0479045,72.5267206,9000000.0
2400,3,Apartment,23.0111491,72.5132562,16299999.999999998
2450,3,Apartment,23.0366663,72.5492165,11500000.0
1830,3,Apartment,23.0366663,72.5492165,9400000.0
1750,3,Apartment,23.0232163,72.4708784,7800000.0
1700,3,Apartment,23.0366663,72.5492165,8000000.0
1750,3,Apartment,23.021803,72.4747707,8700000.0
1760,3,Apartment,23.0232163,72.4708784,7900000.0
1440,3,Apartment,23.0384107,72.5499999,8900000.0
2070,3,Apartment,23.2145657,72.6856816,9660000.0
1602,3,Apartment,23.0172272,72.4715026,8500000.0
1650,3,Apartment,23.2145657,72.6856816,6899999.999999999
1750,3,Apartment,23.0215374,72.5800568,9200000.0
1750,3,Apartment,23.2145657,72.6856816,8850000.0
1449,3,Apartment,23.0232163,72.4708784,7600000.0
1435,3,Apartment,23.0147236,72.4708066,7500000.0
968,3,Apartment,23.0232163,72.4708784,9000000.0
1545,3,Apartment,23.2145657,72.6856816,10000000.0
1440,3,Apartment,23.2145657,72.6856816,8600000.0
1375,3,Apartment,23.0195503,72.4687169,8000000.0
1750,3,Apartment,23.0232163,72.4708784,7500000.0
1430,3,Apartment,23.0232163,72.4708784,8500000.0
1755,3,Apartment,23.2145657,72.6856816,8900000.0
968,3,Apartment,23.0366663,72.5492165,8900000.0
1435,3,Apartment,23.0232163,72.4708784,8500000.0
1750,3,Apartment,23.0470512,72.5498248,8300000.0
2700,3,Apartment,23.0195503,72.4687169,19000000.0
1750,3,Apartment,23.0716125,72.6367479,7500000.0
1425,3,Apartment,23.1183825,72.6213211,7500000.0
1740,3,Apartment,23.0232163,72.4708784,6400000.0
1750,3,Apartment,23.0322805,72.5551823,10000000.0
2770,3,Villa,23.0366663,72.5492165,15000000.0
1460,3,Apartment,23.0366663,72.5492165,8700000.0
1435,3,Apartment,23.0232163,72.4708784,8500000.0
846,3,Apartment,23.2976084,72.3384089,7500000.0
1100,3,Apartment,23.0012666,72.5877721,11000000.0
1725,3,Apartment,23.0162473,72.4517298,7700000.0
1545,3,Apartment,23.017704,72.4696021,9100000.0
1474,3,Apartment,23.0366663,72.5492165,7800000.0
1440,3,Apartment,23.0154354,72.4680379,7600000.0
1750,3,Apartment,23.2145657,72.6856816,9500000.0
2040,3,Apartment,23.0195503,72.4687169,12100000.0
1400,3,Apartment,23.0232163,72.4708784,7200000.0
1692,3,Apartment,23.0232163,72.4708784,10500000.0
1395,3,Apartment,23.0366663,72.5492165,5300000.0
1825,3,Apartment,23.0162473,72.4517298,6600000.0
2200,3,Apartment,23.0232163,72.4708784,14000000.0
1750,3,Apartment,23.0232163,72.4708784,7000000.0
1545,3,Apartment,23.0172779,72.4709076,7800000.0
1615,3,Apartment,23.0111491,72.5132562,8051000.0
915,3,Apartment,23.0162473,72.4517298,7000000.0
1400,3,Apartment,23.1183825,72.6213211,7800000.0
2395,3,Apartment,23.0366663,72.5492165,12700000.0
1496,3,Apartment,23.06384,72.5430733,7500000.0
1425,3,Apartment,23.0172779,72.4709076,8199999.999999999
1750,3,Apartment,22.9677692,72.3056957,11000000.0
1785,3,Apartment,23.2976084,72.3384089,9200000.0
1425,3,Apartment,23.2109753,72.6430352,7400000.0
1375,3,Apartment,23.0232163,72.4708784,7200000.0
1570,3,Apartment,23.0510656,72.6436615,15000000.0
1550,3,Apartment,23.1659139,72.6504746,5890000.0
1890,3,Apartment,23.2413205,72.501346,13500000.0
1725,3,Apartment,23.0162473,72.4517298,6899999.999999999
856,3,Apartment,23.0232163,72.4708784,8800000.0
949,3,Apartment,23.0162473,72.4517298,8500000.0
1750,3,Apartment,23.0232163,72.4708784,7400000.0
2115,3,Apartment,23.0166113,72.4730311,13200000.0
2350,3,Apartment,23.0195503,72.4687169,16000000.0
1330,3,Apartment,23.0232163,72.4708784,6300000.0
2485,3,Apartment,23.0232163,72.4708784,13000000.0
1485,3,Apartment,23.0097167,72.5076274,6700000.0
1440,3,Apartment,23.0901711,72.6504536,10100000.0
2000,3,Apartment,23.0232163,72.4708784,14000000.0
1638,3,Apartment,23.0398447,72.6298154,6000000.0
1545,3,Apartment,23.017704,72.4696021,9500000.0
945,3,Apartment,23.06384,72.5430733,7000000.0
2030,3,Apartment,23.2145657,72.6856816,11500000.0
2030,3,Apartment,23.2413205,72.501346,11500000.0
1692,3,Apartment,23.0232163,72.4708784,10200000.0
1500,3,Apartment,23.0232163,72.4708784,7800000.0
3000,3,Apartment,22.9993547,72.6137203,8100000.000000001
1750,3,Apartment,23.2145657,72.6856816,8750000.0
1000,3,Villa,23.0232163,72.4708784,18500000.0
1435,3,Apartment,23.0147236,72.4708066,8000000.0
1535,3,Villa,22.9949449,72.5885536,9200000.0
1616,3,Apartment,23.2358085,72.4908671,9000000.0
1615,3,Apartment,23.2145657,72.6856816,12000000.0
1566,3,Apartment,23.0232163,72.4708784,6200000.0
1795,3,Apartment,23.0399922,72.5778602,6821000.0
1750,3,Apartment,23.0232163,72.4708784,8400000.0
3200,3,Apartment,23.0344871,72.4610239,20000000.0
1490,3,Apartment,23.017704,72.4696021,7700000.0
1440,3,Apartment,23.0154354,72.4680379,8000000.0
1500,3,Apartment,23.0560952,72.6156604,5990000.0
1750,3,Apartment,23.0426661,72.5492595,7700000.0
1709,3,Apartment,22.9935397,72.470143,8500000.0
1503,3,Apartment,23.2990325,72.4371042,7500000.0
2025,3,Apartment,23.0193275,72.4697102,9900000.0
1450,3,Apartment,23.0215374,72.5800568,7500000.0
1470,3,Apartment,23.0172779,72.4709076,12000000.0
1575,3,Apartment,23.0130528,72.5246496,17500000.0
1375,3,Apartment,23.0232163,72.4708784,7500000.0
1700,3,Apartment,22.9884742,72.3357236,7500000.0
1761,3,Apartment,23.0232163,72.4708784,8511000.0
2100,3,Apartment,23.0716125,72.6367479,7500000.0
1480,3,Apartment,23.0172779,72.4709076,7500000.0
2050,3,Apartment,23.2413205,72.501346,15500000.0
1750,3,Apartment,23.0366663,72.5492165,7200000.0
1545,3,Apartment,23.017704,72.4696021,9000000.0
1185,3,Apartment,23.0111491,72.5132562,9200000.0
1440,3,Apartment,23.0154354,72.4680379,7500000.0
1450,3,Apartment,23.1183825,72.6213211,9000000.0
2260,3,Apartment,23.0111491,72.5132562,26500000.0
2350,3,Apartment,23.0195503,72.4687169,15500000.0
2246,3,Apartment,23.017704,72.4696021,8750000.0
1490,3,Apartment,23.0172779,72.4709076,9000000.0
1485,3,Apartment,23.2145657,72.6856816,10000000.0
1465,3,Apartment,23.0232163,72.4708784,9500000.0
1440,3,Apartment,23.0604301,72.6537943,8700000.0
1800,3,Villa,23.0111491,72.5132562,11000000.0
1880,3,Apartment,22.9935397,72.470143,10100000.0
1539,3,Apartment,23.0147236,72.4708066,8000000.0
1590,3,Apartment,22.9935397,72.470143,6899999.999999999
2040,3,Apartment,23.0232163,72.4708784,12000000.0
1600,3,Apartment,23.0323222,72.4691519,4000000.0
1376,3,Apartment,22.985213,72.6304632,6800000.000000001
1850,3,Apartment,23.0384107,72.5499999,6899999.999999999
1170,3,Apartment,23.0738754,72.5111892,9500000.0
800,3,Apartment,23.0366663,72.5492165,8500000.0
2400,3,Apartment,23.0366663,72.5492165,20000000.0
1761,3,Apartment,23.0232163,72.4708784,8499000.0
1485,3,Apartment,23.0541596,72.5720304,8199999.999999999
1850,3,Apartment,23.0215374,72.5800568,15500000.0
1795,3,Apartment,23.0399922,72.5778602,7550000.0
1755,3,Apartment,23.2348402,72.6303291,6500000.0
1600,3,Apartment,22.9935397,72.470143,7000000.0
1550,3,Apartment,23.1659139,72.6504746,6451000.0
1945,3,Apartment,23.0162473,72.4517298,9750000.0
1330,3,Apartment,23.0154354,72.4680379,7000000.0
891,3,Apartment,23.0232163,72.4708784,7500000.0
1500,3,Apartment,23.021803,72.4747707,7650000.0
2889,3,Villa,23.0232163,72.4708784,18100000.0
1440,3,Apartment,23.0366663,72.5492165,8500000.0
1485,3,Apartment,23.2145657,72.6856816,6800000.000000001
1950,3,Apartment,23.0232163,72.4708784,9700000.0
1935,3,Apartment,23.0232163,72.4708784,9500000.0
1872,3,Apartment,23.0232163,72.4708784,14000000.0
1435,3,Apartment,23.0147236,72.4708066,6600000.0
1920,3,Apartment,23.0232163,72.4708784,8256000.0
1485,3,Apartment,23.0232163,72.4708784,9500000.0
1485,3,Apartment,23.0232163,72.4708784,7500000.0
1710,3,Apartment,23.0649034,72.5268918,20000000.0
1485,3,Apartment,23.098471,72.4573459,5100000.0
1845,3,Apartment,23.0232163,72.4708784,6500000.0
1053,3,Apartment,23.0232163,72.4708784,15000000.0
1080,3,Villa,23.0232163,72.4708784,15000000.0
1440,3,Apartment,23.0232163,72.4708784,6500000.0
1235,3,Apartment,23.0232163,72.4708784,6250000.0
864,3,Apartment,23.2145657,72.6856816,7500000.0
1800,3,Apartment,23.0232163,72.4708784,8000000.0
1795,3,Apartment,23.0232163,72.4708784,8100000.000000001
1465,3,Apartment,23.0232163,72.4708784,7800000.0
1440,3,Apartment,23.0232163,72.4708784,7500000.0
1400,3,Apartment,23.0366663,72.5492165,8000000.0
1760,3,Apartment,23.0232163,72.4708784,9550000.0
2140,3,Apartment,23.0366663,72.5492165,7800000.0
1500,3,Apartment,23.0232163,72.4708784,8500000.0
2545,3,Apartment,23.0232163,72.4708784,15000000.0
2545,3,Apartment,23.0232163,72.4708784,12700000.0
1550,3,Apartment,23.2145657,72.6856816,7000000.0
1700,3,Apartment,23.0232163,72.4708784,7900000.0
1700,3,Apartment,23.0366663,72.5492165,8800000.0
1430,3,Apartment,23.0232163,72.4708784,11000000.0
1206,3,Apartment,23.0232163,72.4708784,15000000.0
1632,3,Apartment,23.0232163,72.4708784,9800000.0
1700,3,Apartment,23.2145657,72.6856816,8000000.0
1700,3,Apartment,23.0232163,72.4708784,8199999.999999999
1876,3,Apartment,22.9935397,72.470143,10000000.0
1455,3,Apartment,23.0232163,72.4708784,7500000.0
1701,3,Apartment,22.7192412,72.8423906,9000000.0
1750,3,Apartment,22.9677692,72.3056957,10400000.0
1700,3,Apartment,23.0232163,72.4708784,7600000.0
3845,3,Apartment,23.0366663,72.5492165,19200000.0
1700,3,Apartment,23.0232163,72.4708784,7800000.0
1450,3,Apartment,23.0232163,72.4708784,7500000.0
1548,3,Apartment,23.2145657,72.6856816,6200000.0
1750,3,Apartment,23.2145657,72.6856816,9500000.0
1760,3,Apartment,23.0232163,72.4708784,7500000.0
1700,3,Apartment,23.0232163,72.4708784,8500000.0
1600,3,Apartment,23.021803,72.4747707,9900000.0
1700,3,Apartment,23.0232163,72.4708784,7200000.0
1400,3,Apartment,23.0535306,72.4934085,8700000.0
1725,3,Apartment,23.0162473,72.4517298,6899999.999999999
1485,3,Apartment,22.9975921,72.6046587,5100000.0
1663,3,Apartment,22.996342,72.5043085,9000000.0
3000,3,Apartment,23.0485393,72.511742,16500000.0
1840,3,Apartment,23.0000258,72.5051405,11500000.0
2548,3,Apartment,23.0485393,72.511742,24100000.0
2000,3,Apartment,23.0544372,72.4720756,18000000.0
1729,3,Apartment,23.0257511,72.558716,10000000.0
1775,3,Apartment,23.129015,72.5519401,11000000.0
2100,3,Apartment,23.0215374,72.5800568,14500000.0
1404,3,Apartment,23.0448619,72.521148,7000000.0
2475,3,Apartment,23.1450085,72.5333041,24500000.0
2727,3,Apartment,23.0835653,72.4994023,18200000.0
2165,3,Apartment,23.1153559,72.5366513,9500000.0
2847,3,Apartment,23.0445921,72.517344,24000000.0
1200,3,Apartment,23.0000258,72.5051405,12100000.0
2000,3,Apartment,23.0000258,72.5051405,19000000.0
2165,3,Apartment,23.1153559,72.5366513,9485000.0
2406,3,Apartment,23.0322805,72.5551823,22500000.0
1999,3,Apartment,23.0000258,72.5051405,18500000.0
1729,3,Apartment,23.1109557,72.5539974,9200000.0
1845,3,Apartment,22.9504545,72.6221998,12700000.0
2079,3,Apartment,23.2145657,72.6856816,10900000.0
1188,3,Apartment,23.0716125,72.6367479,14500000.0
1500,3,Apartment,23.1153559,72.5366513,9500000.0
1971,3,Apartment,23.0000258,72.5051405,15500000.0
1800,3,Apartment,23.1281388,72.5476575,12100000.0
1115,3,Apartment,23.1109557,72.5539974,9500000.0
1905,3,Apartment,22.996342,72.5043085,13500000.0
2610,3,Apartment,23.0215374,72.5800568,18300000.0
1683,3,Apartment,23.2145657,72.6856816,8000000.0
1837,3,Apartment,23.0000258,72.5051405,11500000.0
1680,3,Apartment,23.0000258,72.5051405,14400000.0
1750,3,Apartment,23.0000258,72.5051405,16000000.0
1890,3,Apartment,23.0111491,72.5132562,16000000.0
2530,3,Apartment,23.2145657,72.6856816,15400000.0
2594,3,Apartment,23.2145657,72.6856816,18500000.0
1930,3,Apartment,23.0000258,72.5051405,13000000.0
1850,3,Apartment,23.0264444,72.5120935,16000000.0
2412,3,Apartment,23.069237,72.5111307,16100000.000000002
1665,3,Apartment,22.9946911,72.6151513,16500000.0
1400,3,Apartment,23.0835653,72.4994023,17100000.0
1962,3,Apartment,23.1132827,72.6583896,15500000.0
1809,3,Apartment,23.0739357,72.5113517,17000000.0
1710,3,Apartment,22.9898636,72.6360533,12500000.0
1890,3,Apartment,23.1281388,72.5476575,12500000.0
1832,3,Apartment,23.2145657,72.6856816,12800000.0
1908,3,Apartment,23.0363265,72.5650744,20500000.0
2610,3,Apartment,23.1020055,72.5948103,16200000.000000002
2727,3,Apartment,23.0835653,72.4994023,18200000.0
1620,3,Apartment,23.0366663,72.5492165,11000000.0
2178,3,Apartment,23.2145657,72.6856816,22000000.0
1980,3,Apartment,23.1632457,72.6500247,16500000.0
1115,3,Apartment,23.2145657,72.6856816,10200000.0
2097,3,Apartment,23.0215374,72.5800568,17500000.0
2727,3,Apartment,23.0835653,72.4994023,18000000.0
2100,3,Apartment,23.119713,72.6051136,13500000.0
2000,3,Apartment,23.2424869,72.4956214,12000000.0
1800,3,Apartment,23.2145657,72.6856816,15000000.0
2376,3,Apartment,23.0851841,72.5224248,14500000.0
2646,3,Apartment,23.057541,72.5435085,17600000.0
1730,3,Apartment,22.996342,72.5043085,8500000.0
1530,3,Apartment,23.1279171,72.5487314,8250000.0
2594,3,Apartment,23.0796581,72.4947377,15000000.0
2520,3,Apartment,23.0181819,72.4681909,7150000.0
1800,3,Apartment,23.1281388,72.5476575,9500000.0
1926,3,Apartment,23.119713,72.6051136,13400000.0
1908,3,Apartment,23.0363265,72.5650744,13500000.0
2000,3,Apartment,23.2420572,72.4880711,10000000.0
1818,3,Apartment,22.9969634,72.633455,15000000.0
5000,3,Apartment,23.1201139,72.6251307,14000000.0
1200,3,Apartment,23.1204422,72.5815442,12000000.0
1350,3,Apartment,23.040802,72.5256771,7100000.0
2000,3,Apartment,23.0700266,72.5173965,10000000.0
2165,3,Apartment,23.1201139,72.6251307,10500000.0
2050,3,Apartment,23.0264444,72.5120935,16000000.0
1800,3,Apartment,23.1632457,72.6500247,12500000.0
1320,3,Apartment,23.04711,72.527537,12000000.0
1729,3,Apartment,23.1109557,72.5539974,12000000.0
1485,3,Apartment,23.0774129,72.4943545,8600000.0
2376,3,Apartment,23.3226944,72.423167,17000000.0
1780,3,Apartment,22.9975921,72.6046587,7200000.0
1890,3,Apartment,23.2145657,72.6856816,19000000.0
1530,3,Apartment,23.1279171,72.5487314,8700000.0
1791,3,Apartment,23.1204422,72.5815442,14000000.0
1755,3,Apartment,22.9969634,72.633455,10500000.0
1800,3,Apartment,23.0774129,72.4943545,13000000.0
1750,3,Apartment,22.9982993,72.5043337,12500000.0
1485,3,Apartment,23.0839289,72.6785883,8199999.999999999
2052,3,Apartment,23.0774129,72.4943545,14000000.0
1845,3,Apartment,23.1153559,72.5366513,11000000.0
2475,3,Apartment,23.1281388,72.5476575,20000000.0
1260,3,Apartment,23.0215374,72.5800568,5151000.0
2079,3,Apartment,23.1213946,72.5404102,10500000.0
1440,3,Apartment,22.996342,72.5043085,10000000.0
1450,3,Apartment,23.2145657,72.6856816,9500000.0
1974,3,Apartment,23.2417722,72.503107,11299999.999999998
1710,3,Apartment,23.086171,72.534872,11100000.000000002
1526,3,Apartment,23.0485393,72.511742,9500000.0
2646,3,Apartment,23.1281388,72.5476575,22000000.0
1845,3,Apartment,23.086171,72.534872,9500000.0
1575,3,Apartment,23.086171,72.534872,10500000.0
1800,3,Apartment,23.081994,72.5519258,6300000.0
2376,3,Apartment,23.1360943,72.5425805,13500000.0
1764,3,Apartment,23.1010002,72.5408363,9000000.0
1382,3,Apartment,23.081994,72.5519258,15000000.0
846,3,Apartment,23.1110532,72.5619714,7128000.0
2020,3,Apartment,23.1010002,72.5408363,13799999.999999998
1917,3,Apartment,23.0713445,72.6773842,12000000.0
2250,3,Apartment,23.2145657,72.6856816,11100000.000000002
1629,3,Apartment,23.2145657,72.6856816,7350000.0
1755,3,Apartment,23.1010002,72.5408363,8800000.0
2079,3,Apartment,23.1010002,72.5408363,13000000.0
1512,3,Apartment,23.1010002,72.5408363,9600000.0
1746,3,Apartment,23.0015561,72.5132033,9650000.0
2360,3,Apartment,23.0328924,72.5604427,14900000.0
2385,3,Apartment,23.0403655,72.5484846,13200000.0
1360,3,Apartment,23.0360466,72.5481768,6850000.000000001
1656,3,Apartment,22.9955398,72.6107331,9500000.0
1775,3,Apartment,23.129015,72.5519401,11600000.0
1566,3,Apartment,23.0839289,72.6785883,8000000.0
900,3,Apartment,23.003642,72.5578737,7500000.0
1800,3,Apartment,23.1010002,72.5408363,9191000.0
1593,3,Apartment,23.1134254,72.5414761,9900000.0
12960,3,Apartment,23.0544298,72.5958726,6300000.0
1018,3,Apartment,23.1283467,72.558657,9000000.0
1063,3,Apartment,23.062275,72.571217,5000000.0
2097,3,Apartment,23.1010002,72.5408363,11500000.0
3150,3,Apartment,23.1010002,72.5408363,15400000.0
3240,3,Apartment,23.081994,72.5519258,15500000.0
1980,3,Apartment,23.1010002,72.5408363,8500000.0
1620,3,Apartment,23.0398447,72.6298154,7700000.0
1409,3,Apartment,23.1010002,72.5408363,11000000.0
1850,3,Apartment,23.1360943,72.5425805,9500000.0
6156,3,Apartment,23.1360943,72.5425805,11500000.0
1172,3,Apartment,23.129015,72.5519401,13000000.0
1600,3,Apartment,23.1360943,72.5425805,8500000.0
2520,3,Apartment,23.2145657,72.6856816,12800000.0
1440,3,Apartment,23.1283467,72.558657,7500000.0
1989,3,Apartment,23.1010002,72.5408363,12000000.0
1440,3,Apartment,23.1360943,72.5425805,5800000.0
1845,3,Apartment,23.0260558,72.5031438,7500000.0
1683,3,Apartment,23.031029,72.5623938,7300000.0
1888,3,Apartment,23.2125309,72.684767,7050000.0
1710,3,Apartment,23.1646919,72.5821046,8500000.0
1980,3,Apartment,23.2145657,72.6856816,10500000.0
990,3,Apartment,23.2145657,72.6856816,8290000.0
1710,3,Apartment,23.1010002,72.5408363,9500000.0
2205,3,Apartment,23.1360943,72.5425805,9615000.0
1850,3,Apartment,23.1360943,72.5425805,9187000.0
1845,3,Apartment,22.9677692,72.3056957,73500000.0
1485,3,Apartment,23.2125309,72.684767,7150000.0
2205,3,Apartment,23.0257511,72.558716,11600000.0
1665,3,Apartment,23.1010002,72.5408363,11000000.0
1485,3,Apartment,23.1360943,72.5425805,7600000.0
2448,3,Apartment,23.2145657,72.6856816,12000000.0
2493,3,Apartment,23.0360466,72.5481768,12200000.0
810,3,Apartment,23.038676,72.5596366,7000000.0
1710,3,Apartment,23.0940395,72.5449519,8500000.0
1800,3,Apartment,23.1010002,72.5408363,8900000.0
1467,3,Apartment,23.1010002,72.5408363,14000000.0
1200,3,Apartment,23.0901491,72.6505239,8300000.0
786,3,Apartment,23.1360943,72.5425805,7500000.0
1485,3,Apartment,23.0262109,72.4823051,7400000.0
1079,3,Apartment,23.1010002,72.5408363,12500000.0
2490,3,Apartment,23.1153559,72.5366513,14500000.0
1251,3,Apartment,23.1010002,72.5408363,15000000.0
2118,3,Apartment,23.0329263,72.4259729,14000000.0
1791,3,Apartment,23.0361821,72.6297938,10300000.0
2160,3,Apartment,23.1010002,72.5408363,13100000.0
2025,3,Apartment,23.1010002,72.5408363,11000000.0
719,3,Apartment,23.1010002,72.5408363,8500000.0
1683,3,Apartment,23.1646919,72.5821046,7600000.0
1845,3,Apartment,23.1360943,72.5425805,8700000.0
1917,3,Apartment,23.0393458,72.2748933,9700000.0
1998,3,Apartment,23.1010002,72.5408363,9999000.0
1890,3,Apartment,23.1010002,72.5408363,12500000.0
2160,3,Apartment,23.1646919,72.5821046,9000000.0
1737,3,Apartment,23.1010002,72.5408363,10900000.0
2385,3,Apartment,23.1010002,72.5408363,11000000.0
1890,3,Apartment,23.1010002,72.5408363,11299999.999999998
1800,3,Apartment,23.1010002,72.5408363,12400000.0
1890,3,Apartment,23.1646919,72.5821046,8000000.0
1890,3,Apartment,23.1010002,72.5408363,15000000.0
1890,3,Apartment,23.0604301,72.6537943,7000000.0
2160,3,Apartment,23.0275723,72.4957266,15400000.0
2520,3,Apartment,23.0366663,72.5492165,14500000.0
1231,3,Apartment,23.2145657,72.6856816,13400000.0
2646,3,Apartment,23.1010002,72.5408363,17000000.0
2052,3,Apartment,23.1008171,72.4946672,10500000.0
1800,3,Apartment,23.1010002,72.5408363,10500000.0
5130,3,Villa,23.2145657,72.6856816,19600000.0
2025,3,Apartment,23.1010002,72.5408363,10000000.0
1971,3,Apartment,23.0257511,72.558716,10100000.0
2115,3,Apartment,23.1646919,72.5821046,7500000.0
1935,3,Apartment,23.0457522,72.5524611,10800000.0
2118,3,Apartment,23.1010002,72.5408363,12100000.0
2360,3,Apartment,23.1010002,72.5408363,12900000.0
2050,3,Apartment,23.1010002,72.5408363,11100000.000000002
1095,3,Apartment,23.1010002,72.5408363,12500000.0
2205,3,Apartment,23.1010002,72.5408363,13000000.0
2700,3,Apartment,23.1010002,72.5408363,26000000.0
1800,3,Apartment,23.2145657,72.6856816,13000000.0
2645,3,Apartment,23.1010002,72.5408363,15700000.0
1850,3,Apartment,23.1360943,72.5425805,11500000.0
2470,3,Apartment,23.2145657,72.6856816,9200000.0
1554,3,Apartment,23.1391831,72.5396718,9500000.0
2223,3,Apartment,23.219731,72.6572672,11399999.999999998
2052,3,Apartment,23.0393458,72.2748933,10500000.0
1600,3,Apartment,23.1109557,72.5539974,8800000.0
2385,3,Apartment,23.1283467,72.558657,11900000.0
1379,3,Apartment,23.1360943,72.5425805,16000000.0
1764,3,Apartment,23.1081937,72.5328119,9500000.0
2160,3,Apartment,23.1010002,72.5408363,17000000.0
2520,3,Apartment,23.2145657,72.6856816,12600000.0
2645,3,Apartment,23.1010002,72.5408363,14500000.0
2300,3,Apartment,23.1153559,72.5366513,14500000.0
2493,3,Apartment,23.2145657,72.6856816,12200000.0
1665,3,Apartment,23.1634079,72.6888935,12500000.0
1800,3,Apartment,23.1010002,72.5408363,12500000.0
2050,3,Apartment,23.0328924,72.5604427,10600000.0
2052,3,Apartment,23.1010002,72.5408363,12000000.0
1809,3,Apartment,23.1010002,72.5408363,13200000.0
1800,3,Apartment,22.9933283,72.5138215,9500000.0
2050,3,Apartment,23.1010002,72.5408363,13200000.0
1089,3,Apartment,23.1010002,72.5408363,14000000.0
2141,3,Apartment,23.1010002,72.5408363,11500000.0
2070,3,Apartment,23.1010002,72.5408363,14000000.0
1755,3,Apartment,23.1010002,72.5408363,11000000.0
2520,3,Apartment,23.1010002,72.5408363,18700000.0
2158,3,Apartment,23.1010002,72.5408363,13100000.0
2025,3,Apartment,23.1010002,72.5408363,10500000.0
1131,3,Apartment,23.1010002,72.5408363,28000000.0
2655,3,Apartment,23.0215374,72.5800568,13300000.0
2565,3,Apartment,23.0366663,72.5492165,12800000.0
810,3,Apartment,23.1010002,72.5408363,9675000.0
1850,3,Apartment,23.1360943,72.5425805,9500000.0
1157,3,Apartment,23.1360943,72.5425805,10000000.0
1665,3,Apartment,23.1010002,72.5408363,9200000.0
900,3,Apartment,23.1283467,72.558657,6500000.0
2450,3,Apartment,23.1010002,72.5408363,13600000.000000002
2250,3,Apartment,23.1010002,72.5408363,14000000.0
2137,3,Apartment,23.0305611,72.5584223,7200000.0
1200,3,Apartment,23.006527,72.583296,7200000.0
1980,3,Apartment,23.1134254,72.5414761,6711000.0
1755,3,Apartment,23.2145657,72.6856816,7200000.0
1434,3,Apartment,23.0360466,72.5481768,9500000.0
1446,3,Apartment,23.1010002,72.5408363,14000000.0
1728,3,Apartment,23.1010002,72.5408363,9500000.0
2360,3,Apartment,23.1010002,72.5408363,12800000.0
1809,3,Apartment,23.1010002,72.5408363,12000000.0
1863,3,Apartment,23.1010002,72.5408363,12500000.0
1260,3,Apartment,23.1010002,72.5408363,8500000.0
1863,3,Apartment,22.9955398,72.6107331,10500000.0
1710,3,Apartment,23.1010002,72.5408363,11600000.0
1737,3,Apartment,23.1010002,72.5408363,9000000.0
1929,3,Apartment,23.081994,72.5519258,12500000.0
1764,3,Apartment,23.1081937,72.5328119,8600000.0
2313,3,Apartment,23.1010002,72.5408363,15000000.0
2645,3,Apartment,23.0305611,72.5584223,15400000.0
1863,3,Apartment,23.1081937,72.5328119,8280000.0
2164,3,Apartment,23.0329263,72.4259729,11800000.0
1980,3,Apartment,23.1134254,72.5414761,7300000.0
1200,3,Apartment,23.1136923,72.5404916,7000000.0
1800,3,Apartment,23.1153559,72.5366513,11000000.0
900,3,Apartment,23.1010002,72.5408363,11299999.999999998
1710,3,Apartment,23.0901491,72.6505239,7300000.0
1780,3,Apartment,23.0680121,72.5761383,6700000.0
1530,3,Apartment,23.1279171,72.5487314,8000000.0
1287,3,Apartment,23.0111491,72.5132562,11000000.0
1089,3,Apartment,23.0111491,72.5132562,16000000.0
2360,3,Apartment,23.0328924,72.5604427,13000000.0
1665,3,Apartment,23.1634079,72.6888935,9000000.0
968,3,Apartment,23.171431,72.6355986,10000000.0
1100,3,Apartment,23.1010002,72.5408363,4099999.9999999995
700,3,Apartment,23.1010002,72.5408363,4500000.0
2158,3,Apartment,23.1266761,72.5400816,16500000.0
1800,3,Apartment,23.0470533,72.6492609,11000000.0
3091,3,Apartment,23.1360943,72.5425805,11000000.0
850,3,Apartment,23.1360943,72.5425805,9000000.0
803,3,Apartment,23.1360943,72.5425805,6754000.0
2021,3,Apartment,23.1010002,72.5408363,12500000.0
800,3,Apartment,23.1360943,72.5425805,7500000.0
869,3,Apartment,23.1360943,72.5425805,6700000.0
2700,3,Apartment,23.1010002,72.5408363,25000000.0
1354,3,Apartment,23.0315303,72.534672,9000000.0
1800,3,Apartment,23.1153559,72.5366513,12500000.0
1448,3,Apartment,23.1010002,72.5408363,4500000.0
1125,3,Apartment,23.1010002,72.5408363,6500000.0
1800,3,Apartment,23.1852929,72.573897,9000000.0
1665,3,Apartment,23.0111491,72.5132562,7200000.0
921,3,Apartment,22.9933283,72.5138215,9000000.0
1440,3,Apartment,23.0575403,72.5900886,7500000.0
2486,3,Apartment,23.1010002,72.5408363,16000000.0
2050,3,Apartment,23.0328924,72.5604427,7300000.0
2180,3,Apartment,22.9677692,72.3056957,7100000.0
1953,3,Apartment,23.1213946,72.5404102,7000000.0
950,3,Apartment,23.1109557,72.5539974,7500000.0
1800,3,Apartment,23.0979368,72.5328323,7700000.0
1614,3,Apartment,23.1010002,72.5408363,8000000.0
2025,3,Apartment,23.1646919,72.5821046,12000000.0
585,3,Apartment,23.1010002,72.5408363,5500000.0
2025,3,Apartment,23.2145657,72.6856816,9800000.0
990,3,Apartment,23.1010002,72.5408363,5100000.0
1108,3,Apartment,23.1010002,72.5408363,3800000.0
1439,3,Apartment,23.1010002,72.5408363,3700000.0
1890,3,Apartment,23.0058027,72.4574061,12000000.0
1668,3,Apartment,23.1010002,72.5408363,7500000.0
1610,3,Apartment,22.9993349,72.6245126,8400000.0
1350,3,Apartment,23.1010002,72.5408363,4000000.0
1730,3,Apartment,23.1010002,72.5408363,8199999.999999999
1918,3,Apartment,23.1010002,72.5408363,15000000.0
1593,3,Apartment,23.1010002,72.5408363,11500000.0
1548,3,Apartment,23.2145657,72.6856816,7000000.0
1100,3,Apartment,23.062275,72.571217,4200000.0
1665,3,Apartment,23.031029,72.5623938,11000000.0
1809,3,Apartment,23.3226944,72.423167,14000000.0
900,3,Apartment,23.1010002,72.5408363,4700000.0
1620,3,Apartment,23.1001216,72.5174077,12500000.0
1800,3,Apartment,22.9955398,72.6107331,11900000.0
2360,3,Apartment,23.1010002,72.5408363,14000000.0
1710,3,Apartment,23.1010002,72.5408363,8100000.000000001
1899,3,Apartment,23.1847361,72.6229033,9800000.0
1332,3,Apartment,23.1153559,72.5366513,6300000.0
2360,3,Apartment,23.0328924,72.5604427,15500000.0
1372,3,Apartment,23.1109557,72.5539974,5800000.0
3104,3,Villa,23.0328924,72.5604427,21900000.0
1737,3,Apartment,23.062275,72.571217,11000000.0
2052,3,Apartment,23.1008171,72.4946672,12000000.0
2268,3,Apartment,23.2478221,72.4852775,14000000.0
1575,3,Apartment,23.0111491,72.5132562,9000000.0
1800,3,Apartment,22.9955398,72.6107331,11600000.0
700,3,Apartment,23.1010002,72.5408363,3775000.0
1080,3,Apartment,23.062275,72.571217,4900000.0
1512,3,Apartment,22.9824283,72.4590034,7000000.0
2385,3,Apartment,23.0139583,72.5287561,13799999.999999998
700,3,Apartment,23.062275,72.571217,3900000.0
2079,3,Apartment,23.0113878,72.5687751,15000000.0
1467,3,Apartment,23.0790305,72.5895455,8000000.0
1890,3,Apartment,23.252596,72.4840781,12000000.0
1000,3,Apartment,23.0045744,72.5497272,4099999.9999999995
1926,3,Apartment,23.1283467,72.558657,8600000.0
1115,3,Apartment,23.0604301,72.6537943,9500000.0
2050,3,Apartment,23.0328924,72.5604427,13000000.0
1467,3,Apartment,23.1283467,72.558657,7200000.0
900,3,Apartment,23.1010002,72.5408363,5500000.0
1440,3,Apartment,23.1010002,72.5408363,8500000.0
1737,3,Apartment,23.1010002,72.5408363,12500000.0
1845,3,Apartment,23.1010002,72.5408363,8851000.0
1503,3,Apartment,23.1360943,72.5425805,7200000.0
1440,3,Apartment,23.1360943,72.5425805,7500000.0
1683,3,Apartment,23.031029,72.5623938,7200000.0
1620,3,Apartment,23.1279171,72.5487314,8100000.000000001
1800,3,Apartment,23.1010002,72.5408363,18500000.0
2050,3,Apartment,23.1010002,72.5408363,11000000.0
2358,3,Apartment,23.1010002,72.5408363,11000000.0
700,3,Apartment,23.1010002,72.5408363,6000000.0
1100,3,Apartment,23.2145657,72.6856816,4500000.0
1800,3,Apartment,23.1010002,72.5408363,11500000.0
1980,3,Apartment,23.1134254,72.5414761,8000000.0
585,3,Apartment,23.1010002,72.5408363,4200000.0
1250,3,Apartment,23.1010002,72.5408363,5100000.0
1440,3,Apartment,23.1360943,72.5425805,7500000.0
1100,3,Apartment,23.1010002,72.5408363,4500000.0
1400,3,Apartment,23.1360943,72.5425805,10900000.0
1360,3,Apartment,23.1360943,72.5425805,7000000.0
900,3,Apartment,23.1010002,72.5408363,3800000.0
1485,3,Apartment,23.1010002,72.5408363,7500000.0
1440,3,Apartment,23.1360943,72.5425805,7300000.0
810,3,Apartment,23.1010002,72.5408363,6969999.999999999
1665,3,Apartment,23.1010002,72.5408363,9500000.0
1863,3,Apartment,23.1010002,72.5408363,10000000.0
1540,3,Apartment,23.1360943,72.5425805,7800000.0
1611,3,Apartment,23.1360943,72.5425805,9200000.0
1800,3,Apartment,23.1010002,72.5408363,4000000.0
1700,3,Apartment,23.1360943,72.5425805,8500000.0
1791,3,Apartment,23.1010002,72.5408363,9000000.0
1260,3,Apartment,23.1010002,72.5408363,16000000.0
1845,3,Apartment,23.1360943,72.5425805,7175000.0
750,3,Apartment,23.1010002,72.5408363,5000000.0
1500,3,Apartment,23.1010002,72.5408363,6500000.0
2158,3,Apartment,23.0329263,72.4259729,17500000.0
1845,3,Apartment,23.0260558,72.5031438,7690000.0
2250,3,Apartment,23.1360943,72.5425805,9250000.0
1427,3,Apartment,23.1360943,72.5425805,10000000.0
770,3,Apartment,23.1010002,72.5408363,4800000.0
2394,3,Apartment,23.1360943,72.5425805,10500000.0
1566,3,Apartment,23.1360943,72.5425805,7200000.0
1512,3,Apartment,23.1360943,72.5425805,10000000.0
585,3,Apartment,23.1010002,72.5408363,5000000.0
1845,3,Apartment,23.1360943,72.5425805,9000000.0
2050,3,Apartment,23.1010002,72.5408363,12500000.0
2007,3,Apartment,23.1010002,72.5408363,13799999.999999998
1800,3,Apartment,23.1010002,72.5408363,9000000.0
1960,3,Apartment,23.1010002,72.5408363,8000000.0
1710,3,Apartment,23.2522871,72.4840233,11500000.0
2304,3,Apartment,23.1010002,72.5408363,16000000.0
1440,3,Apartment,23.1283467,72.558657,7000000.0
1746,3,Apartment,23.1010002,72.5408363,9500000.0
1737,3,Apartment,23.1360943,72.5425805,8500000.0
1800,3,Apartment,22.9979199,72.5595221,9300000.0
1395,3,Apartment,23.1010002,72.5408363,10000000.0
1920,3,Apartment,23.1010002,72.5408363,13500000.0
1700,3,Apartment,23.1360943,72.5425805,8000000.0
1845,3,Apartment,23.1360943,72.5425805,7380000.0
1557,3,Apartment,23.1360943,72.5425805,8000000.0
754,3,Apartment,23.1010002,72.5408363,4700000.0
1710,3,Apartment,23.1010002,72.5408363,6840000.000000001
1800,3,Apartment,23.1010002,72.5408363,8800000.0
1800,3,Apartment,23.1010002,72.5408363,12500000.0
1440,3,Apartment,23.1360943,72.5425805,7400000.0
1350,3,Apartment,23.1283467,72.558657,7200000.0
2304,3,Apartment,23.1010002,72.5408363,9000000.0
1485,3,Apartment,23.1360943,72.5425805,8000000.0
1755,3,Apartment,23.1360943,72.5425805,7020999.999999999
1890,3,Apartment,23.1360943,72.5425805,9000000.0
1900,3,Apartment,23.1429051,72.5392248,11000000.0
1890,3,Apartment,23.252596,72.4840781,8700000.0
1575,3,Apartment,23.0940395,72.5449519,7200000.0
1278,3,Apartment,23.0284731,72.5590087,11500000.0
1710,3,Apartment,23.0169268,72.5204317,13000000.0
3000,3,Apartment,23.0676665,72.5721746,24600000.0
1215,3,Apartment,23.0169268,72.5204317,15000000.0
2025,3,Apartment,23.0169268,72.5204317,16800000.0
1440,3,Apartment,23.0169268,72.5204317,10500000.0
1665,3,Apartment,23.0169268,72.5204317,16500000.0
1215,3,Apartment,23.0810804,72.6819875,4556000.0
916,3,Apartment,23.0810804,72.6819875,7500000.0
1620,3,Apartment,23.0687402,72.6734956,5500000.0
1350,3,Apartment,23.0687402,72.6734956,5100000.0
821,3,Apartment,23.0810804,72.6819875,6500000.0
1420,3,Apartment,23.0687402,72.6734956,4400000.0
1350,3,Apartment,23.0687402,72.6734956,4700000.0
2600,3,Villa,23.1109557,72.5539974,9000000.0
2403,3,Apartment,23.0111491,72.5132562,28000000.0
2272,3,Apartment,23.2145657,72.6856816,25000000.0
3150,3,Apartment,23.0227526,72.5383118,26000000.0
3000,3,Villa,23.0227526,72.5383118,26500000.0
2781,3,Apartment,23.0227526,72.5383118,26000000.0
2835,3,Apartment,23.0445921,72.517344,25200000.0
2816,3,Apartment,23.0676665,72.5721746,25000000.0
2847,3,Apartment,23.0445921,72.517344,25099999.999999996
3403,3,Apartment,23.0227526,72.5383118,27200000.000000004
2847,3,Apartment,23.0445921,72.517344,25299999.999999996
1485,3,Apartment,23.0169268,72.5204317,25000000.0
2847,3,Apartment,23.0445921,72.517344,24000000.0
3330,3,Villa,23.0227526,72.5383118,24900000.000000004
3240,3,Apartment,23.0445921,72.517344,24000000.0
2000,3,Apartment,23.0445921,72.517344,24000000.0
2295,3,Apartment,23.0227526,72.5383118,23000000.0
3150,3,Apartment,23.0227526,72.5383118,23500000.0
2847,3,Apartment,23.0445921,72.517344,23000000.0
2800,3,Villa,23.0676665,72.5721746,23000000.0
3231,3,Villa,23.0227526,72.5383118,29000000.0
1314,3,Apartment,23.0000258,72.5051405,20000000.0
2295,3,Apartment,23.0227526,72.5383118,22500000.0
2775,3,Apartment,23.0227526,72.5383118,22500000.0
2847,3,Apartment,23.0445921,72.517344,21900000.0
3500,3,Villa,23.0227526,72.5383118,22500000.0
1881,3,Apartment,23.0000258,72.5051405,22000000.0
2295,3,Apartment,23.0227526,72.5383118,22000000.0
3500,4,Apartment,23.0360509,72.5611735,24000000.0
2412,3,Apartment,23.0674161,72.5827507,17200000.0
2250,3,Apartment,23.0674161,72.5827507,16000000.0
1065,3,Apartment,23.0674161,72.5827507,16000000.0
300,3,Apartment,23.0360509,72.5611735,15000000.0
1719,3,Apartment,23.0674161,72.5827507,14000000.0
2390,3,Apartment,23.2125309,72.684767,7500000.0
1372,3,Apartment,23.1109557,72.5539974,7000000.0
3120,3,Apartment,23.0676665,72.5721746,17100000.0
1603,3,Apartment,23.0676665,72.5721746,17500000.0
1760,3,Apartment,23.0516973,72.535169,11500000.0
2981,3,Apartment,23.0359998,72.5643429,21000000.0
1575,3,Apartment,23.1029664,72.6335825,13000000.0
1333,3,Apartment,23.0111491,72.5132562,11000000.0
2200,3,Apartment,23.0226117,72.5490834,10000000.0
1450,3,Apartment,23.0111491,72.5132562,12500000.0
1800,3,Apartment,23.0577155,72.5343367,12500000.0
1125,3,Apartment,23.0111491,72.5132562,7500000.0
1855,3,Apartment,23.0676665,72.5721746,10500000.0
1332,3,Apartment,23.0111491,72.5132562,10000000.0
1800,3,Apartment,23.0111491,72.5132562,17200000.0
1530,3,Apartment,23.0111491,72.5132562,13000000.0
1575,3,Apartment,23.0169268,72.5204317,16000000.0
2394,3,Apartment,23.0048635,72.598021,27000000.0
1665,3,Apartment,23.0169268,72.5204317,12500000.0
1672,3,Apartment,23.0567133,72.5508575,13100000.0
1250,3,Apartment,23.0169268,72.5204317,16500000.0
1710,3,Apartment,23.0169268,72.5204317,17100000.0
2700,3,Apartment,23.0265739,72.5489628,21000000.0
2400,3,Apartment,23.042497,72.547834,18000000.0
2700,3,Villa,23.0169268,72.5204317,11000000.0
1320,3,Apartment,23.0485393,72.511742,25500000.0
1485,3,Apartment,23.1388216,72.5499358,9200000.0
2100,3,Apartment,22.8978633,72.2135675,18000000.0
1790,3,Apartment,23.2145657,72.6856816,13000000.0
2625,3,Apartment,23.0226117,72.5490834,15000000.0
1512,3,Apartment,23.0516973,72.535169,11000000.0
1980,3,Apartment,23.2120774,72.6859769,12500000.0
1260,3,Apartment,23.0226117,72.5490834,7300000.0
2400,3,Apartment,23.0227526,72.5383118,21000000.0
2125,3,Apartment,23.0516973,72.535169,13200000.0
2259,3,Apartment,23.0516973,72.535169,12700000.0
2025,3,Apartment,22.8978633,72.2135675,16000000.0
2185,3,Apartment,23.017704,72.4696021,17500000.0
1998,3,Apartment,23.2145657,72.6856816,13000000.0
2025,3,Apartment,23.0457058,72.5268056,12100000.0
1890,3,Apartment,23.2145657,72.6856816,11100000.000000002
1575,3,Apartment,23.0359998,72.5643429,18000000.0
2000,3,Apartment,23.0366663,72.5492165,20000000.0
2358,3,Apartment,23.0516973,72.535169,14100000.0
1980,3,Apartment,23.2145657,72.6856816,16100000.000000002
1323,3,Apartment,23.0111491,72.5132562,11500000.0
1665,3,Apartment,22.968738,72.6513756,12500000.0
1400,3,Apartment,23.0516973,72.535169,8800000.0
1287,3,Apartment,23.0169268,72.5204317,11000000.0
2268,3,Apartment,23.0265739,72.5489628,15000000.0
1800,3,Apartment,23.0457058,72.5268056,12500000.0
1125,3,Apartment,23.0226117,72.5490834,8500000.0
1728,3,Apartment,23.0516973,72.535169,9500000.0
2100,3,Apartment,23.0901711,72.6504536,13700000.000000002
2300,3,Apartment,23.0567133,72.5508575,14500000.0
2043,3,Apartment,23.0500997,72.5338753,13899999.999999998
2493,3,Apartment,23.0104035,72.5318563,21000000.0
1440,3,Apartment,23.0130528,72.5246496,11000000.0
1395,3,Villa,23.0111491,72.5132562,8199999.999999999
1665,3,Apartment,23.0255831,72.5691076,9000000.0
1620,3,Apartment,23.0226117,72.5490834,8000000.0
1200,3,Apartment,23.0457058,72.5268056,7000000.0
1076,3,Apartment,23.045928,72.5348776,7100000.0
2109,3,Apartment,23.0111491,72.5132562,10500000.0
1440,3,Villa,23.0631171,72.5255748,14000000.0
1815,3,Apartment,23.0111491,72.5132562,19900000.0
2450,3,Apartment,23.0264639,72.5607382,25000000.0
1485,3,Apartment,23.0631171,72.5255748,11000000.0
1500,3,Apartment,23.0156527,72.5301088,13500000.0
1700,3,Apartment,23.2145657,72.6856816,7800000.0
1509,3,Apartment,23.1655503,72.8133323,11000000.0
1188,3,Apartment,23.0516973,72.535169,9800000.0
1440,3,Apartment,23.0257511,72.558716,8500000.0
1980,3,Apartment,23.2120774,72.6859769,12500000.0
1683,3,Apartment,23.0226117,72.5490834,6500000.0
1260,3,Apartment,23.2145657,72.6856816,6200000.0
1836,3,Apartment,23.1170709,72.6283409,10500000.0
1305,3,Apartment,23.2145657,72.6856816,9000000.0
2700,3,Apartment,23.2145657,72.6856816,17000000.0
1485,3,Villa,23.0111491,72.5132562,13000000.0
1710,3,Apartment,23.2145657,72.6856816,12500000.0
1971,3,Apartment,23.0226117,72.5490834,16000000.0
1350,3,Apartment,23.0255831,72.5691076,8500000.0
1755,3,Apartment,23.0226117,72.5490834,12000000.0
1700,3,Apartment,23.0604301,72.6537943,6500000.0
2093,3,Apartment,22.8978633,72.2135675,18500000.0
1485,3,Apartment,23.0398447,72.6298154,10000000.0
1850,3,Apartment,23.0111491,72.5132562,19000000.0
1800,3,Apartment,23.2120774,72.6859769,13000000.0
1575,3,Apartment,23.0271267,72.5226289,9500000.0
1080,3,Apartment,23.0839289,72.6785883,10000000.0
1620,3,Villa,23.0326231,72.5709891,9000000.0
1125,3,Apartment,23.2120774,72.6859769,7800000.0
1305,3,Apartment,23.0516973,72.535169,9000000.0
2205,3,Apartment,23.0366663,72.5492165,17000000.0
1305,3,Apartment,23.2120774,72.6859769,6800000.000000001
2016,3,Apartment,23.045928,72.5348776,8199999.999999999
1500,3,Apartment,23.0839289,72.6785883,7700000.0
1100,3,Apartment,23.1071309,72.5856397,6500000.0
882,2,Apartment,23.1071309,72.5856397,3100000.0
620,2,Apartment,23.1071309,72.5856397,4600000.0
1125,2,Apartment,23.1071309,72.5856397,4300000.0
1224,2,Apartment,23.1071309,72.5856397,3700000.0
1170,2,Apartment,23.1071309,72.5856397,5300000.0
1290,2,Apartment,23.1071309,72.5856397,4000000.0
1125,2,Apartment,23.1071309,72.5856397,3200000.0
1215,2,Apartment,23.1071309,72.5856397,4500000.0
945,2,Apartment,23.1071309,72.5856397,3600000.0
2250,4,Villa,23.1071309,72.5856397,6000000.0
2268,4,Apartment,23.1071309,72.5856397,5500000.0
1305,2,Apartment,23.1071309,72.5856397,3350000.0
1200,2,Apartment,23.1071309,72.5856397,3800000.0
654,1,Apartment,23.1071309,72.5856397,2500000.0
1215,2,Apartment,23.1071309,72.5856397,4800000.0
4410,3,Apartment,23.057541,72.5435085,24500000.0
3726,3,Apartment,23.0967876,72.5966689,13801000.000000002
1800,2,Apartment,23.021803,72.4747707,6800000.000000001
3877,3,Apartment,23.0169268,72.5204317,20001000.000000004
1800,2,Apartment,23.081994,72.5519258,6300000.0
4410,3,Apartment,23.057541,72.5435085,24500000.0
3726,3,Apartment,23.0967876,72.5966689,13801000.000000002
1800,2,Apartment,23.021803,72.4747707,6800000.000000001
1800,2,Apartment,23.081994,72.5519258,6300000.0
4075,3,Apartment,23.0107147,72.4429208,20099999.999999996
10201,4,Apartment,23.0485393,72.511742,85000000.0
6912,4,Apartment,23.1589328,72.5380315,60000000.0
3406,4,Apartment,23.1360943,72.5425805,25501000.0
3121,3,Apartment,23.021803,72.4747707,24800000.0
866,2,Apartment,23.0107147,72.4429208,6575000.0
1104,2,Apartment,23.1589328,72.5380315,8800000.0
2365,3,Apartment,23.1589328,72.5380315,28200000.0
2160,3,Apartment,23.0445921,72.517344,35000000.0
3346,4,Apartment,23.0417971,72.4911758,54500000.0
10920,3,Apartment,23.057541,72.5435085,15201000.0
2879,3,Apartment,22.996342,72.5043085,20599000.0
871,2,Apartment,23.1358111,72.5818846,6881000.0
1593,3,Apartment,23.119848,72.5152135,16500000.0
6326,4,Apartment,23.0107147,72.4429208,26797000.0
3170,3,Apartment,23.0535306,72.4934085,21600000.0
979,2,Apartment,22.9317728,72.5749418,4951000.0
1154,2,Apartment,23.1646919,72.5821046,7015000.0
4059,3,Apartment,23.0774129,72.4943545,16198999.999999998
7288,4,Apartment,23.0535306,72.4934085,89599000.0
4393,4,Apartment,23.1701591,72.526586,61001000.0
3843,3,Apartment,23.0774129,72.4943545,25600000.0
11090,4,Apartment,23.0796581,72.4947377,100800000.0
3785,4,Apartment,23.0544372,72.4720756,40000000.0
933,2,Apartment,23.1283467,72.558657,6825000.0
2015,3,Apartment,23.1010002,72.5408363,12799000.0
3120,3,Apartment,23.0567133,72.5508575,17101000.0
882,2,Apartment,22.9969634,72.633455,6118000.0
4833,4,Apartment,23.0544372,72.4720756,80300000.0
1566,3,Apartment,23.081994,72.5519258,16399999.999999998
945,1,Apartment,23.0847978,72.5512141,3500000.0
820,2,Apartment,23.0232163,72.4708784,7500000.0
2731,3,Apartment,22.996342,72.5043085,13899999.999999998
3897,3,Apartment,23.107121,72.5848584,18200000.0
811,2,Apartment,23.0107147,72.4429208,5130000.0
1500,2,Apartment,22.983483,72.5007203,5550000.000000001
4215,4,Apartment,23.0535306,72.4934085,89000000.0
10500,4,Villa,23.1589328,72.5380315,80000000.0
1053,2,Apartment,23.0232163,72.4708784,9072000.0
846,2,Apartment,23.1110532,72.5619714,7128000.0
802,2,Apartment,23.0232163,72.4708784,7344000.000000001
1603,5,Apartment,23.1183825,72.6213211,6995000.0
6156,3,Apartment,23.1360943,72.5425805,11499000.0
862,2,Apartment,23.0232163,72.4708784,5625000.0
2142,2,Apartment,23.081994,72.5519258,9460000.0
853,2,Apartment,23.107121,72.5848584,7900000.0
1505,2,Apartment,23.0107147,72.4429208,7200000.0
1602,3,Apartment,23.0544372,72.4720756,26000000.0
866,2,Apartment,23.0111491,72.5132562,5200000.0
1170,5,Apartment,23.2397411,72.5008647,5699000.0
3562,4,Apartment,23.0796581,72.4947377,53200000.0
852,2,Apartment,22.9969634,72.633455,9500000.0
2401,3,Apartment,23.0868734,72.4835036,31400000.0
834,1,Apartment,23.0232163,72.4708784,11000000.0
2094,3,Apartment,23.0107147,72.4429208,16800000.0
1980,2,Apartment,23.0854097,72.6580946,5229000.0
4254,4,Apartment,22.9935397,72.470143,28000000.0
1485,5,Apartment,23.0591062,72.5227898,8999000.0
856,2,Apartment,23.107121,72.5848584,7500000.0
877,2,Apartment,23.0810804,72.6819875,7400000.0
917,2,Apartment,22.9948656,72.6624431,6100000.0
6124,5,Apartment,23.0544372,72.4720756,55098000.0
5407,4,Apartment,23.0012666,72.5877721,32442000.000000004
1188,5,Apartment,23.1655503,72.8133323,9200000.0
1350,5,Apartment,22.9790982,72.4584095,8500000.0
775,5,Apartment,23.0271267,72.5226289,6833000.0
2438,2,Villa,23.0147236,72.4708066,12544000.0
2845,3,Apartment,23.0106847,72.5099278,24953000.0
2925,4,Villa,22.9948656,72.6624431,27501000.000000004
925,4,Villa,23.0733482,72.6414952,5800000.0
2367,5,Apartment,23.2125309,72.684767,9499000.0
792,2,Apartment,23.0901711,72.6504536,5966000.0
4410,3,Apartment,23.057541,72.5435085,24500000.0
3726,3,Apartment,23.0967876,72.5966689,13801000.000000002
1800,2,Apartment,23.0232163,72.4708784,6800000.000000001
1800,2,Apartment,23.081994,72.5519258,6300000.0
4075,3,Apartment,23.0107147,72.4429208,20099999.999999996
6912,5,Apartment,23.1360943,72.5425805,60000000.0
3406,5,Apartment,23.1360943,72.5425805,25501000.0
10201,5,Apartment,23.0485393,72.511742,85000000.0
3121,3,Apartment,23.0232163,72.4708784,24800000.0
866,2,Apartment,23.0107147,72.4429208,6575000.0
1104,2,Apartment,23.1589328,72.5380315,8800000.0
2365,3,Apartment,23.1589328,72.5380315,28200000.0
2160,3,Apartment,23.0445921,72.517344,35000000.0
11090,5,Apartment,23.0796581,72.4947377,100800000.0
10920,3,Apartment,23.057541,72.5435085,15201000.0
2879,3,Apartment,22.996342,72.5043085,20599000.0
871,2,Apartment,23.1358111,72.5818846,6881000.0
1593,3,Apartment,23.119848,72.5152135,16500000.0
6326,5,Apartment,23.0107147,72.4429208,26797000.0
979,2,Apartment,22.9317728,72.5749418,4951000.0
1154,2,Apartment,23.1646919,72.5821046,7015000.0
4059,3,Apartment,23.0774129,72.4943545,16198999.999999998
4393,5,Apartment,23.1360943,72.5425805,61001000.0
7288,5,Apartment,23.0535306,72.4934085,89599000.0
3843,3,Apartment,23.0835653,72.4994023,25600000.0
3170,3,Apartment,23.0111491,72.5132562,21600000.0
3785,5,Apartment,23.0544372,72.4720756,40000000.0
933,2,Apartment,23.1283467,72.558657,6825000.0
2015,3,Apartment,23.1010002,72.5408363,12799000.0
3346,4,Apartment,23.0417971,72.4911758,54500000.0
2708,5,Apartment,23.1998916,72.6637473,39986000.0
4950,5,Villa,23.1589328,72.5380315,74997000.0
4734,5,Villa,23.1662912,72.5370072,38497000.0
5500,5,Apartment,23.1709715,72.5325602,38500000.0
1045,2,Apartment,23.0686992,72.6185497,9499000.0
1070,2,Apartment,23.0686992,72.6185497,9999000.0
3108,4,Apartment,23.0051587,72.4568468,19270000.0
4050,5,Apartment,23.0839289,72.6785883,31497000.0
3200,3,Apartment,23.0781985,72.4929937,26000000.0
6315,5,Apartment,23.1998916,72.6637473,90885000.0
3250,5,Apartment,23.1662912,72.5370072,28499000.0
1080,3,Apartment,23.1602905,72.5410997,6899000.0
2510,4,Apartment,23.1662912,72.5370072,19498000.0
1350,5,Apartment,23.1602905,72.5410997,8199999.999999999
2335,4,Apartment,23.2125309,72.684767,15698000.0
5241,5,Villa,23.0544372,72.4720756,37735000.0
10800,3,Villa,23.0215374,72.5800568,119999000.0
3260,3,Villa,23.038676,72.5596366,15097000.0
3250,5,Apartment,23.1589328,72.5380315,28499000.0
1291,3,Apartment,23.0544372,72.4720756,10924000.0
3222,5,Villa,22.9916028,72.4725776,14857000.0
2385,5,Villa,22.9916028,72.4725776,10996999.999999998
864,5,Apartment,23.1589328,72.5380315,9500000.0
6912,4,Apartment,23.1589328,72.5380315,60000000.0
3406,4,Apartment,23.1360943,72.5425805,25501000.0
1800,2,Apartment,23.0485393,72.511742,38500000.0
6912,4,Apartment,23.1360943,72.5425805,48500000.0
3406,4,Apartment,23.1360943,72.5425805,25501000.0
10201,4,Apartment,23.0485393,72.511742,43000000.0
3121,3,Apartment,23.0232163,72.4708784,15100000.0
11090,4,Apartment,23.0796581,72.4947377,100800000.0
10920,3,Apartment,23.057541,72.5435085,15201000.0
2879,3,Apartment,23.1153559,72.5366513,20599000.0
5100,3,Apartment,23.0233196,72.4087089,9900000.0
6326,4,Apartment,23.0107147,72.4429208,26797000.0
4393,4,Apartment,23.1360943,72.5425805,61001000.0
7288,4,Apartment,23.0535306,72.4934085,89599000.0
3785,4,Apartment,23.0544372,72.4720756,25000000.0
4833,4,Apartment,23.0544372,72.4720756,45000000.0
2969,4,Apartment,23.1010002,72.5408363,21899000.0
4215,4,Apartment,23.0535306,72.4934085,89000000.0
10500,4,Villa,23.1360943,72.5425805,80000000.0
6156,3,Apartment,23.1360943,72.5425805,11499000.0
3562,4,Apartment,23.0796581,72.4947377,35900000.0
6790,4,Apartment,23.0445921,72.517344,124997000.0
6120,4,Villa,23.1662912,72.5370072,48997000.0
7452,4,Apartment,23.0445921,72.517344,74520000.0
7740,4,Apartment,23.0445921,72.517344,77400000.0
6585,4,Villa,23.027383,72.4893505,55972000.0
3312,8,Villa,23.0069624,72.5440056,18501000.0
2295,4,Villa,23.0079064,72.5174367,45000000.0
10818,4,Villa,23.0535306,72.4934085,51007000.0
5310,4,Villa,23.0485393,72.511742,59997999.99999999
6561,4,Apartment,23.0519597,72.6410178,48000000.0
3798,4,Apartment,23.0535306,72.4934085,29700000.000000004
4100,4,Apartment,23.1201139,72.6251307,13496999.999999998
4393,4,Apartment,23.1701591,72.526586,61001000.0
11090,4,Apartment,23.0796581,72.4947377,100800000.0
1855,2,Apartment,23.0567133,72.5508575,10499000.0
1818,2,Apartment,22.9948656,72.6624431,5950000.0
3240,3,Apartment,23.081994,72.5519258,15500000.0
6326,4,Apartment,23.0107147,72.4429208,26797000.0
3900,3,Apartment,23.0232163,72.4708784,39998000.0
6975,4,Villa,22.9817968,72.4535416,57997000.0
3700,5,Apartment,23.0535306,72.4934085,31998000.000000004
3650,5,Apartment,23.1589328,72.5380315,36000000.0
3250,5,Apartment,23.1589328,72.5380315,27999000.0
3121,3,Apartment,23.0107147,72.4429208,19397000.0
3800,3,Apartment,23.0535306,72.4934085,35097000.0
1140,3,Apartment,23.0107627,72.5029102,6000000.0
2070,5,Villa,23.0323222,72.4691519,17500000.0
675,3,Apartment,23.2125309,72.684767,5500000.0
6560,5,Villa,23.1701591,72.526586,49200000.0
1280,3,Apartment,23.011445,72.5864365,6899000.0
1936,4,Apartment,23.081994,72.5519258,12100000.0
2335,4,Apartment,23.2125309,72.684767,16499000.0
3640,5,Apartment,23.1662912,72.5370072,33499000.0
3780,5,Apartment,23.1662912,72.5370072,32999000.0
3550,5,Apartment,23.1589328,72.5380315,36998000.0
3250,5,Apartment,23.1589328,72.5380315,32500000.0
5670,4,Villa,23.0232163,72.4708784,62999000.0
4130,5,Apartment,22.9824283,72.4590034,26845000.0
5750,5,Apartment,23.1153559,72.5366513,60375000.0
1200,2,Apartment,22.969366,72.3045954,15000000.0
5472,5,Apartment,23.0474527,72.5616422,65664000.0
2645,4,Apartment,23.1010002,72.5408363,14019000.0
7403,4,Villa,23.027383,72.4893505,62926000.0
2700,5,Villa,23.217789,72.667326,20498000.0
2367,4,Villa,22.9645191,72.4704112,21199000.0
1618,3,Apartment,23.1852929,72.573897,24996000.0
2050,4,Apartment,23.0328924,72.5604427,10900000.0
8955,4,Villa,22.9223318,72.3628172,37504000.0
3400,3,Apartment,23.0485393,72.511742,38998000.0
3800,5,Apartment,23.0181819,72.4681909,26497000.0
2360,4,Villa,23.1010002,72.5408363,12036000.0
1800,5,Villa,23.1429051,72.5392248,22500000.0
3510,3,Villa,23.0231795,72.4711881,58501000.0
1980,2,Apartment,23.1010002,72.5408363,11001000.0
4130,5,Apartment,22.9824283,72.4590034,22715000.0
2211,5,Apartment,23.1109557,72.5539974,12998000.0
3318,3,Apartment,23.0244466,72.5589826,15595000.000000002
1162,3,Apartment,23.0132056,72.4535011,5038000.0
4380,5,Villa,23.027383,72.4893505,37230000.0
3868,5,Villa,23.027383,72.4893505,32878000.0
3318,3,Apartment,22.9876402,72.4714282,15598000.0
3000,5,Apartment,23.0195503,72.4687169,75000000.0
2790,4,Villa,23.1358111,72.5818846,24998000.0
2475,5,Apartment,23.0145531,72.5635432,14998000.0
1440,3,Apartment,23.1358111,72.5818846,5598999.999999999
10201,4,Apartment,23.0485393,72.511742,85000000.0
10920,3,Apartment,23.057541,72.5435085,15201000.0
7288,4,Apartment,23.0535306,72.4934085,89599000.0
882,2,Apartment,22.9969634,72.633455,6400000.0
11090,4,Apartment,23.0796581,72.4947377,100800000.0
2196,3,Villa,23.0774129,72.4943545,36998000.0
5850,3,Apartment,23.0774129,72.4943545,64999000.0
1618,3,Apartment,23.057541,72.5435085,24996000.0
10080,5,Apartment,23.0774129,72.4943545,94994000.0
2879,3,Apartment,22.996342,72.5043085,20599000.0
1170,4,Villa,23.0386182,72.5615846,6501000.0
1350,5,Apartment,23.0063315,72.536517,15499000.0
1485,2,Apartment,23.2478221,72.4852775,5800000.0
1980,3,Apartment,23.0434823,72.6810611,8599000.0
1500,4,Villa,23.0434823,72.6810611,30999000.0
342,2,Apartment,23.017704,72.4696021,3000000.0
2403,4,Apartment,23.107121,72.5848584,35000000.0
4590,3,Apartment,23.0749393,72.6424444,20655000.0
1260,5,Apartment,23.1100643,72.5811205,5598999.999999999
1440,4,Villa,23.298153,72.3397926,13000000.0
765,5,Apartment,23.0839289,72.6785883,3650000.0
1620,2,Apartment,23.107121,72.5848584,6700000.0
774,5,Apartment,23.107121,72.5848584,2900000.0
1521,3,Apartment,22.969366,72.3045954,5351000.0
1413,3,Apartment,22.969366,72.3045954,4951000.0
2070,4,Apartment,23.0854097,72.6580946,10499000.0
1260,3,Villa,23.237247,72.4976576,5500000.0
1080,2,Apartment,23.0839289,72.6785883,3499000.0
1323,2,Apartment,23.0839289,72.6785883,7999000.000000001
2718,2,Apartment,23.0839289,72.6785883,17001000.0
2100,2,Apartment,22.9978049,72.6113755,7499000.0
880,5,Apartment,23.0787426,72.6681866,4199000.0
2952,6,Villa,22.9986596,72.6114013,28000000.0
1000,2,Villa,23.0215374,72.5800568,7000000.0
4928,5,Apartment,23.0501392,71.9787097,33264000.0
3132,5,Apartment,23.0360509,72.5611735,31098000.0
1629,5,Apartment,23.0227526,72.5383118,30000000.0
4158,4,Villa,23.0556364,72.5965538,38000000.0
720,1,Apartment,23.0556364,72.5965538,16100000.000000002
1100,5,Villa,23.0056298,72.5231013,9500000.0
1766,5,Apartment,23.1153559,72.5366513,27986000.0
2080,4,Apartment,23.0284244,72.552161,16499000.0
1790,2,Apartment,23.0244466,72.5589826,24226000.0
3050,6,Apartment,23.0674161,72.5827507,19999000.0
527,5,Apartment,23.1109557,72.5539974,5950000.0
1380,5,Apartment,23.1043633,72.5493536,7800000.0
775,1,Apartment,23.2145657,72.6856816,4200000.0
572,5,Apartment,23.1109557,72.5539974,5427000.0
1200,1,Villa,23.0766234,72.5764197,4000000.0
2880,3,Villa,23.0766234,72.5764197,17297000.0
900,3,Villa,22.9519183,72.6113595,5999000.0
364,2,Apartment,22.9589978,72.6297981,699000.0
1130,5,Apartment,22.9618841,72.6078789,2500000.0
4950,4,Villa,23.1429051,72.5392248,42699000.0
1250,2,Apartment,23.0101298,72.4592167,6500000.0
1860,4,Apartment,23.0107147,72.4429208,7799000.0
4254,4,Apartment,23.04711,72.527537,28000000.0
4518,4,Apartment,23.0215374,72.5800568,27496999.999999996
1434,2,Apartment,23.0107147,72.4429208,7500000.0
2990,3,Apartment,23.04711,72.527537,16296000.0
2990,3,Apartment,23.017704,72.4696021,15727000.0
7066,5,Apartment,22.9824283,72.4590034,42396000.0
1590,2,Apartment,23.0107147,72.4429208,7300000.0
1340,2,Apartment,23.0012666,72.5877721,7500000.0
3010,3,Apartment,23.0546669,72.6392596,15498000.0
2160,4,Apartment,23.0107147,72.4429208,10800000.0
3200,3,Apartment,23.0328924,72.5604427,14000000.0
1200,5,Villa,23.0169268,72.5204317,11500000.0
2800,2,Villa,23.0169268,72.5204317,39998000.0
600,3,Apartment,23.0169268,72.5204317,2950000.0
1350,3,Apartment,23.0169268,72.5204317,7499000.0
600,5,Apartment,23.2423717,72.6955764,6000000.0
546,1,Apartment,23.0868734,72.4835036,4025000.0000000005
1125,5,Apartment,23.0457058,72.5268056,7800000.0
2160,3,Apartment,23.0457058,72.5268056,13098000.0
2925,5,Villa,23.1153559,72.5366513,69273000.0
1080,2,Apartment,23.2351852,72.4928697,6551000.0
846,1,Apartment,23.0111491,72.5132562,4000000.0
4752,9,Villa,23.0145531,72.5635432,52999000.0
1025,5,Apartment,23.0111491,72.5132562,3550000.0
1350,5,Apartment,22.9790982,72.4584095,8350000.0
1427,5,Apartment,23.1589328,72.5380315,8249000.0
1145,5,Apartment,23.1589328,72.5380315,6798999.999999999
3785,4,Apartment,23.0544372,72.4720756,40000000.0
5400,4,Villa,23.0839289,72.6785883,80001000.0
5400,6,Apartment,23.0485393,72.511742,96995000.0
3852,5,Villa,23.0485393,72.511742,69001000.0
2322,4,Apartment,23.0485393,72.511742,36500000.0
1170,3,Apartment,23.0485393,72.511742,7490000.0
2442,4,Apartment,23.0485393,72.511742,21490000.0
3312,8,Villa,23.0649034,72.5268918,18501000.0
1584,4,Apartment,23.1081937,72.5328119,14614000.0
836,2,Apartment,22.9948656,72.6624431,5600000.000000001
945,1,Villa,22.9948656,72.6624431,8999000.0
1100,5,Villa,23.0056298,72.5231013,9500000.0
2000,1,Villa,23.0676665,72.5721746,9000000.0
800,2,Apartment,22.9811295,72.6012948,6899999.999999999
1450,1,Villa,22.9949449,72.5885536,5100000.0
2100,2,Apartment,22.9978049,72.6113755,7499000.0
3050,6,Apartment,23.2145657,72.6856816,19999000.0
1200,3,Villa,23.0674161,72.5827507,15000000.0
1008,4,Apartment,23.022616,72.5819947,4500000.0
1485,5,Apartment,22.996342,72.5043085,8999000.0
1382,3,Apartment,23.081994,72.5519258,15000000.0
2070,4,Apartment,23.0854097,72.6580946,10499000.0
2367,5,Apartment,23.0434823,72.6810611,9499000.0
1584,4,Apartment,22.9948656,72.6624431,14614000.0
3897,4,Apartment,23.107121,72.5848584,18200000.0
853,2,Apartment,23.107121,72.5848584,6200000.0
856,2,Apartment,23.107121,72.5848584,7500000.0
1620,2,Apartment,23.107121,72.5848584,5100000.0
1800,2,Apartment,23.0232163,72.4708784,5200000.0
862,2,Apartment,23.0232163,72.4708784,5625000.0
852,2,Apartment,23.0232163,72.4708784,9500000.0
2400,4,Apartment,23.1709715,72.5325602,21271000.0
1375,5,Apartment,23.0195503,72.4687169,8000000.0
1566,2,Apartment,23.0232163,72.4708784,6200000.0
1800,2,Apartment,23.081994,72.5519258,6300000.0
1382,4,Apartment,23.081994,72.5519258,15000000.0
846,2,Apartment,23.1110532,72.5619714,7128000.0
2020,4,Apartment,23.1010002,72.5408363,24000000.0
3150,4,Apartment,23.1010002,72.5408363,15400000.0
3240,4,Apartment,23.081994,72.5519258,15500000.0
1409,4,Apartment,23.1010002,72.5408363,14200000.0
6156,4,Apartment,23.1360943,72.5425805,11499000.0
2050,4,Villa,23.1010002,72.5408363,10455000.000000002
2021,2,Apartment,23.1010002,72.5408363,12500000.0
800,2,Apartment,23.1360943,72.5425805,6500000.0
1354,5,Apartment,23.0315303,72.534672,8999000.0
1260,5,Apartment,23.1010002,72.5408363,15999000.000000002
3120,4,Apartment,23.0676665,72.5721746,17101000.0
1603,4,Apartment,23.0676665,72.5721746,19800000.0
1125,5,Apartment,23.0111491,72.5132562,7800000.0
1855,2,Apartment,23.0676665,72.5721746,10499000.0
1260,2,Apartment,23.0226117,72.5490834,7300000.0
1188,5,Apartment,23.0516973,72.535169,9800000.0
2093,5,Apartment,22.8978633,72.2135675,18998000.0
6912,5,Apartment,23.1589328,72.5380315,160000000.0
3121,4,Apartment,23.021803,72.4747707,42800000.0
10920,4,Apartment,23.057541,72.5435085,15201000.0
2879,4,Apartment,22.996342,72.5043085,20599000.0
11090,5,Apartment,23.0796581,72.4947377,45801999.99999999
10500,5,Villa,23.1589328,72.5380315,80000000.0
6156,4,Apartment,23.1360943,72.5425805,11499000.0
6912,6,Apartment,23.1360943,72.5425805,160000000.0
3121,5,Apartment,23.0232163,72.4708784,42800000.0
11090,6,Apartment,23.0796581,72.4947377,45801999.99999999
10920,5,Apartment,23.057541,72.5435085,15201000.0
2879,5,Apartment,22.996342,72.5043085,20599000.0
2510,5,Apartment,23.1662912,72.5370072,19498000.0
6912,5,Apartment,23.1589328,72.5380315,160000000.0
6912,6,Apartment,23.1360943,72.5425805,160000000.0
3121,4,Apartment,23.0232163,72.4708784,24800000.0
10920,4,Apartment,23.057541,72.5435085,15201000.0
2879,4,Apartment,23.1153559,72.5366513,20599000.0
5100,4,Apartment,23.0233196,72.4087089,23001000.0
10500,6,Villa,23.1360943,72.5425805,80000000.0
11090,5,Apartment,23.0796581,72.4947377,45801999.99999999
3318,6,Apartment,22.9876402,72.4714282,15598000.0
10920,4,Apartment,23.057541,72.5435085,15201000.0
11090,5,Apartment,23.0796581,72.4947377,45801999.99999999
10920,4,Apartment,23.057541,72.5435085,15201000.0
2879,4,Apartment,22.996342,72.5043085,20599000.0
5400,7,Apartment,23.0485393,72.511742,96995000.0
6156,5,Apartment,23.1360943,72.5425805,11499000.0
